L,N,N_test,boundary_point_ind,center_G,center_pred,closest_point_ind,data_kwargs,data_sim_func,error_sd,level,model_kwargs_l,models_l,n_boot,p,use_true_contour,contain,contain_scb,contain_CS_scb,Lower_bound,Upper_bound,L1,L2,U1,U2,points_in_e1,inner_points_num,outer_points_num,true_set_points_up_num,true_set_points_low_num,precision_inner,sensitivity_inner,precision_outer,sensitivity_outer,method
0.9,100,500,False,True,False,False,"{'transform_func': <function transform_X at 0x7f496a613370>, 'beta': array([1, 2, 3, 4]), 'uniform_range_x': [-2, 2]}",<function generate_sim_data at 0x7f4967c62050>,1,0,"[{'n_iter': 200, 'patience': 100, 'input_size': 1, 'h_sizes': [40, 40]}]",[<class 'models.NueralNet'>],300,1,False,True,True,True,0.9000000000000341,0.9366666666666666,0.8066666666666666,0.9000000000000341,0.9366666666666666,0.99,7.0,251,322,274,226,1.0,0.916058394160584,1.0,0.7876106194690266,CS_on_mean
0.9,100,500,False,True,False,False,"{'transform_func': <function transform_X at 0x7f496a613370>, 'beta': array([1, 2, 3, 4]), 'uniform_range_x': [-2, 2]}",<function generate_sim_data at 0x7f4967c62050>,1,0,"[{'n_iter': 200, 'patience': 100, 'input_size': 1, 'h_sizes': [40, 40]}]",[<class 'models.NueralNet'>],300,1,False,False,,,0.9,,,,,,,260,311,274,226,0.9884615384615385,0.9379562043795621,1.0,0.8362831858407079,naive_on_mean
0.9,100,500,False,True,False,False,"{'transform_func': <function transform_X at 0x7f496a613370>, 'beta': array([1, 2, 3, 4]), 'uniform_range_x': [-2, 2]}",<function generate_sim_data at 0x7f4967c62050>,1,0,"[{'n_iter': 200, 'patience': 100, 'input_size': 1, 'h_sizes': [40, 40]}]",[<class 'models.NueralNet'>],300,1,False,True,True,True,0.9000000000000341,0.9766666666666667,0.8500000000000001,0.9000000000000341,0.9766666666666667,0.9966666666666667,39.0,169,408,273,227,1.0,0.6190476190476191,1.0,0.40528634361233484,CS_on_y
0.9,100,500,False,True,False,False,"{'transform_func': <function transform_X at 0x7f496a613370>, 'beta': array([1, 2, 3, 4]), 'uniform_range_x': [-2, 2]}",<function generate_sim_data at 0x7f4967c62050>,1,0,"[{'n_iter': 200, 'patience': 100, 'input_size': 1, 'h_sizes': [40, 40]}]",[<class 'models.NueralNet'>],300,1,False,False,,,0.9,,,,,,,212,356,273,227,0.9952830188679245,0.7728937728937729,1.0,0.6343612334801763,naive_on_y
0.9,100,500,False,True,False,False,"{'transform_func': <function transform_X at 0x7f496a613370>, 'beta': array([1, 2, 3, 4]), 'uniform_range_x': [-2, 2]}",<function generate_sim_data at 0x7f4967c62050>,1,0,"[{'n_iter': 200, 'patience': 100, 'input_size': 1, 'h_sizes': [40, 40]}]",[<class 'models.NueralNet'>],300,1,False,True,True,True,0.9000000000000341,0.9933333333333333,0.9633333333333334,0.9000000000000341,0.9933333333333333,1.0,21.0,184,336,270,230,1.0,0.6814814814814815,1.0,0.7130434782608696,CS_on_mean
0.9,100,500,False,True,False,False,"{'transform_func': <function transform_X at 0x7f496a613370>, 'beta': array([1, 2, 3, 4]), 'uniform_range_x': [-2, 2]}",<function generate_sim_data at 0x7f4967c62050>,1,0,"[{'n_iter': 200, 'patience': 100, 'input_size': 1, 'h_sizes': [40, 40]}]",[<class 'models.NueralNet'>],300,1,False,True,,,0.9,,,,,,,254,305,270,230,1.0,0.9407407407407408,1.0,0.8478260869565217,naive_on_mean
0.9,100,500,False,True,False,False,"{'transform_func': <function transform_X at 0x7f496a613370>, 'beta': array([1, 2, 3, 4]), 'uniform_range_x': [-2, 2]}",<function generate_sim_data at 0x7f4967c62050>,1,0,"[{'n_iter': 200, 'patience': 100, 'input_size': 1, 'h_sizes': [40, 40]}]",[<class 'models.NueralNet'>],300,1,False,True,True,True,0.9000000000000341,0.9833333333333333,0.9533333333333334,0.9000000000000341,0.9833333333333333,1.0,95.0,49,500,273,227,1.0,0.17948717948717952,1.0,0.0,CS_on_y
0.9,100,500,False,True,False,False,"{'transform_func': <function transform_X at 0x7f496a613370>, 'beta': array([1, 2, 3, 4]), 'uniform_range_x': [-2, 2]}",<function generate_sim_data at 0x7f4967c62050>,1,0,"[{'n_iter': 200, 'patience': 100, 'input_size': 1, 'h_sizes': [40, 40]}]",[<class 'models.NueralNet'>],300,1,False,False,,,0.9,,,,,,,207,345,273,227,0.9951690821256038,0.7545787545787546,1.0,0.6828193832599119,naive_on_y
0.9,100,500,False,True,False,False,"{'transform_func': <function transform_X at 0x7f496a613370>, 'beta': array([1, 2, 3, 4]), 'uniform_range_x': [-2, 2]}",<function generate_sim_data at 0x7f4967c62050>,1,0,"[{'n_iter': 200, 'patience': 100, 'input_size': 1, 'h_sizes': [40, 40]}]",[<class 'models.NueralNet'>],300,1,False,True,True,True,0.9000000000000341,0.9833333333333333,0.9300000000000002,0.9000000000000341,0.9833333333333333,0.9933333333333333,21.0,231,301,261,239,1.0,0.8850574712643678,1.0,0.8326359832635983,CS_on_mean
0.9,100,500,False,True,False,False,"{'transform_func': <function transform_X at 0x7f496a613370>, 'beta': array([1, 2, 3, 4]), 'uniform_range_x': [-2, 2]}",<function generate_sim_data at 0x7f4967c62050>,1,0,"[{'n_iter': 200, 'patience': 100, 'input_size': 1, 'h_sizes': [40, 40]}]",[<class 'models.NueralNet'>],300,1,False,True,,,0.9,,,,,,,247,288,261,239,1.0,0.946360153256705,1.0,0.8870292887029289,naive_on_mean
0.9,100,500,False,True,False,False,"{'transform_func': <function transform_X at 0x7f496a613370>, 'beta': array([1, 2, 3, 4]), 'uniform_range_x': [-2, 2]}",<function generate_sim_data at 0x7f4967c62050>,1,0,"[{'n_iter': 200, 'patience': 100, 'input_size': 1, 'h_sizes': [40, 40]}]",[<class 'models.NueralNet'>],300,1,False,True,True,True,0.9000000000000341,0.9833333333333333,0.8666666666666667,0.9000000000000341,0.9833333333333333,1.0,51.0,143,500,265,235,1.0,0.539622641509434,1.0,0.0,CS_on_y
0.9,100,500,False,True,False,False,"{'transform_func': <function transform_X at 0x7f496a613370>, 'beta': array([1, 2, 3, 4]), 'uniform_range_x': [-2, 2]}",<function generate_sim_data at 0x7f4967c62050>,1,0,"[{'n_iter': 200, 'patience': 100, 'input_size': 1, 'h_sizes': [40, 40]}]",[<class 'models.NueralNet'>],300,1,False,True,,,0.9,,,,,,,197,376,265,235,1.0,0.7433962264150944,1.0,0.5276595744680851,naive_on_y
0.9,100,500,False,True,False,False,"{'transform_func': <function transform_X at 0x7f496a613370>, 'beta': array([1, 2, 3, 4]), 'uniform_range_x': [-2, 2]}",<function generate_sim_data at 0x7f4967c62050>,1,0,"[{'n_iter': 200, 'patience': 100, 'input_size': 1, 'h_sizes': [40, 40]}]",[<class 'models.NueralNet'>],300,1,False,True,True,True,0.9000000000000341,0.9666666666666667,0.7233333333333332,0.9000000000000341,0.9666666666666667,0.9866666666666667,6.0,248,291,276,224,1.0,0.8985507246376812,1.0,0.9330357142857143,CS_on_mean
0.9,100,500,False,True,False,False,"{'transform_func': <function transform_X at 0x7f496a613370>, 'beta': array([1, 2, 3, 4]), 'uniform_range_x': [-2, 2]}",<function generate_sim_data at 0x7f4967c62050>,1,0,"[{'n_iter': 200, 'patience': 100, 'input_size': 1, 'h_sizes': [40, 40]}]",[<class 'models.NueralNet'>],300,1,False,True,,,0.9,,,,,,,253,291,276,224,1.0,0.9166666666666666,1.0,0.9330357142857143,naive_on_mean
0.9,100,500,False,True,False,False,"{'transform_func': <function transform_X at 0x7f496a613370>, 'beta': array([1, 2, 3, 4]), 'uniform_range_x': [-2, 2]}",<function generate_sim_data at 0x7f4967c62050>,1,0,"[{'n_iter': 200, 'patience': 100, 'input_size': 1, 'h_sizes': [40, 40]}]",[<class 'models.NueralNet'>],300,1,False,True,True,True,0.8999999999999773,0.9633333333333334,0.6833333333333333,0.8999999999999773,0.9633333333333334,0.9933333333333333,9.0,149,466,275,225,1.0,0.5418181818181818,1.0,0.15111111111111108,CS_on_y
0.9,100,500,False,True,False,False,"{'transform_func': <function transform_X at 0x7f496a613370>, 'beta': array([1, 2, 3, 4]), 'uniform_range_x': [-2, 2]}",<function generate_sim_data at 0x7f4967c62050>,1,0,"[{'n_iter': 200, 'patience': 100, 'input_size': 1, 'h_sizes': [40, 40]}]",[<class 'models.NueralNet'>],300,1,False,True,,,0.9,,,,,,,206,349,275,225,1.0,0.749090909090909,1.0,0.6711111111111111,naive_on_y
0.9,100,500,False,True,False,False,"{'transform_func': <function transform_X at 0x7f496a613370>, 'beta': array([1, 2, 3, 4]), 'uniform_range_x': [-2, 2]}",<function generate_sim_data at 0x7f4967c62050>,1,0,"[{'n_iter': 200, 'patience': 100, 'input_size': 1, 'h_sizes': [40, 40]}]",[<class 'models.NueralNet'>],300,1,False,True,True,True,0.8999999999999773,0.9833333333333333,0.8066666666666666,0.8999999999999773,0.9833333333333333,0.98,3.0,243,304,274,226,1.0,0.8868613138686131,1.0,0.8672566371681416,CS_on_mean
0.9,100,500,False,True,False,False,"{'transform_func': <function transform_X at 0x7f496a613370>, 'beta': array([1, 2, 3, 4]), 'uniform_range_x': [-2, 2]}",<function generate_sim_data at 0x7f4967c62050>,1,0,"[{'n_iter': 200, 'patience': 100, 'input_size': 1, 'h_sizes': [40, 40]}]",[<class 'models.NueralNet'>],300,1,False,True,,,0.9,,,,,,,251,293,274,226,1.0,0.916058394160584,1.0,0.915929203539823,naive_on_mean
0.9,100,500,False,True,False,False,"{'transform_func': <function transform_X at 0x7f496a613370>, 'beta': array([1, 2, 3, 4]), 'uniform_range_x': [-2, 2]}",<function generate_sim_data at 0x7f4967c62050>,1,0,"[{'n_iter': 200, 'patience': 100, 'input_size': 1, 'h_sizes': [40, 40]}]",[<class 'models.NueralNet'>],300,1,False,True,True,True,0.9000000000000341,0.9566666666666667,0.7133333333333334,0.9000000000000341,0.9566666666666667,0.9866666666666667,21.0,151,391,270,230,1.0,0.5592592592592592,1.0,0.4739130434782609,CS_on_y
0.9,100,500,False,True,False,False,"{'transform_func': <function transform_X at 0x7f496a613370>, 'beta': array([1, 2, 3, 4]), 'uniform_range_x': [-2, 2]}",<function generate_sim_data at 0x7f4967c62050>,1,0,"[{'n_iter': 200, 'patience': 100, 'input_size': 1, 'h_sizes': [40, 40]}]",[<class 'models.NueralNet'>],300,1,False,False,,,0.9,,,,,,,195,345,270,230,0.9948717948717949,0.7185185185185186,1.0,0.6739130434782609,naive_on_y
0.9,100,500,False,True,False,False,"{'transform_func': <function transform_X at 0x7f496a613370>, 'beta': array([1, 2, 3, 4]), 'uniform_range_x': [-2, 2]}",<function generate_sim_data at 0x7f4967c62050>,1,0,"[{'n_iter': 200, 'patience': 100, 'input_size': 1, 'h_sizes': [40, 40]}]",[<class 'models.NueralNet'>],300,1,False,True,True,True,0.9000000000000341,0.9933333333333333,0.9733333333333334,0.9000000000000341,0.9933333333333333,0.9933333333333333,37.0,162,292,258,242,1.0,0.627906976744186,1.0,0.859504132231405,CS_on_mean
0.9,100,500,False,True,False,False,"{'transform_func': <function transform_X at 0x7f496a613370>, 'beta': array([1, 2, 3, 4]), 'uniform_range_x': [-2, 2]}",<function generate_sim_data at 0x7f4967c62050>,1,0,"[{'n_iter': 200, 'patience': 100, 'input_size': 1, 'h_sizes': [40, 40]}]",[<class 'models.NueralNet'>],300,1,False,True,,,0.9,,,,,,,235,273,258,242,1.0,0.9108527131782945,1.0,0.9380165289256198,naive_on_mean
0.9,100,500,False,True,False,False,"{'transform_func': <function transform_X at 0x7f496a613370>, 'beta': array([1, 2, 3, 4]), 'uniform_range_x': [-2, 2]}",<function generate_sim_data at 0x7f4967c62050>,1,0,"[{'n_iter': 200, 'patience': 100, 'input_size': 1, 'h_sizes': [40, 40]}]",[<class 'models.NueralNet'>],300,1,False,True,True,True,0.9000000000000341,0.9833333333333333,0.8799999999999999,0.9000000000000341,0.9833333333333333,0.9966666666666667,31.0,99,493,259,241,1.0,0.38223938223938225,1.0,0.02904564315352698,CS_on_y
0.9,100,500,False,True,False,False,"{'transform_func': <function transform_X at 0x7f496a613370>, 'beta': array([1, 2, 3, 4]), 'uniform_range_x': [-2, 2]}",<function generate_sim_data at 0x7f4967c62050>,1,0,"[{'n_iter': 200, 'patience': 100, 'input_size': 1, 'h_sizes': [40, 40]}]",[<class 'models.NueralNet'>],300,1,False,True,,,0.9,,,,,,,186,340,259,241,1.0,0.7181467181467182,1.0,0.6639004149377593,naive_on_y
0.9,100,500,False,True,False,False,"{'transform_func': <function transform_X at 0x7f496a613370>, 'beta': array([1, 2, 3, 4]), 'uniform_range_x': [-2, 2]}",<function generate_sim_data at 0x7f4967c62050>,1,0,"[{'n_iter': 200, 'patience': 100, 'input_size': 1, 'h_sizes': [40, 40]}]",[<class 'models.NueralNet'>],300,1,False,True,True,True,0.8999999999999773,0.9766666666666667,0.8266666666666667,0.8999999999999773,0.9766666666666667,0.9933333333333333,9.0,240,295,263,237,1.0,0.9125475285171103,1.0,0.8649789029535865,CS_on_mean
0.9,100,500,False,True,False,False,"{'transform_func': <function transform_X at 0x7f496a613370>, 'beta': array([1, 2, 3, 4]), 'uniform_range_x': [-2, 2]}",<function generate_sim_data at 0x7f4967c62050>,1,0,"[{'n_iter': 200, 'patience': 100, 'input_size': 1, 'h_sizes': [40, 40]}]",[<class 'models.NueralNet'>],300,1,False,True,,,0.9,,,,,,,247,284,263,237,1.0,0.9391634980988594,1.0,0.9113924050632911,naive_on_mean
0.9,100,500,False,True,False,False,"{'transform_func': <function transform_X at 0x7f496a613370>, 'beta': array([1, 2, 3, 4]), 'uniform_range_x': [-2, 2]}",<function generate_sim_data at 0x7f4967c62050>,1,0,"[{'n_iter': 200, 'patience': 100, 'input_size': 1, 'h_sizes': [40, 40]}]",[<class 'models.NueralNet'>],300,1,False,True,True,True,0.9000000000000341,0.97,0.72,0.9000000000000341,0.97,0.9966666666666667,19.0,152,422,263,237,1.0,0.5779467680608366,1.0,0.3291139240506329,CS_on_y
0.9,100,500,False,True,False,False,"{'transform_func': <function transform_X at 0x7f496a613370>, 'beta': array([1, 2, 3, 4]), 'uniform_range_x': [-2, 2]}",<function generate_sim_data at 0x7f4967c62050>,1,0,"[{'n_iter': 200, 'patience': 100, 'input_size': 1, 'h_sizes': [40, 40]}]",[<class 'models.NueralNet'>],300,1,False,False,,,0.9,,,,,,,211,329,263,237,1.0,0.8022813688212928,0.9941520467836258,0.7172995780590717,naive_on_y
0.9,100,500,False,True,False,False,"{'transform_func': <function transform_X at 0x7f496a613370>, 'beta': array([1, 2, 3, 4]), 'uniform_range_x': [-2, 2]}",<function generate_sim_data at 0x7f4967c62050>,1,0,"[{'n_iter': 200, 'patience': 100, 'input_size': 1, 'h_sizes': [40, 40]}]",[<class 'models.NueralNet'>],300,1,False,True,True,True,0.9000000000000341,0.9833333333333333,0.8300000000000001,0.9000000000000341,0.9833333333333333,0.9933333333333333,2.0,233,301,262,238,1.0,0.8893129770992366,1.0,0.8361344537815126,CS_on_mean
0.9,100,500,False,True,False,False,"{'transform_func': <function transform_X at 0x7f496a613370>, 'beta': array([1, 2, 3, 4]), 'uniform_range_x': [-2, 2]}",<function generate_sim_data at 0x7f4967c62050>,1,0,"[{'n_iter': 200, 'patience': 100, 'input_size': 1, 'h_sizes': [40, 40]}]",[<class 'models.NueralNet'>],300,1,False,True,,,0.9,,,,,,,244,284,262,238,1.0,0.9312977099236641,1.0,0.907563025210084,naive_on_mean
0.9,100,500,False,True,False,False,"{'transform_func': <function transform_X at 0x7f496a613370>, 'beta': array([1, 2, 3, 4]), 'uniform_range_x': [-2, 2]}",<function generate_sim_data at 0x7f4967c62050>,1,0,"[{'n_iter': 200, 'patience': 100, 'input_size': 1, 'h_sizes': [40, 40]}]",[<class 'models.NueralNet'>],300,1,False,True,True,True,0.8999999999999773,0.9833333333333333,0.8533333333333335,0.8999999999999773,0.9833333333333333,1.0,59.0,145,419,263,237,1.0,0.5513307984790874,1.0,0.3417721518987342,CS_on_y
0.9,100,500,False,True,False,False,"{'transform_func': <function transform_X at 0x7f496a613370>, 'beta': array([1, 2, 3, 4]), 'uniform_range_x': [-2, 2]}",<function generate_sim_data at 0x7f4967c62050>,1,0,"[{'n_iter': 200, 'patience': 100, 'input_size': 1, 'h_sizes': [40, 40]}]",[<class 'models.NueralNet'>],300,1,False,False,,,0.9,,,,,,,212,324,263,237,0.9952830188679245,0.8022813688212928,0.9943181818181818,0.7383966244725738,naive_on_y
0.9,100,500,False,True,False,False,"{'transform_func': <function transform_X at 0x7f496a613370>, 'beta': array([1, 2, 3, 4]), 'uniform_range_x': [-2, 2]}",<function generate_sim_data at 0x7f4967c62050>,1,0,"[{'n_iter': 200, 'patience': 100, 'input_size': 1, 'h_sizes': [40, 40]}]",[<class 'models.NueralNet'>],300,1,False,True,True,True,0.9000000000000341,0.9633333333333334,0.8233333333333333,0.9000000000000341,0.9633333333333334,0.9933333333333333,12.0,240,308,253,247,1.0,0.9486166007905138,1.0,0.7773279352226721,CS_on_mean
0.9,100,500,False,True,False,False,"{'transform_func': <function transform_X at 0x7f496a613370>, 'beta': array([1, 2, 3, 4]), 'uniform_range_x': [-2, 2]}",<function generate_sim_data at 0x7f4967c62050>,1,0,"[{'n_iter': 200, 'patience': 100, 'input_size': 1, 'h_sizes': [40, 40]}]",[<class 'models.NueralNet'>],300,1,False,True,,,0.9,,,,,,,243,294,253,247,1.0,0.9604743083003953,1.0,0.8340080971659919,naive_on_mean
0.9,100,500,False,True,False,False,"{'transform_func': <function transform_X at 0x7f496a613370>, 'beta': array([1, 2, 3, 4]), 'uniform_range_x': [-2, 2]}",<function generate_sim_data at 0x7f4967c62050>,1,0,"[{'n_iter': 200, 'patience': 100, 'input_size': 1, 'h_sizes': [40, 40]}]",[<class 'models.NueralNet'>],300,1,False,True,True,True,0.8999999999999773,0.97,0.8666666666666667,0.8999999999999773,0.97,1.0,52.0,152,448,265,235,1.0,0.5735849056603773,1.0,0.22127659574468084,CS_on_y
0.9,100,500,False,True,False,False,"{'transform_func': <function transform_X at 0x7f496a613370>, 'beta': array([1, 2, 3, 4]), 'uniform_range_x': [-2, 2]}",<function generate_sim_data at 0x7f4967c62050>,1,0,"[{'n_iter': 200, 'patience': 100, 'input_size': 1, 'h_sizes': [40, 40]}]",[<class 'models.NueralNet'>],300,1,False,True,,,0.9,,,,,,,208,346,265,235,1.0,0.7849056603773585,1.0,0.6553191489361703,naive_on_y
0.9,100,500,False,True,False,False,"{'transform_func': <function transform_X at 0x7f496a613370>, 'beta': array([1, 2, 3, 4]), 'uniform_range_x': [-2, 2]}",<function generate_sim_data at 0x7f4967c62050>,1,0,"[{'n_iter': 200, 'patience': 100, 'input_size': 1, 'h_sizes': [40, 40]}]",[<class 'models.NueralNet'>],300,1,False,True,True,True,0.9000000000000341,0.9766666666666667,0.8500000000000001,0.9000000000000341,0.9766666666666667,0.9966666666666667,7.0,209,380,247,253,1.0,0.8461538461538461,1.0,0.47430830039525695,CS_on_mean
0.9,100,500,False,True,False,False,"{'transform_func': <function transform_X at 0x7f496a613370>, 'beta': array([1, 2, 3, 4]), 'uniform_range_x': [-2, 2]}",<function generate_sim_data at 0x7f4967c62050>,1,0,"[{'n_iter': 200, 'patience': 100, 'input_size': 1, 'h_sizes': [40, 40]}]",[<class 'models.NueralNet'>],300,1,False,True,,,0.9,,,,,,,216,261,247,253,1.0,0.8744939271255061,1.0,0.9446640316205533,naive_on_mean
0.9,100,500,False,True,False,False,"{'transform_func': <function transform_X at 0x7f496a613370>, 'beta': array([1, 2, 3, 4]), 'uniform_range_x': [-2, 2]}",<function generate_sim_data at 0x7f4967c62050>,1,0,"[{'n_iter': 200, 'patience': 100, 'input_size': 1, 'h_sizes': [40, 40]}]",[<class 'models.NueralNet'>],300,1,False,True,True,True,0.8999999999999773,0.9766666666666667,0.7966666666666666,0.8999999999999773,0.9766666666666667,0.9966666666666667,33.0,110,474,254,246,1.0,0.4330708661417323,1.0,0.10569105691056913,CS_on_y
0.9,100,500,False,True,False,False,"{'transform_func': <function transform_X at 0x7f496a613370>, 'beta': array([1, 2, 3, 4]), 'uniform_range_x': [-2, 2]}",<function generate_sim_data at 0x7f4967c62050>,1,0,"[{'n_iter': 200, 'patience': 100, 'input_size': 1, 'h_sizes': [40, 40]}]",[<class 'models.NueralNet'>],300,1,False,False,,,0.9,,,,,,,171,322,254,246,1.0,0.6732283464566929,0.9943820224719101,0.7195121951219512,naive_on_y
0.9,100,500,False,True,False,False,"{'transform_func': <function transform_X at 0x7f496a613370>, 'beta': array([1, 2, 3, 4]), 'uniform_range_x': [-2, 2]}",<function generate_sim_data at 0x7f4967c62050>,1,0,"[{'n_iter': 200, 'patience': 100, 'input_size': 1, 'h_sizes': [40, 40]}]",[<class 'models.NueralNet'>],300,1,False,True,True,True,0.9000000000000341,0.9666666666666667,0.7933333333333334,0.9000000000000341,0.9666666666666667,0.9833333333333333,6.0,246,393,267,233,1.0,0.9213483146067416,1.0,0.45922746781115875,CS_on_mean
0.9,100,500,False,True,False,False,"{'transform_func': <function transform_X at 0x7f496a613370>, 'beta': array([1, 2, 3, 4]), 'uniform_range_x': [-2, 2]}",<function generate_sim_data at 0x7f4967c62050>,1,0,"[{'n_iter': 200, 'patience': 100, 'input_size': 1, 'h_sizes': [40, 40]}]",[<class 'models.NueralNet'>],300,1,False,True,,,0.9,,,,,,,257,295,267,233,1.0,0.9625468164794008,1.0,0.8798283261802575,naive_on_mean
0.9,100,500,False,True,False,False,"{'transform_func': <function transform_X at 0x7f496a613370>, 'beta': array([1, 2, 3, 4]), 'uniform_range_x': [-2, 2]}",<function generate_sim_data at 0x7f4967c62050>,1,0,"[{'n_iter': 200, 'patience': 100, 'input_size': 1, 'h_sizes': [40, 40]}]",[<class 'models.NueralNet'>],300,1,False,True,True,True,0.9000000000000341,0.9733333333333334,0.7733333333333334,0.9000000000000341,0.9733333333333334,1.0,39.0,140,477,269,231,1.0,0.5204460966542751,1.0,0.09956709956709953,CS_on_y
0.9,100,500,False,True,False,False,"{'transform_func': <function transform_X at 0x7f496a613370>, 'beta': array([1, 2, 3, 4]), 'uniform_range_x': [-2, 2]}",<function generate_sim_data at 0x7f4967c62050>,1,0,"[{'n_iter': 200, 'patience': 100, 'input_size': 1, 'h_sizes': [40, 40]}]",[<class 'models.NueralNet'>],300,1,False,True,,,0.9,,,,,,,220,347,269,231,1.0,0.8178438661710037,1.0,0.6623376623376623,naive_on_y
0.9,100,500,False,True,False,False,"{'transform_func': <function transform_X at 0x7f496a613370>, 'beta': array([1, 2, 3, 4]), 'uniform_range_x': [-2, 2]}",<function generate_sim_data at 0x7f4967c62050>,1,0,"[{'n_iter': 200, 'patience': 100, 'input_size': 1, 'h_sizes': [40, 40]}]",[<class 'models.NueralNet'>],300,1,False,False,True,True,0.9000000000000341,0.9533333333333334,0.8166666666666667,0.9000000000000341,0.9533333333333334,0.9733333333333334,12.0,257,302,267,233,0.9883268482490273,0.951310861423221,1.0,0.8497854077253219,CS_on_mean
0.9,100,500,False,True,False,False,"{'transform_func': <function transform_X at 0x7f496a613370>, 'beta': array([1, 2, 3, 4]), 'uniform_range_x': [-2, 2]}",<function generate_sim_data at 0x7f4967c62050>,1,0,"[{'n_iter': 200, 'patience': 100, 'input_size': 1, 'h_sizes': [40, 40]}]",[<class 'models.NueralNet'>],300,1,False,False,,,0.9,,,,,,,255,295,267,233,0.9921568627450981,0.947565543071161,1.0,0.8798283261802575,naive_on_mean
0.9,100,500,False,True,False,False,"{'transform_func': <function transform_X at 0x7f496a613370>, 'beta': array([1, 2, 3, 4]), 'uniform_range_x': [-2, 2]}",<function generate_sim_data at 0x7f4967c62050>,1,0,"[{'n_iter': 200, 'patience': 100, 'input_size': 1, 'h_sizes': [40, 40]}]",[<class 'models.NueralNet'>],300,1,False,True,True,True,0.9000000000000341,0.9666666666666667,0.7733333333333334,0.9000000000000341,0.9666666666666667,0.9966666666666667,25.0,168,395,265,235,1.0,0.6339622641509435,1.0,0.44680851063829785,CS_on_y
0.9,100,500,False,True,False,False,"{'transform_func': <function transform_X at 0x7f496a613370>, 'beta': array([1, 2, 3, 4]), 'uniform_range_x': [-2, 2]}",<function generate_sim_data at 0x7f4967c62050>,1,0,"[{'n_iter': 200, 'patience': 100, 'input_size': 1, 'h_sizes': [40, 40]}]",[<class 'models.NueralNet'>],300,1,False,False,,,0.9,,,,,,,211,327,265,235,1.0,0.7962264150943397,0.9942196531791907,0.7319148936170212,naive_on_y
0.9,100,500,False,True,False,False,"{'transform_func': <function transform_X at 0x7f496a613370>, 'beta': array([1, 2, 3, 4]), 'uniform_range_x': [-2, 2]}",<function generate_sim_data at 0x7f4967c62050>,1,0,"[{'n_iter': 200, 'patience': 100, 'input_size': 1, 'h_sizes': [40, 40]}]",[<class 'models.NueralNet'>],300,1,False,True,True,True,0.900000000000091,0.9766666666666667,0.75,0.900000000000091,0.9766666666666667,0.99,4.0,239,295,251,249,1.0,0.952191235059761,1.0,0.8232931726907631,CS_on_mean
0.9,100,500,False,True,False,False,"{'transform_func': <function transform_X at 0x7f496a613370>, 'beta': array([1, 2, 3, 4]), 'uniform_range_x': [-2, 2]}",<function generate_sim_data at 0x7f4967c62050>,1,0,"[{'n_iter': 200, 'patience': 100, 'input_size': 1, 'h_sizes': [40, 40]}]",[<class 'models.NueralNet'>],300,1,False,True,,,0.9,,,,,,,240,277,251,249,1.0,0.9561752988047809,1.0,0.8955823293172691,naive_on_mean
0.9,100,500,False,True,False,False,"{'transform_func': <function transform_X at 0x7f496a613370>, 'beta': array([1, 2, 3, 4]), 'uniform_range_x': [-2, 2]}",<function generate_sim_data at 0x7f4967c62050>,1,0,"[{'n_iter': 200, 'patience': 100, 'input_size': 1, 'h_sizes': [40, 40]}]",[<class 'models.NueralNet'>],300,1,False,True,True,True,0.9000000000000341,0.9666666666666667,0.6699999999999999,0.9000000000000341,0.9666666666666667,0.99,29.0,153,439,256,244,1.0,0.59765625,1.0,0.25,CS_on_y
0.9,100,500,False,True,False,False,"{'transform_func': <function transform_X at 0x7f496a613370>, 'beta': array([1, 2, 3, 4]), 'uniform_range_x': [-2, 2]}",<function generate_sim_data at 0x7f4967c62050>,1,0,"[{'n_iter': 200, 'patience': 100, 'input_size': 1, 'h_sizes': [40, 40]}]",[<class 'models.NueralNet'>],300,1,False,False,,,0.9,,,,,,,206,340,256,244,0.9951456310679612,0.80078125,1.0,0.6557377049180328,naive_on_y
0.9,100,500,False,True,False,False,"{'transform_func': <function transform_X at 0x7f496a613370>, 'beta': array([1, 2, 3, 4]), 'uniform_range_x': [-2, 2]}",<function generate_sim_data at 0x7f4967c62050>,1,0,"[{'n_iter': 200, 'patience': 100, 'input_size': 1, 'h_sizes': [40, 40]}]",[<class 'models.NueralNet'>],300,1,False,True,True,True,0.9000000000000341,0.9666666666666667,0.8199999999999998,0.9000000000000341,0.9666666666666667,0.99,15.0,240,316,277,223,1.0,0.8664259927797834,1.0,0.8251121076233183,CS_on_mean
0.9,100,500,False,True,False,False,"{'transform_func': <function transform_X at 0x7f496a613370>, 'beta': array([1, 2, 3, 4]), 'uniform_range_x': [-2, 2]}",<function generate_sim_data at 0x7f4967c62050>,1,0,"[{'n_iter': 200, 'patience': 100, 'input_size': 1, 'h_sizes': [40, 40]}]",[<class 'models.NueralNet'>],300,1,False,True,,,0.9,,,,,,,249,296,277,223,1.0,0.8989169675090253,1.0,0.9147982062780269,naive_on_mean
0.9,100,500,False,True,False,False,"{'transform_func': <function transform_X at 0x7f496a613370>, 'beta': array([1, 2, 3, 4]), 'uniform_range_x': [-2, 2]}",<function generate_sim_data at 0x7f4967c62050>,1,0,"[{'n_iter': 200, 'patience': 100, 'input_size': 1, 'h_sizes': [40, 40]}]",[<class 'models.NueralNet'>],300,1,False,True,True,True,0.9000000000000341,0.9833333333333333,0.9166666666666665,0.9000000000000341,0.9833333333333333,1.0,56.0,131,422,267,233,1.0,0.49063670411985016,1.0,0.33476394849785407,CS_on_y
0.9,100,500,False,True,False,False,"{'transform_func': <function transform_X at 0x7f496a613370>, 'beta': array([1, 2, 3, 4]), 'uniform_range_x': [-2, 2]}",<function generate_sim_data at 0x7f4967c62050>,1,0,"[{'n_iter': 200, 'patience': 100, 'input_size': 1, 'h_sizes': [40, 40]}]",[<class 'models.NueralNet'>],300,1,False,True,,,0.9,,,,,,,180,354,267,233,1.0,0.6741573033707865,1.0,0.6266094420600858,naive_on_y
0.9,100,500,False,True,False,False,"{'transform_func': <function transform_X at 0x7f496a613370>, 'beta': array([1, 2, 3, 4]), 'uniform_range_x': [-2, 2]}",<function generate_sim_data at 0x7f4967c62050>,1,0,"[{'n_iter': 200, 'patience': 100, 'input_size': 1, 'h_sizes': [40, 40]}]",[<class 'models.NueralNet'>],300,1,False,True,True,True,0.8999999999999773,0.9666666666666667,0.7866666666666666,0.8999999999999773,0.9666666666666667,0.9766666666666667,4.0,243,298,270,230,1.0,0.9,1.0,0.8782608695652174,CS_on_mean
0.9,100,500,False,True,False,False,"{'transform_func': <function transform_X at 0x7f496a613370>, 'beta': array([1, 2, 3, 4]), 'uniform_range_x': [-2, 2]}",<function generate_sim_data at 0x7f4967c62050>,1,0,"[{'n_iter': 200, 'patience': 100, 'input_size': 1, 'h_sizes': [40, 40]}]",[<class 'models.NueralNet'>],300,1,False,True,,,0.9,,,,,,,245,285,270,230,1.0,0.9074074074074074,1.0,0.9347826086956522,naive_on_mean
0.9,100,500,False,True,False,False,"{'transform_func': <function transform_X at 0x7f496a613370>, 'beta': array([1, 2, 3, 4]), 'uniform_range_x': [-2, 2]}",<function generate_sim_data at 0x7f4967c62050>,1,0,"[{'n_iter': 200, 'patience': 100, 'input_size': 1, 'h_sizes': [40, 40]}]",[<class 'models.NueralNet'>],300,1,False,True,True,True,0.9000000000000341,0.96,0.7666666666666666,0.9000000000000341,0.96,0.99,22.0,178,365,268,232,1.0,0.664179104477612,1.0,0.5818965517241379,CS_on_y
0.9,100,500,False,True,False,False,"{'transform_func': <function transform_X at 0x7f496a613370>, 'beta': array([1, 2, 3, 4]), 'uniform_range_x': [-2, 2]}",<function generate_sim_data at 0x7f4967c62050>,1,0,"[{'n_iter': 200, 'patience': 100, 'input_size': 1, 'h_sizes': [40, 40]}]",[<class 'models.NueralNet'>],300,1,False,False,,,0.9,,,,,,,210,326,268,232,1.0,0.7835820895522388,0.9942528735632183,0.7456896551724138,naive_on_y
0.9,100,500,False,True,False,False,"{'transform_func': <function transform_X at 0x7f496a613370>, 'beta': array([1, 2, 3, 4]), 'uniform_range_x': [-2, 2]}",<function generate_sim_data at 0x7f4967c62050>,1,0,"[{'n_iter': 200, 'patience': 100, 'input_size': 1, 'h_sizes': [40, 40]}]",[<class 'models.NueralNet'>],300,1,False,True,True,True,0.8999999999999773,0.9633333333333334,0.8666666666666667,0.8999999999999773,0.9633333333333334,0.97,9.0,263,330,283,217,1.0,0.9293286219081272,1.0,0.7834101382488479,CS_on_mean
0.9,100,500,False,True,False,False,"{'transform_func': <function transform_X at 0x7f496a613370>, 'beta': array([1, 2, 3, 4]), 'uniform_range_x': [-2, 2]}",<function generate_sim_data at 0x7f4967c62050>,1,0,"[{'n_iter': 200, 'patience': 100, 'input_size': 1, 'h_sizes': [40, 40]}]",[<class 'models.NueralNet'>],300,1,False,True,,,0.9,,,,,,,268,311,283,217,1.0,0.9469964664310954,1.0,0.8709677419354839,naive_on_mean
0.9,100,500,False,True,False,False,"{'transform_func': <function transform_X at 0x7f496a613370>, 'beta': array([1, 2, 3, 4]), 'uniform_range_x': [-2, 2]}",<function generate_sim_data at 0x7f4967c62050>,1,0,"[{'n_iter': 200, 'patience': 100, 'input_size': 1, 'h_sizes': [40, 40]}]",[<class 'models.NueralNet'>],300,1,False,True,True,True,0.8999999999999773,0.9666666666666667,0.6966666666666668,0.8999999999999773,0.9666666666666667,0.9866666666666667,17.0,152,500,280,220,1.0,0.5428571428571429,1.0,0.0,CS_on_y
0.9,100,500,False,True,False,False,"{'transform_func': <function transform_X at 0x7f496a613370>, 'beta': array([1, 2, 3, 4]), 'uniform_range_x': [-2, 2]}",<function generate_sim_data at 0x7f4967c62050>,1,0,"[{'n_iter': 200, 'patience': 100, 'input_size': 1, 'h_sizes': [40, 40]}]",[<class 'models.NueralNet'>],300,1,False,True,,,0.9,,,,,,,216,421,280,220,1.0,0.7714285714285715,1.0,0.3590909090909091,naive_on_y
0.9,100,500,False,True,False,False,"{'transform_func': <function transform_X at 0x7f496a613370>, 'beta': array([1, 2, 3, 4]), 'uniform_range_x': [-2, 2]}",<function generate_sim_data at 0x7f4967c62050>,1,0,"[{'n_iter': 200, 'patience': 100, 'input_size': 1, 'h_sizes': [40, 40]}]",[<class 'models.NueralNet'>],300,1,False,True,True,True,0.9000000000000341,0.9833333333333333,0.8133333333333335,0.9000000000000341,0.9833333333333333,0.9833333333333333,2.0,227,286,264,236,1.0,0.8598484848484849,1.0,0.9067796610169492,CS_on_mean
0.9,100,500,False,True,False,False,"{'transform_func': <function transform_X at 0x7f496a613370>, 'beta': array([1, 2, 3, 4]), 'uniform_range_x': [-2, 2]}",<function generate_sim_data at 0x7f4967c62050>,1,0,"[{'n_iter': 200, 'patience': 100, 'input_size': 1, 'h_sizes': [40, 40]}]",[<class 'models.NueralNet'>],300,1,False,True,,,0.9,,,,,,,247,288,264,236,1.0,0.9356060606060606,1.0,0.8983050847457628,naive_on_mean
0.9,100,500,False,True,False,False,"{'transform_func': <function transform_X at 0x7f496a613370>, 'beta': array([1, 2, 3, 4]), 'uniform_range_x': [-2, 2]}",<function generate_sim_data at 0x7f4967c62050>,1,0,"[{'n_iter': 200, 'patience': 100, 'input_size': 1, 'h_sizes': [40, 40]}]",[<class 'models.NueralNet'>],300,1,False,True,True,True,0.9000000000000341,0.95,0.6433333333333333,0.9000000000000341,0.95,0.9933333333333333,18.0,144,434,270,230,1.0,0.5333333333333333,1.0,0.28695652173913044,CS_on_y
0.9,100,500,False,True,False,False,"{'transform_func': <function transform_X at 0x7f496a613370>, 'beta': array([1, 2, 3, 4]), 'uniform_range_x': [-2, 2]}",<function generate_sim_data at 0x7f4967c62050>,1,0,"[{'n_iter': 200, 'patience': 100, 'input_size': 1, 'h_sizes': [40, 40]}]",[<class 'models.NueralNet'>],300,1,False,True,,,0.9,,,,,,,203,345,270,230,1.0,0.7518518518518519,1.0,0.6739130434782609,naive_on_y
0.9,100,500,False,True,False,False,"{'transform_func': <function transform_X at 0x7f496a613370>, 'beta': array([1, 2, 3, 4]), 'uniform_range_x': [-2, 2]}",<function generate_sim_data at 0x7f4967c62050>,1,0,"[{'n_iter': 200, 'patience': 100, 'input_size': 1, 'h_sizes': [40, 40]}]",[<class 'models.NueralNet'>],300,1,False,True,True,True,0.8999999999999773,0.9933333333333333,0.9233333333333333,0.8999999999999773,0.9933333333333333,0.9933333333333333,1.0,236,417,286,214,1.0,0.8251748251748252,1.0,0.3878504672897196,CS_on_mean
0.9,100,500,False,True,False,False,"{'transform_func': <function transform_X at 0x7f496a613370>, 'beta': array([1, 2, 3, 4]), 'uniform_range_x': [-2, 2]}",<function generate_sim_data at 0x7f4967c62050>,1,0,"[{'n_iter': 200, 'patience': 100, 'input_size': 1, 'h_sizes': [40, 40]}]",[<class 'models.NueralNet'>],300,1,False,True,,,0.9,,,,,,,270,303,286,214,1.0,0.9440559440559441,1.0,0.9205607476635514,naive_on_mean
0.9,100,500,False,True,False,False,"{'transform_func': <function transform_X at 0x7f496a613370>, 'beta': array([1, 2, 3, 4]), 'uniform_range_x': [-2, 2]}",<function generate_sim_data at 0x7f4967c62050>,1,0,"[{'n_iter': 200, 'patience': 100, 'input_size': 1, 'h_sizes': [40, 40]}]",[<class 'models.NueralNet'>],300,1,False,True,True,True,0.9000000000000341,0.9766666666666667,0.8700000000000001,0.9000000000000341,0.9766666666666667,0.9933333333333333,133.0,155,492,283,217,1.0,0.5477031802120141,1.0,0.03686635944700456,CS_on_y
0.9,100,500,False,True,False,False,"{'transform_func': <function transform_X at 0x7f496a613370>, 'beta': array([1, 2, 3, 4]), 'uniform_range_x': [-2, 2]}",<function generate_sim_data at 0x7f4967c62050>,1,0,"[{'n_iter': 200, 'patience': 100, 'input_size': 1, 'h_sizes': [40, 40]}]",[<class 'models.NueralNet'>],300,1,False,True,,,0.9,,,,,,,222,421,283,217,1.0,0.784452296819788,1.0,0.3640552995391705,naive_on_y
0.9,100,500,False,True,False,False,"{'transform_func': <function transform_X at 0x7f496a613370>, 'beta': array([1, 2, 3, 4]), 'uniform_range_x': [-2, 2]}",<function generate_sim_data at 0x7f4967c62050>,1,0,"[{'n_iter': 200, 'patience': 100, 'input_size': 1, 'h_sizes': [40, 40]}]",[<class 'models.NueralNet'>],300,1,False,True,True,True,0.9000000000000341,0.9633333333333334,0.8333333333333333,0.9000000000000341,0.9633333333333334,0.9766666666666667,11.0,263,367,282,218,1.0,0.9326241134751773,1.0,0.6100917431192661,CS_on_mean
0.9,100,500,False,True,False,False,"{'transform_func': <function transform_X at 0x7f496a613370>, 'beta': array([1, 2, 3, 4]), 'uniform_range_x': [-2, 2]}",<function generate_sim_data at 0x7f4967c62050>,1,0,"[{'n_iter': 200, 'patience': 100, 'input_size': 1, 'h_sizes': [40, 40]}]",[<class 'models.NueralNet'>],300,1,False,True,,,0.9,,,,,,,268,300,282,218,1.0,0.950354609929078,1.0,0.9174311926605505,naive_on_mean
0.9,100,500,False,True,False,False,"{'transform_func': <function transform_X at 0x7f496a613370>, 'beta': array([1, 2, 3, 4]), 'uniform_range_x': [-2, 2]}",<function generate_sim_data at 0x7f4967c62050>,1,0,"[{'n_iter': 200, 'patience': 100, 'input_size': 1, 'h_sizes': [40, 40]}]",[<class 'models.NueralNet'>],300,1,False,True,True,True,0.9000000000000341,0.9766666666666667,0.7266666666666666,0.9000000000000341,0.9766666666666667,1.0,19.0,179,456,287,213,1.0,0.6236933797909407,1.0,0.20657276995305163,CS_on_y
0.9,100,500,False,True,False,False,"{'transform_func': <function transform_X at 0x7f496a613370>, 'beta': array([1, 2, 3, 4]), 'uniform_range_x': [-2, 2]}",<function generate_sim_data at 0x7f4967c62050>,1,0,"[{'n_iter': 200, 'patience': 100, 'input_size': 1, 'h_sizes': [40, 40]}]",[<class 'models.NueralNet'>],300,1,False,True,,,0.9,,,,,,,225,393,287,213,1.0,0.7839721254355401,1.0,0.5023474178403755,naive_on_y
0.9,100,500,False,True,False,False,"{'transform_func': <function transform_X at 0x7f496a613370>, 'beta': array([1, 2, 3, 4]), 'uniform_range_x': [-2, 2]}",<function generate_sim_data at 0x7f4967c62050>,1,0,"[{'n_iter': 200, 'patience': 100, 'input_size': 1, 'h_sizes': [40, 40]}]",[<class 'models.NueralNet'>],300,1,False,False,True,True,0.8999999999999773,0.9666666666666667,0.8266666666666667,0.8999999999999773,0.9666666666666667,0.9733333333333334,5.0,242,408,270,230,0.9958677685950413,0.8925925925925926,1.0,0.4,CS_on_mean
0.9,100,500,False,True,False,False,"{'transform_func': <function transform_X at 0x7f496a613370>, 'beta': array([1, 2, 3, 4]), 'uniform_range_x': [-2, 2]}",<function generate_sim_data at 0x7f4967c62050>,1,0,"[{'n_iter': 200, 'patience': 100, 'input_size': 1, 'h_sizes': [40, 40]}]",[<class 'models.NueralNet'>],300,1,False,True,,,0.9,,,,,,,250,301,270,230,1.0,0.9259259259259259,1.0,0.8652173913043478,naive_on_mean
0.9,100,500,False,True,False,False,"{'transform_func': <function transform_X at 0x7f496a613370>, 'beta': array([1, 2, 3, 4]), 'uniform_range_x': [-2, 2]}",<function generate_sim_data at 0x7f4967c62050>,1,0,"[{'n_iter': 200, 'patience': 100, 'input_size': 1, 'h_sizes': [40, 40]}]",[<class 'models.NueralNet'>],300,1,False,True,True,True,0.8999999999999773,0.9633333333333334,0.6033333333333335,0.8999999999999773,0.9633333333333334,1.0,12.0,120,497,269,231,1.0,0.44609665427509293,1.0,0.012987012987012991,CS_on_y
0.9,100,500,False,True,False,False,"{'transform_func': <function transform_X at 0x7f496a613370>, 'beta': array([1, 2, 3, 4]), 'uniform_range_x': [-2, 2]}",<function generate_sim_data at 0x7f4967c62050>,1,0,"[{'n_iter': 200, 'patience': 100, 'input_size': 1, 'h_sizes': [40, 40]}]",[<class 'models.NueralNet'>],300,1,False,True,,,0.9,,,,,,,187,463,269,231,1.0,0.6951672862453532,1.0,0.1601731601731602,naive_on_y
0.9,100,500,False,True,False,False,"{'transform_func': <function transform_X at 0x7f496a613370>, 'beta': array([1, 2, 3, 4]), 'uniform_range_x': [-2, 2]}",<function generate_sim_data at 0x7f4967c62050>,1,0,"[{'n_iter': 200, 'patience': 100, 'input_size': 1, 'h_sizes': [40, 40]}]",[<class 'models.NueralNet'>],300,1,False,True,True,True,0.9000000000000341,0.97,0.8666666666666667,0.9000000000000341,0.97,0.9833333333333333,6.0,247,295,267,233,1.0,0.9250936329588015,1.0,0.8798283261802575,CS_on_mean
0.9,100,500,False,True,False,False,"{'transform_func': <function transform_X at 0x7f496a613370>, 'beta': array([1, 2, 3, 4]), 'uniform_range_x': [-2, 2]}",<function generate_sim_data at 0x7f4967c62050>,1,0,"[{'n_iter': 200, 'patience': 100, 'input_size': 1, 'h_sizes': [40, 40]}]",[<class 'models.NueralNet'>],300,1,False,True,,,0.9,,,,,,,255,283,267,233,1.0,0.9550561797752809,1.0,0.9313304721030042,naive_on_mean
0.9,100,500,False,True,False,False,"{'transform_func': <function transform_X at 0x7f496a613370>, 'beta': array([1, 2, 3, 4]), 'uniform_range_x': [-2, 2]}",<function generate_sim_data at 0x7f4967c62050>,1,0,"[{'n_iter': 200, 'patience': 100, 'input_size': 1, 'h_sizes': [40, 40]}]",[<class 'models.NueralNet'>],300,1,False,True,True,True,0.9000000000000341,0.97,0.7433333333333334,0.9000000000000341,0.97,0.9933333333333333,23.0,141,415,272,228,1.0,0.5183823529411764,1.0,0.3728070175438597,CS_on_y
0.9,100,500,False,True,False,False,"{'transform_func': <function transform_X at 0x7f496a613370>, 'beta': array([1, 2, 3, 4]), 'uniform_range_x': [-2, 2]}",<function generate_sim_data at 0x7f4967c62050>,1,0,"[{'n_iter': 200, 'patience': 100, 'input_size': 1, 'h_sizes': [40, 40]}]",[<class 'models.NueralNet'>],300,1,False,True,,,0.9,,,,,,,210,332,272,228,1.0,0.7720588235294118,1.0,0.736842105263158,naive_on_y
0.9,100,500,False,True,False,False,"{'transform_func': <function transform_X at 0x7f496a613370>, 'beta': array([1, 2, 3, 4]), 'uniform_range_x': [-2, 2]}",<function generate_sim_data at 0x7f4967c62050>,1,0,"[{'n_iter': 200, 'patience': 100, 'input_size': 1, 'h_sizes': [40, 40]}]",[<class 'models.NueralNet'>],300,1,False,True,True,True,0.9000000000000341,0.9566666666666667,0.8233333333333333,0.9000000000000341,0.9566666666666667,0.9633333333333334,8.0,236,271,259,241,1.0,0.9111969111969112,1.0,0.950207468879668,CS_on_mean
0.9,100,500,False,True,False,False,"{'transform_func': <function transform_X at 0x7f496a613370>, 'beta': array([1, 2, 3, 4]), 'uniform_range_x': [-2, 2]}",<function generate_sim_data at 0x7f4967c62050>,1,0,"[{'n_iter': 200, 'patience': 100, 'input_size': 1, 'h_sizes': [40, 40]}]",[<class 'models.NueralNet'>],300,1,False,True,,,0.9,,,,,,,240,270,259,241,1.0,0.9266409266409267,1.0,0.9543568464730291,naive_on_mean
0.9,100,500,False,True,False,False,"{'transform_func': <function transform_X at 0x7f496a613370>, 'beta': array([1, 2, 3, 4]), 'uniform_range_x': [-2, 2]}",<function generate_sim_data at 0x7f4967c62050>,1,0,"[{'n_iter': 200, 'patience': 100, 'input_size': 1, 'h_sizes': [40, 40]}]",[<class 'models.NueralNet'>],300,1,False,True,True,True,0.9000000000000341,0.97,0.8066666666666666,0.9000000000000341,0.97,0.9933333333333333,27.0,149,352,261,239,1.0,0.5708812260536398,1.0,0.6192468619246863,CS_on_y
0.9,100,500,False,True,False,False,"{'transform_func': <function transform_X at 0x7f496a613370>, 'beta': array([1, 2, 3, 4]), 'uniform_range_x': [-2, 2]}",<function generate_sim_data at 0x7f4967c62050>,1,0,"[{'n_iter': 200, 'patience': 100, 'input_size': 1, 'h_sizes': [40, 40]}]",[<class 'models.NueralNet'>],300,1,False,True,,,0.9,,,,,,,197,316,261,239,1.0,0.7547892720306514,1.0,0.7698744769874477,naive_on_y
0.9,100,500,False,True,False,False,"{'transform_func': <function transform_X at 0x7f496a613370>, 'beta': array([1, 2, 3, 4]), 'uniform_range_x': [-2, 2]}",<function generate_sim_data at 0x7f4967c62050>,1,0,"[{'n_iter': 200, 'patience': 100, 'input_size': 1, 'h_sizes': [40, 40]}]",[<class 'models.NueralNet'>],300,1,False,True,True,True,0.9000000000000341,0.9566666666666667,0.8466666666666667,0.9000000000000341,0.9566666666666667,0.9866666666666667,6.0,235,284,260,240,1.0,0.9038461538461539,1.0,0.9,CS_on_mean
0.9,100,500,False,True,False,False,"{'transform_func': <function transform_X at 0x7f496a613370>, 'beta': array([1, 2, 3, 4]), 'uniform_range_x': [-2, 2]}",<function generate_sim_data at 0x7f4967c62050>,1,0,"[{'n_iter': 200, 'patience': 100, 'input_size': 1, 'h_sizes': [40, 40]}]",[<class 'models.NueralNet'>],300,1,False,True,,,0.9,,,,,,,249,286,260,240,1.0,0.9576923076923077,1.0,0.8916666666666666,naive_on_mean
0.9,100,500,False,True,False,False,"{'transform_func': <function transform_X at 0x7f496a613370>, 'beta': array([1, 2, 3, 4]), 'uniform_range_x': [-2, 2]}",<function generate_sim_data at 0x7f4967c62050>,1,0,"[{'n_iter': 200, 'patience': 100, 'input_size': 1, 'h_sizes': [40, 40]}]",[<class 'models.NueralNet'>],300,1,False,True,True,True,0.9000000000000341,0.9633333333333334,0.7833333333333332,0.9000000000000341,0.9633333333333334,1.0,49.0,144,500,262,238,1.0,0.549618320610687,1.0,0.0,CS_on_y
0.9,100,500,False,True,False,False,"{'transform_func': <function transform_X at 0x7f496a613370>, 'beta': array([1, 2, 3, 4]), 'uniform_range_x': [-2, 2]}",<function generate_sim_data at 0x7f4967c62050>,1,0,"[{'n_iter': 200, 'patience': 100, 'input_size': 1, 'h_sizes': [40, 40]}]",[<class 'models.NueralNet'>],300,1,False,False,,,0.9,,,,,,,204,396,262,238,0.9901960784313726,0.7709923664122138,0.9807692307692307,0.4285714285714286,naive_on_y
0.9,100,500,False,True,False,False,"{'transform_func': <function transform_X at 0x7f496a613370>, 'beta': array([1, 2, 3, 4]), 'uniform_range_x': [-2, 2]}",<function generate_sim_data at 0x7f4967c62050>,1,0,"[{'n_iter': 200, 'patience': 100, 'input_size': 1, 'h_sizes': [40, 40]}]",[<class 'models.NueralNet'>],300,1,False,True,True,True,0.8999999999999773,0.97,0.8566666666666667,0.8999999999999773,0.97,0.9733333333333334,8.0,251,303,281,219,1.0,0.8932384341637011,1.0,0.8995433789954338,CS_on_mean
0.9,100,500,False,True,False,False,"{'transform_func': <function transform_X at 0x7f496a613370>, 'beta': array([1, 2, 3, 4]), 'uniform_range_x': [-2, 2]}",<function generate_sim_data at 0x7f4967c62050>,1,0,"[{'n_iter': 200, 'patience': 100, 'input_size': 1, 'h_sizes': [40, 40]}]",[<class 'models.NueralNet'>],300,1,False,True,,,0.9,,,,,,,264,297,281,219,1.0,0.9395017793594306,1.0,0.9269406392694064,naive_on_mean
0.9,100,500,False,True,False,False,"{'transform_func': <function transform_X at 0x7f496a613370>, 'beta': array([1, 2, 3, 4]), 'uniform_range_x': [-2, 2]}",<function generate_sim_data at 0x7f4967c62050>,1,0,"[{'n_iter': 200, 'patience': 100, 'input_size': 1, 'h_sizes': [40, 40]}]",[<class 'models.NueralNet'>],300,1,False,True,True,True,0.9000000000000341,0.97,0.81,0.9000000000000341,0.97,1.0,22.0,166,388,282,218,1.0,0.5886524822695036,1.0,0.5137614678899083,CS_on_y
0.9,100,500,False,True,False,False,"{'transform_func': <function transform_X at 0x7f496a613370>, 'beta': array([1, 2, 3, 4]), 'uniform_range_x': [-2, 2]}",<function generate_sim_data at 0x7f4967c62050>,1,0,"[{'n_iter': 200, 'patience': 100, 'input_size': 1, 'h_sizes': [40, 40]}]",[<class 'models.NueralNet'>],300,1,False,False,,,0.9,,,,,,,209,347,282,218,0.9952153110047847,0.7375886524822695,1.0,0.7018348623853211,naive_on_y
0.9,100,500,False,True,False,False,"{'transform_func': <function transform_X at 0x7f496a613370>, 'beta': array([1, 2, 3, 4]), 'uniform_range_x': [-2, 2]}",<function generate_sim_data at 0x7f4967c62050>,1,0,"[{'n_iter': 200, 'patience': 100, 'input_size': 1, 'h_sizes': [40, 40]}]",[<class 'models.NueralNet'>],300,1,False,True,True,True,0.9000000000000341,0.98,0.8700000000000001,0.9000000000000341,0.98,0.9866666666666667,5.0,254,401,270,230,1.0,0.9407407407407408,1.0,0.4304347826086956,CS_on_mean
0.9,100,500,False,True,False,False,"{'transform_func': <function transform_X at 0x7f496a613370>, 'beta': array([1, 2, 3, 4]), 'uniform_range_x': [-2, 2]}",<function generate_sim_data at 0x7f4967c62050>,1,0,"[{'n_iter': 200, 'patience': 100, 'input_size': 1, 'h_sizes': [40, 40]}]",[<class 'models.NueralNet'>],300,1,False,False,,,0.9,,,,,,,267,306,270,230,0.9887640449438202,0.9777777777777777,1.0,0.8434782608695652,naive_on_mean
0.9,100,500,False,True,False,False,"{'transform_func': <function transform_X at 0x7f496a613370>, 'beta': array([1, 2, 3, 4]), 'uniform_range_x': [-2, 2]}",<function generate_sim_data at 0x7f4967c62050>,1,0,"[{'n_iter': 200, 'patience': 100, 'input_size': 1, 'h_sizes': [40, 40]}]",[<class 'models.NueralNet'>],300,1,False,True,False,True,0.9000000000000341,0.9766666666666667,0.8466666666666667,0.9000000000000341,0.9766666666666667,1.0,29.0,149,457,270,230,1.0,0.5518518518518518,1.0,0.18695652173913047,CS_on_y
0.9,100,500,False,True,False,False,"{'transform_func': <function transform_X at 0x7f496a613370>, 'beta': array([1, 2, 3, 4]), 'uniform_range_x': [-2, 2]}",<function generate_sim_data at 0x7f4967c62050>,1,0,"[{'n_iter': 200, 'patience': 100, 'input_size': 1, 'h_sizes': [40, 40]}]",[<class 'models.NueralNet'>],300,1,False,False,,,0.9,,,,,,,225,420,270,230,0.9955555555555555,0.8296296296296296,1.0,0.34782608695652173,naive_on_y
0.9,100,500,False,True,False,False,"{'transform_func': <function transform_X at 0x7f496a613370>, 'beta': array([1, 2, 3, 4]), 'uniform_range_x': [-2, 2]}",<function generate_sim_data at 0x7f4967c62050>,1,0,"[{'n_iter': 200, 'patience': 100, 'input_size': 1, 'h_sizes': [40, 40]}]",[<class 'models.NueralNet'>],300,1,False,True,True,True,0.8999999999999773,0.9666666666666667,0.8399999999999999,0.8999999999999773,0.9666666666666667,0.97,3.0,242,324,271,229,1.0,0.8929889298892989,1.0,0.7685589519650655,CS_on_mean
0.9,100,500,False,True,False,False,"{'transform_func': <function transform_X at 0x7f496a613370>, 'beta': array([1, 2, 3, 4]), 'uniform_range_x': [-2, 2]}",<function generate_sim_data at 0x7f4967c62050>,1,0,"[{'n_iter': 200, 'patience': 100, 'input_size': 1, 'h_sizes': [40, 40]}]",[<class 'models.NueralNet'>],300,1,False,True,,,0.9,,,,,,,247,298,271,229,1.0,0.9114391143911439,1.0,0.8820960698689957,naive_on_mean
0.9,100,500,False,True,False,False,"{'transform_func': <function transform_X at 0x7f496a613370>, 'beta': array([1, 2, 3, 4]), 'uniform_range_x': [-2, 2]}",<function generate_sim_data at 0x7f4967c62050>,1,0,"[{'n_iter': 200, 'patience': 100, 'input_size': 1, 'h_sizes': [40, 40]}]",[<class 'models.NueralNet'>],300,1,False,True,True,True,0.9000000000000341,0.98,0.8166666666666667,0.9000000000000341,0.98,1.0,38.0,132,465,273,227,1.0,0.48351648351648346,1.0,0.1541850220264317,CS_on_y
0.9,100,500,False,True,False,False,"{'transform_func': <function transform_X at 0x7f496a613370>, 'beta': array([1, 2, 3, 4]), 'uniform_range_x': [-2, 2]}",<function generate_sim_data at 0x7f4967c62050>,1,0,"[{'n_iter': 200, 'patience': 100, 'input_size': 1, 'h_sizes': [40, 40]}]",[<class 'models.NueralNet'>],300,1,False,True,,,0.9,,,,,,,217,359,273,227,1.0,0.7948717948717949,1.0,0.6211453744493391,naive_on_y
0.9,100,500,False,True,False,False,"{'transform_func': <function transform_X at 0x7f496a613370>, 'beta': array([1, 2, 3, 4]), 'uniform_range_x': [-2, 2]}",<function generate_sim_data at 0x7f4967c62050>,1,0,"[{'n_iter': 200, 'patience': 100, 'input_size': 1, 'h_sizes': [40, 40]}]",[<class 'models.NueralNet'>],300,1,False,True,True,True,0.8999999999999773,0.9866666666666667,0.9333333333333333,0.8999999999999773,0.9866666666666667,0.9866666666666667,10.0,251,373,274,226,1.0,0.916058394160584,1.0,0.5619469026548672,CS_on_mean
0.9,100,500,False,True,False,False,"{'transform_func': <function transform_X at 0x7f496a613370>, 'beta': array([1, 2, 3, 4]), 'uniform_range_x': [-2, 2]}",<function generate_sim_data at 0x7f4967c62050>,1,0,"[{'n_iter': 200, 'patience': 100, 'input_size': 1, 'h_sizes': [40, 40]}]",[<class 'models.NueralNet'>],300,1,False,False,,,0.9,,,,,,,267,311,274,226,0.9962546816479401,0.9708029197080292,1.0,0.8362831858407079,naive_on_mean
0.9,100,500,False,True,False,False,"{'transform_func': <function transform_X at 0x7f496a613370>, 'beta': array([1, 2, 3, 4]), 'uniform_range_x': [-2, 2]}",<function generate_sim_data at 0x7f4967c62050>,1,0,"[{'n_iter': 200, 'patience': 100, 'input_size': 1, 'h_sizes': [40, 40]}]",[<class 'models.NueralNet'>],300,1,False,True,True,True,0.9000000000000341,0.9733333333333334,0.8333333333333335,0.9000000000000341,0.9733333333333334,0.9933333333333333,43.0,139,480,271,229,1.0,0.5129151291512914,1.0,0.0873362445414847,CS_on_y
0.9,100,500,False,True,False,False,"{'transform_func': <function transform_X at 0x7f496a613370>, 'beta': array([1, 2, 3, 4]), 'uniform_range_x': [-2, 2]}",<function generate_sim_data at 0x7f4967c62050>,1,0,"[{'n_iter': 200, 'patience': 100, 'input_size': 1, 'h_sizes': [40, 40]}]",[<class 'models.NueralNet'>],300,1,False,True,,,0.9,,,,,,,218,358,271,229,1.0,0.8044280442804428,1.0,0.6200873362445415,naive_on_y
0.9,100,500,False,True,False,False,"{'transform_func': <function transform_X at 0x7f496a613370>, 'beta': array([1, 2, 3, 4]), 'uniform_range_x': [-2, 2]}",<function generate_sim_data at 0x7f4967c62050>,1,0,"[{'n_iter': 200, 'patience': 100, 'input_size': 1, 'h_sizes': [40, 40]}]",[<class 'models.NueralNet'>],300,1,False,True,True,True,0.9000000000000341,0.9833333333333333,0.8933333333333333,0.9000000000000341,0.9833333333333333,0.9866666666666667,8.0,262,336,298,202,1.0,0.8791946308724832,1.0,0.8118811881188119,CS_on_mean
0.9,100,500,False,True,False,False,"{'transform_func': <function transform_X at 0x7f496a613370>, 'beta': array([1, 2, 3, 4]), 'uniform_range_x': [-2, 2]}",<function generate_sim_data at 0x7f4967c62050>,1,0,"[{'n_iter': 200, 'patience': 100, 'input_size': 1, 'h_sizes': [40, 40]}]",[<class 'models.NueralNet'>],300,1,False,True,,,0.9,,,,,,,283,322,298,202,1.0,0.9496644295302014,1.0,0.8811881188118812,naive_on_mean
0.9,100,500,False,True,False,False,"{'transform_func': <function transform_X at 0x7f496a613370>, 'beta': array([1, 2, 3, 4]), 'uniform_range_x': [-2, 2]}",<function generate_sim_data at 0x7f4967c62050>,1,0,"[{'n_iter': 200, 'patience': 100, 'input_size': 1, 'h_sizes': [40, 40]}]",[<class 'models.NueralNet'>],300,1,False,True,True,True,0.9000000000000341,0.98,0.9033333333333333,0.9000000000000341,0.98,1.0,50.0,172,404,301,199,1.0,0.5714285714285714,1.0,0.4824120603015075,CS_on_y
0.9,100,500,False,True,False,False,"{'transform_func': <function transform_X at 0x7f496a613370>, 'beta': array([1, 2, 3, 4]), 'uniform_range_x': [-2, 2]}",<function generate_sim_data at 0x7f4967c62050>,1,0,"[{'n_iter': 200, 'patience': 100, 'input_size': 1, 'h_sizes': [40, 40]}]",[<class 'models.NueralNet'>],300,1,False,False,,,0.9,,,,,,,237,365,301,199,1.0,0.787375415282392,0.9925925925925926,0.6733668341708543,naive_on_y
0.9,100,500,False,True,False,False,"{'transform_func': <function transform_X at 0x7f496a613370>, 'beta': array([1, 2, 3, 4]), 'uniform_range_x': [-2, 2]}",<function generate_sim_data at 0x7f4967c62050>,1,0,"[{'n_iter': 200, 'patience': 100, 'input_size': 1, 'h_sizes': [40, 40]}]",[<class 'models.NueralNet'>],300,1,False,True,True,True,0.8999999999999773,0.9633333333333334,0.7733333333333334,0.8999999999999773,0.9633333333333334,0.9866666666666667,5.0,241,286,265,235,1.0,0.909433962264151,1.0,0.9106382978723404,CS_on_mean
0.9,100,500,False,True,False,False,"{'transform_func': <function transform_X at 0x7f496a613370>, 'beta': array([1, 2, 3, 4]), 'uniform_range_x': [-2, 2]}",<function generate_sim_data at 0x7f4967c62050>,1,0,"[{'n_iter': 200, 'patience': 100, 'input_size': 1, 'h_sizes': [40, 40]}]",[<class 'models.NueralNet'>],300,1,False,True,,,0.9,,,,,,,247,281,265,235,1.0,0.9320754716981132,1.0,0.9319148936170213,naive_on_mean
0.9,100,500,False,True,False,False,"{'transform_func': <function transform_X at 0x7f496a613370>, 'beta': array([1, 2, 3, 4]), 'uniform_range_x': [-2, 2]}",<function generate_sim_data at 0x7f4967c62050>,1,0,"[{'n_iter': 200, 'patience': 100, 'input_size': 1, 'h_sizes': [40, 40]}]",[<class 'models.NueralNet'>],300,1,False,True,True,True,0.9000000000000341,0.9533333333333334,0.7233333333333332,0.9000000000000341,0.9533333333333334,0.9833333333333333,20.0,155,473,265,235,1.0,0.5849056603773585,1.0,0.11489361702127665,CS_on_y
0.9,100,500,False,True,False,False,"{'transform_func': <function transform_X at 0x7f496a613370>, 'beta': array([1, 2, 3, 4]), 'uniform_range_x': [-2, 2]}",<function generate_sim_data at 0x7f4967c62050>,1,0,"[{'n_iter': 200, 'patience': 100, 'input_size': 1, 'h_sizes': [40, 40]}]",[<class 'models.NueralNet'>],300,1,False,True,,,0.9,,,,,,,198,373,265,235,1.0,0.7471698113207548,1.0,0.5404255319148936,naive_on_y
0.9,100,500,False,True,False,False,"{'transform_func': <function transform_X at 0x7f496a613370>, 'beta': array([1, 2, 3, 4]), 'uniform_range_x': [-2, 2]}",<function generate_sim_data at 0x7f4967c62050>,1,0,"[{'n_iter': 200, 'patience': 100, 'input_size': 1, 'h_sizes': [40, 40]}]",[<class 'models.NueralNet'>],300,1,False,True,True,True,0.9000000000000341,0.95,0.75,0.9000000000000341,0.95,0.98,5.0,253,277,262,238,1.0,0.9656488549618321,1.0,0.9369747899159664,CS_on_mean
0.9,100,500,False,True,False,False,"{'transform_func': <function transform_X at 0x7f496a613370>, 'beta': array([1, 2, 3, 4]), 'uniform_range_x': [-2, 2]}",<function generate_sim_data at 0x7f4967c62050>,1,0,"[{'n_iter': 200, 'patience': 100, 'input_size': 1, 'h_sizes': [40, 40]}]",[<class 'models.NueralNet'>],300,1,False,True,,,0.9,,,,,,,255,277,262,238,1.0,0.9732824427480916,1.0,0.9369747899159664,naive_on_mean
0.9,100,500,False,True,False,False,"{'transform_func': <function transform_X at 0x7f496a613370>, 'beta': array([1, 2, 3, 4]), 'uniform_range_x': [-2, 2]}",<function generate_sim_data at 0x7f4967c62050>,1,0,"[{'n_iter': 200, 'patience': 100, 'input_size': 1, 'h_sizes': [40, 40]}]",[<class 'models.NueralNet'>],300,1,False,True,True,True,0.9000000000000341,0.9633333333333334,0.79,0.9000000000000341,0.9633333333333334,0.9966666666666667,39.0,169,423,271,229,1.0,0.6236162361623616,1.0,0.33624454148471616,CS_on_y
0.9,100,500,False,True,False,False,"{'transform_func': <function transform_X at 0x7f496a613370>, 'beta': array([1, 2, 3, 4]), 'uniform_range_x': [-2, 2]}",<function generate_sim_data at 0x7f4967c62050>,1,0,"[{'n_iter': 200, 'patience': 100, 'input_size': 1, 'h_sizes': [40, 40]}]",[<class 'models.NueralNet'>],300,1,False,True,,,0.9,,,,,,,212,323,271,229,1.0,0.7822878228782288,1.0,0.7729257641921398,naive_on_y
0.9,100,500,False,True,False,False,"{'transform_func': <function transform_X at 0x7f496a613370>, 'beta': array([1, 2, 3, 4]), 'uniform_range_x': [-2, 2]}",<function generate_sim_data at 0x7f4967c62050>,1,0,"[{'n_iter': 200, 'patience': 100, 'input_size': 1, 'h_sizes': [40, 40]}]",[<class 'models.NueralNet'>],300,1,False,True,True,True,0.8999999999999204,0.97,0.9266666666666667,0.8999999999999204,0.97,0.99,13.0,237,294,264,236,1.0,0.8977272727272727,1.0,0.8728813559322034,CS_on_mean
0.9,100,500,False,True,False,False,"{'transform_func': <function transform_X at 0x7f496a613370>, 'beta': array([1, 2, 3, 4]), 'uniform_range_x': [-2, 2]}",<function generate_sim_data at 0x7f4967c62050>,1,0,"[{'n_iter': 200, 'patience': 100, 'input_size': 1, 'h_sizes': [40, 40]}]",[<class 'models.NueralNet'>],300,1,False,False,,,0.9,,,,,,,245,284,264,236,0.9959183673469387,0.9242424242424242,1.0,0.9152542372881356,naive_on_mean
0.9,100,500,False,True,False,False,"{'transform_func': <function transform_X at 0x7f496a613370>, 'beta': array([1, 2, 3, 4]), 'uniform_range_x': [-2, 2]}",<function generate_sim_data at 0x7f4967c62050>,1,0,"[{'n_iter': 200, 'patience': 100, 'input_size': 1, 'h_sizes': [40, 40]}]",[<class 'models.NueralNet'>],300,1,False,True,True,True,0.9000000000000341,0.9733333333333334,0.7666666666666666,0.9000000000000341,0.9733333333333334,1.0,19.0,114,435,264,236,1.0,0.43181818181818177,1.0,0.27542372881355937,CS_on_y
0.9,100,500,False,True,False,False,"{'transform_func': <function transform_X at 0x7f496a613370>, 'beta': array([1, 2, 3, 4]), 'uniform_range_x': [-2, 2]}",<function generate_sim_data at 0x7f4967c62050>,1,0,"[{'n_iter': 200, 'patience': 100, 'input_size': 1, 'h_sizes': [40, 40]}]",[<class 'models.NueralNet'>],300,1,False,True,,,0.9,,,,,,,197,330,264,236,1.0,0.7462121212121212,1.0,0.7203389830508475,naive_on_y
0.9,100,500,False,True,False,False,"{'transform_func': <function transform_X at 0x7f496a613370>, 'beta': array([1, 2, 3, 4]), 'uniform_range_x': [-2, 2]}",<function generate_sim_data at 0x7f4967c62050>,1,0,"[{'n_iter': 200, 'patience': 100, 'input_size': 1, 'h_sizes': [40, 40]}]",[<class 'models.NueralNet'>],300,1,False,True,True,True,0.9000000000000341,0.9733333333333334,0.8966666666666665,0.9000000000000341,0.9733333333333334,0.9866666666666667,12.0,248,318,267,233,1.0,0.9288389513108615,1.0,0.7811158798283262,CS_on_mean
0.9,100,500,False,True,False,False,"{'transform_func': <function transform_X at 0x7f496a613370>, 'beta': array([1, 2, 3, 4]), 'uniform_range_x': [-2, 2]}",<function generate_sim_data at 0x7f4967c62050>,1,0,"[{'n_iter': 200, 'patience': 100, 'input_size': 1, 'h_sizes': [40, 40]}]",[<class 'models.NueralNet'>],300,1,False,True,,,0.9,,,,,,,257,303,267,233,1.0,0.9625468164794008,1.0,0.8454935622317596,naive_on_mean
0.9,100,500,False,True,False,False,"{'transform_func': <function transform_X at 0x7f496a613370>, 'beta': array([1, 2, 3, 4]), 'uniform_range_x': [-2, 2]}",<function generate_sim_data at 0x7f4967c62050>,1,0,"[{'n_iter': 200, 'patience': 100, 'input_size': 1, 'h_sizes': [40, 40]}]",[<class 'models.NueralNet'>],300,1,False,True,True,True,0.8999999999999773,0.9666666666666667,0.7433333333333332,0.8999999999999773,0.9666666666666667,0.9933333333333333,18.0,137,457,270,230,1.0,0.5074074074074074,1.0,0.18695652173913047,CS_on_y
0.9,100,500,False,True,False,False,"{'transform_func': <function transform_X at 0x7f496a613370>, 'beta': array([1, 2, 3, 4]), 'uniform_range_x': [-2, 2]}",<function generate_sim_data at 0x7f4967c62050>,1,0,"[{'n_iter': 200, 'patience': 100, 'input_size': 1, 'h_sizes': [40, 40]}]",[<class 'models.NueralNet'>],300,1,False,False,,,0.9,,,,,,,191,352,270,230,0.9947643979057592,0.7037037037037037,0.9932432432432432,0.6391304347826087,naive_on_y
0.9,100,500,False,True,False,False,"{'transform_func': <function transform_X at 0x7f496a613370>, 'beta': array([1, 2, 3, 4]), 'uniform_range_x': [-2, 2]}",<function generate_sim_data at 0x7f4967c62050>,1,0,"[{'n_iter': 200, 'patience': 100, 'input_size': 1, 'h_sizes': [40, 40]}]",[<class 'models.NueralNet'>],300,1,False,True,True,True,0.9000000000000341,0.97,0.8999999999999999,0.9000000000000341,0.97,0.99,15.0,232,304,249,251,1.0,0.9317269076305221,1.0,0.7808764940239044,CS_on_mean
0.9,100,500,False,True,False,False,"{'transform_func': <function transform_X at 0x7f496a613370>, 'beta': array([1, 2, 3, 4]), 'uniform_range_x': [-2, 2]}",<function generate_sim_data at 0x7f4967c62050>,1,0,"[{'n_iter': 200, 'patience': 100, 'input_size': 1, 'h_sizes': [40, 40]}]",[<class 'models.NueralNet'>],300,1,False,True,,,0.9,,,,,,,240,275,249,251,1.0,0.963855421686747,1.0,0.896414342629482,naive_on_mean
0.9,100,500,False,True,False,False,"{'transform_func': <function transform_X at 0x7f496a613370>, 'beta': array([1, 2, 3, 4]), 'uniform_range_x': [-2, 2]}",<function generate_sim_data at 0x7f4967c62050>,1,0,"[{'n_iter': 200, 'patience': 100, 'input_size': 1, 'h_sizes': [40, 40]}]",[<class 'models.NueralNet'>],300,1,False,True,True,True,0.9000000000000341,0.9666666666666667,0.7266666666666666,0.9000000000000341,0.9666666666666667,0.9933333333333333,27.0,141,499,251,249,1.0,0.5617529880478087,1.0,0.004016064257028162,CS_on_y
0.9,100,500,False,True,False,False,"{'transform_func': <function transform_X at 0x7f496a613370>, 'beta': array([1, 2, 3, 4]), 'uniform_range_x': [-2, 2]}",<function generate_sim_data at 0x7f4967c62050>,1,0,"[{'n_iter': 200, 'patience': 100, 'input_size': 1, 'h_sizes': [40, 40]}]",[<class 'models.NueralNet'>],300,1,False,True,,,0.9,,,,,,,197,415,251,249,1.0,0.7848605577689243,1.0,0.3413654618473896,naive_on_y
0.9,100,500,False,True,False,False,"{'transform_func': <function transform_X at 0x7f496a613370>, 'beta': array([1, 2, 3, 4]), 'uniform_range_x': [-2, 2]}",<function generate_sim_data at 0x7f4967c62050>,1,0,"[{'n_iter': 200, 'patience': 100, 'input_size': 1, 'h_sizes': [40, 40]}]",[<class 'models.NueralNet'>],300,1,False,True,True,True,0.8999999999999773,0.9533333333333334,0.8300000000000001,0.8999999999999773,0.9533333333333334,0.9833333333333333,5.0,240,292,261,239,1.0,0.9195402298850575,1.0,0.8702928870292888,CS_on_mean
0.9,100,500,False,True,False,False,"{'transform_func': <function transform_X at 0x7f496a613370>, 'beta': array([1, 2, 3, 4]), 'uniform_range_x': [-2, 2]}",<function generate_sim_data at 0x7f4967c62050>,1,0,"[{'n_iter': 200, 'patience': 100, 'input_size': 1, 'h_sizes': [40, 40]}]",[<class 'models.NueralNet'>],300,1,False,True,,,0.9,,,,,,,240,283,261,239,1.0,0.9195402298850575,1.0,0.9079497907949791,naive_on_mean
0.9,100,500,False,True,False,False,"{'transform_func': <function transform_X at 0x7f496a613370>, 'beta': array([1, 2, 3, 4]), 'uniform_range_x': [-2, 2]}",<function generate_sim_data at 0x7f4967c62050>,1,0,"[{'n_iter': 200, 'patience': 100, 'input_size': 1, 'h_sizes': [40, 40]}]",[<class 'models.NueralNet'>],300,1,False,True,True,True,0.8999999999999773,0.9766666666666667,0.9266666666666667,0.8999999999999773,0.9766666666666667,0.9966666666666667,59.0,148,391,268,232,1.0,0.5522388059701493,1.0,0.4698275862068966,CS_on_y
0.9,100,500,False,True,False,False,"{'transform_func': <function transform_X at 0x7f496a613370>, 'beta': array([1, 2, 3, 4]), 'uniform_range_x': [-2, 2]}",<function generate_sim_data at 0x7f4967c62050>,1,0,"[{'n_iter': 200, 'patience': 100, 'input_size': 1, 'h_sizes': [40, 40]}]",[<class 'models.NueralNet'>],300,1,False,True,,,0.9,,,,,,,204,325,268,232,1.0,0.7611940298507462,1.0,0.7543103448275862,naive_on_y
0.9,100,500,False,True,False,False,"{'transform_func': <function transform_X at 0x7f496a613370>, 'beta': array([1, 2, 3, 4]), 'uniform_range_x': [-2, 2]}",<function generate_sim_data at 0x7f4967c62050>,1,0,"[{'n_iter': 200, 'patience': 100, 'input_size': 1, 'h_sizes': [40, 40]}]",[<class 'models.NueralNet'>],300,1,False,True,True,True,0.9000000000000341,0.95,0.7333333333333334,0.9000000000000341,0.95,0.9666666666666667,4.0,231,267,247,253,1.0,0.9352226720647774,1.0,0.9209486166007905,CS_on_mean
0.9,100,500,False,True,False,False,"{'transform_func': <function transform_X at 0x7f496a613370>, 'beta': array([1, 2, 3, 4]), 'uniform_range_x': [-2, 2]}",<function generate_sim_data at 0x7f4967c62050>,1,0,"[{'n_iter': 200, 'patience': 100, 'input_size': 1, 'h_sizes': [40, 40]}]",[<class 'models.NueralNet'>],300,1,False,True,,,0.9,,,,,,,235,266,247,253,1.0,0.951417004048583,1.0,0.924901185770751,naive_on_mean
0.9,100,500,False,True,False,False,"{'transform_func': <function transform_X at 0x7f496a613370>, 'beta': array([1, 2, 3, 4]), 'uniform_range_x': [-2, 2]}",<function generate_sim_data at 0x7f4967c62050>,1,0,"[{'n_iter': 200, 'patience': 100, 'input_size': 1, 'h_sizes': [40, 40]}]",[<class 'models.NueralNet'>],300,1,False,True,True,True,0.9000000000000341,0.9766666666666667,0.8266666666666667,0.9000000000000341,0.9766666666666667,0.9966666666666667,52.0,128,452,250,250,1.0,0.512,1.0,0.19199999999999995,CS_on_y
0.9,100,500,False,True,False,False,"{'transform_func': <function transform_X at 0x7f496a613370>, 'beta': array([1, 2, 3, 4]), 'uniform_range_x': [-2, 2]}",<function generate_sim_data at 0x7f4967c62050>,1,0,"[{'n_iter': 200, 'patience': 100, 'input_size': 1, 'h_sizes': [40, 40]}]",[<class 'models.NueralNet'>],300,1,False,True,,,0.9,,,,,,,193,332,250,250,1.0,0.772,1.0,0.6719999999999999,naive_on_y
0.9,100,500,False,True,False,False,"{'transform_func': <function transform_X at 0x7f496a613370>, 'beta': array([1, 2, 3, 4]), 'uniform_range_x': [-2, 2]}",<function generate_sim_data at 0x7f4967c62050>,1,0,"[{'n_iter': 200, 'patience': 100, 'input_size': 1, 'h_sizes': [40, 40]}]",[<class 'models.NueralNet'>],300,1,False,True,True,True,0.8999999999999773,0.9666666666666667,0.8399999999999999,0.8999999999999773,0.9666666666666667,0.9833333333333333,4.0,223,300,263,237,1.0,0.8479087452471483,1.0,0.8438818565400844,CS_on_mean
0.9,100,500,False,True,False,False,"{'transform_func': <function transform_X at 0x7f496a613370>, 'beta': array([1, 2, 3, 4]), 'uniform_range_x': [-2, 2]}",<function generate_sim_data at 0x7f4967c62050>,1,0,"[{'n_iter': 200, 'patience': 100, 'input_size': 1, 'h_sizes': [40, 40]}]",[<class 'models.NueralNet'>],300,1,False,True,,,0.9,,,,,,,243,292,263,237,1.0,0.9239543726235742,1.0,0.8776371308016877,naive_on_mean
0.9,100,500,False,True,False,False,"{'transform_func': <function transform_X at 0x7f496a613370>, 'beta': array([1, 2, 3, 4]), 'uniform_range_x': [-2, 2]}",<function generate_sim_data at 0x7f4967c62050>,1,0,"[{'n_iter': 200, 'patience': 100, 'input_size': 1, 'h_sizes': [40, 40]}]",[<class 'models.NueralNet'>],300,1,False,True,True,True,0.9000000000000341,0.9733333333333334,0.7466666666666666,0.9000000000000341,0.9733333333333334,0.9933333333333333,28.0,147,397,264,236,1.0,0.5568181818181819,1.0,0.43644067796610164,CS_on_y
0.9,100,500,False,True,False,False,"{'transform_func': <function transform_X at 0x7f496a613370>, 'beta': array([1, 2, 3, 4]), 'uniform_range_x': [-2, 2]}",<function generate_sim_data at 0x7f4967c62050>,1,0,"[{'n_iter': 200, 'patience': 100, 'input_size': 1, 'h_sizes': [40, 40]}]",[<class 'models.NueralNet'>],300,1,False,True,,,0.9,,,,,,,188,352,264,236,1.0,0.7121212121212122,1.0,0.6271186440677966,naive_on_y
0.9,100,500,False,True,False,False,"{'transform_func': <function transform_X at 0x7f496a613370>, 'beta': array([1, 2, 3, 4]), 'uniform_range_x': [-2, 2]}",<function generate_sim_data at 0x7f4967c62050>,1,0,"[{'n_iter': 200, 'patience': 100, 'input_size': 1, 'h_sizes': [40, 40]}]",[<class 'models.NueralNet'>],300,1,False,True,True,True,0.8999999999999773,0.99,0.9333333333333333,0.8999999999999773,0.99,0.9866666666666667,1.0,207,305,273,227,1.0,0.7582417582417582,1.0,0.8590308370044053,CS_on_mean
0.9,100,500,False,True,False,False,"{'transform_func': <function transform_X at 0x7f496a613370>, 'beta': array([1, 2, 3, 4]), 'uniform_range_x': [-2, 2]}",<function generate_sim_data at 0x7f4967c62050>,1,0,"[{'n_iter': 200, 'patience': 100, 'input_size': 1, 'h_sizes': [40, 40]}]",[<class 'models.NueralNet'>],300,1,False,True,,,0.9,,,,,,,236,284,273,227,1.0,0.8644688644688645,1.0,0.9515418502202643,naive_on_mean
0.9,100,500,False,True,False,False,"{'transform_func': <function transform_X at 0x7f496a613370>, 'beta': array([1, 2, 3, 4]), 'uniform_range_x': [-2, 2]}",<function generate_sim_data at 0x7f4967c62050>,1,0,"[{'n_iter': 200, 'patience': 100, 'input_size': 1, 'h_sizes': [40, 40]}]",[<class 'models.NueralNet'>],300,1,False,True,True,True,0.9000000000000341,0.9766666666666667,0.8433333333333333,0.9000000000000341,0.9766666666666667,0.9966666666666667,34.0,111,408,276,224,1.0,0.40217391304347827,1.0,0.4107142857142857,CS_on_y
0.9,100,500,False,True,False,False,"{'transform_func': <function transform_X at 0x7f496a613370>, 'beta': array([1, 2, 3, 4]), 'uniform_range_x': [-2, 2]}",<function generate_sim_data at 0x7f4967c62050>,1,0,"[{'n_iter': 200, 'patience': 100, 'input_size': 1, 'h_sizes': [40, 40]}]",[<class 'models.NueralNet'>],300,1,False,False,,,0.9,,,,,,,190,318,276,224,1.0,0.6884057971014492,0.9945054945054945,0.8080357142857143,naive_on_y
0.9,100,500,False,True,False,False,"{'transform_func': <function transform_X at 0x7f496a613370>, 'beta': array([1, 2, 3, 4]), 'uniform_range_x': [-2, 2]}",<function generate_sim_data at 0x7f4967c62050>,1,0,"[{'n_iter': 200, 'patience': 100, 'input_size': 1, 'h_sizes': [40, 40]}]",[<class 'models.NueralNet'>],300,1,False,True,True,True,0.9000000000000341,0.9766666666666667,0.8500000000000001,0.9000000000000341,0.9766666666666667,0.9766666666666667,23.0,228,301,248,252,1.0,0.9193548387096774,1.0,0.7896825396825397,CS_on_mean
0.9,100,500,False,True,False,False,"{'transform_func': <function transform_X at 0x7f496a613370>, 'beta': array([1, 2, 3, 4]), 'uniform_range_x': [-2, 2]}",<function generate_sim_data at 0x7f4967c62050>,1,0,"[{'n_iter': 200, 'patience': 100, 'input_size': 1, 'h_sizes': [40, 40]}]",[<class 'models.NueralNet'>],300,1,False,True,,,0.9,,,,,,,236,281,248,252,1.0,0.9516129032258065,1.0,0.8690476190476191,naive_on_mean
0.9,100,500,False,True,False,False,"{'transform_func': <function transform_X at 0x7f496a613370>, 'beta': array([1, 2, 3, 4]), 'uniform_range_x': [-2, 2]}",<function generate_sim_data at 0x7f4967c62050>,1,0,"[{'n_iter': 200, 'patience': 100, 'input_size': 1, 'h_sizes': [40, 40]}]",[<class 'models.NueralNet'>],300,1,False,True,True,True,0.9000000000000341,0.9633333333333334,0.8199999999999998,0.9000000000000341,0.9633333333333334,0.9966666666666667,33.0,130,486,252,248,1.0,0.5158730158730158,1.0,0.056451612903225756,CS_on_y
0.9,100,500,False,True,False,False,"{'transform_func': <function transform_X at 0x7f496a613370>, 'beta': array([1, 2, 3, 4]), 'uniform_range_x': [-2, 2]}",<function generate_sim_data at 0x7f4967c62050>,1,0,"[{'n_iter': 200, 'patience': 100, 'input_size': 1, 'h_sizes': [40, 40]}]",[<class 'models.NueralNet'>],300,1,False,False,,,0.9,,,,,,,201,340,252,248,0.9950248756218906,0.7936507936507937,1.0,0.6451612903225806,naive_on_y
0.9,100,500,False,True,False,False,"{'transform_func': <function transform_X at 0x7f496a613370>, 'beta': array([1, 2, 3, 4]), 'uniform_range_x': [-2, 2]}",<function generate_sim_data at 0x7f4967c62050>,1,0,"[{'n_iter': 200, 'patience': 100, 'input_size': 1, 'h_sizes': [40, 40]}]",[<class 'models.NueralNet'>],300,1,False,True,True,True,0.9000000000000341,0.9733333333333334,0.8500000000000001,0.9000000000000341,0.9733333333333334,0.9933333333333333,7.0,229,286,254,246,1.0,0.9015748031496063,1.0,0.8699186991869918,CS_on_mean
0.9,100,500,False,True,False,False,"{'transform_func': <function transform_X at 0x7f496a613370>, 'beta': array([1, 2, 3, 4]), 'uniform_range_x': [-2, 2]}",<function generate_sim_data at 0x7f4967c62050>,1,0,"[{'n_iter': 200, 'patience': 100, 'input_size': 1, 'h_sizes': [40, 40]}]",[<class 'models.NueralNet'>],300,1,False,True,,,0.9,,,,,,,234,268,254,246,1.0,0.9212598425196851,1.0,0.943089430894309,naive_on_mean
0.9,100,500,False,True,False,False,"{'transform_func': <function transform_X at 0x7f496a613370>, 'beta': array([1, 2, 3, 4]), 'uniform_range_x': [-2, 2]}",<function generate_sim_data at 0x7f4967c62050>,1,0,"[{'n_iter': 200, 'patience': 100, 'input_size': 1, 'h_sizes': [40, 40]}]",[<class 'models.NueralNet'>],300,1,False,True,True,True,0.9000000000000341,0.97,0.7133333333333334,0.9000000000000341,0.97,0.9966666666666667,22.0,138,414,253,247,1.0,0.5454545454545454,1.0,0.3481781376518218,CS_on_y
0.9,100,500,False,True,False,False,"{'transform_func': <function transform_X at 0x7f496a613370>, 'beta': array([1, 2, 3, 4]), 'uniform_range_x': [-2, 2]}",<function generate_sim_data at 0x7f4967c62050>,1,0,"[{'n_iter': 200, 'patience': 100, 'input_size': 1, 'h_sizes': [40, 40]}]",[<class 'models.NueralNet'>],300,1,False,True,,,0.9,,,,,,,187,316,253,247,1.0,0.7391304347826086,1.0,0.7449392712550607,naive_on_y
0.9,100,500,False,True,False,False,"{'transform_func': <function transform_X at 0x7f496a613370>, 'beta': array([1, 2, 3, 4]), 'uniform_range_x': [-2, 2]}",<function generate_sim_data at 0x7f4967c62050>,1,0,"[{'n_iter': 200, 'patience': 100, 'input_size': 1, 'h_sizes': [40, 40]}]",[<class 'models.NueralNet'>],300,1,False,True,True,True,0.9000000000000341,0.9833333333333333,0.9033333333333333,0.9000000000000341,0.9833333333333333,0.99,5.0,240,291,274,226,1.0,0.8759124087591241,1.0,0.9247787610619469,CS_on_mean
0.9,100,500,False,True,False,False,"{'transform_func': <function transform_X at 0x7f496a613370>, 'beta': array([1, 2, 3, 4]), 'uniform_range_x': [-2, 2]}",<function generate_sim_data at 0x7f4967c62050>,1,0,"[{'n_iter': 200, 'patience': 100, 'input_size': 1, 'h_sizes': [40, 40]}]",[<class 'models.NueralNet'>],300,1,False,True,,,0.9,,,,,,,251,283,274,226,1.0,0.916058394160584,1.0,0.9601769911504425,naive_on_mean
0.9,100,500,False,True,False,False,"{'transform_func': <function transform_X at 0x7f496a613370>, 'beta': array([1, 2, 3, 4]), 'uniform_range_x': [-2, 2]}",<function generate_sim_data at 0x7f4967c62050>,1,0,"[{'n_iter': 200, 'patience': 100, 'input_size': 1, 'h_sizes': [40, 40]}]",[<class 'models.NueralNet'>],300,1,False,True,True,True,0.9000000000000341,0.96,0.71,0.9000000000000341,0.96,1.0,24.0,174,379,278,222,1.0,0.6258992805755396,1.0,0.545045045045045,CS_on_y
0.9,100,500,False,True,False,False,"{'transform_func': <function transform_X at 0x7f496a613370>, 'beta': array([1, 2, 3, 4]), 'uniform_range_x': [-2, 2]}",<function generate_sim_data at 0x7f4967c62050>,1,0,"[{'n_iter': 200, 'patience': 100, 'input_size': 1, 'h_sizes': [40, 40]}]",[<class 'models.NueralNet'>],300,1,False,True,,,0.9,,,,,,,207,329,278,222,1.0,0.7446043165467626,1.0,0.7702702702702703,naive_on_y
0.9,100,500,False,True,False,False,"{'transform_func': <function transform_X at 0x7f496a613370>, 'beta': array([1, 2, 3, 4]), 'uniform_range_x': [-2, 2]}",<function generate_sim_data at 0x7f4967c62050>,1,0,"[{'n_iter': 200, 'patience': 100, 'input_size': 1, 'h_sizes': [40, 40]}]",[<class 'models.NueralNet'>],300,1,False,True,True,True,0.9000000000000341,0.96,0.8766666666666667,0.9000000000000341,0.96,0.98,6.0,249,306,275,225,1.0,0.9054545454545455,1.0,0.8622222222222222,CS_on_mean
0.9,100,500,False,True,False,False,"{'transform_func': <function transform_X at 0x7f496a613370>, 'beta': array([1, 2, 3, 4]), 'uniform_range_x': [-2, 2]}",<function generate_sim_data at 0x7f4967c62050>,1,0,"[{'n_iter': 200, 'patience': 100, 'input_size': 1, 'h_sizes': [40, 40]}]",[<class 'models.NueralNet'>],300,1,False,True,,,0.9,,,,,,,260,297,275,225,1.0,0.9454545454545454,1.0,0.9022222222222223,naive_on_mean
0.9,100,500,False,True,False,False,"{'transform_func': <function transform_X at 0x7f496a613370>, 'beta': array([1, 2, 3, 4]), 'uniform_range_x': [-2, 2]}",<function generate_sim_data at 0x7f4967c62050>,1,0,"[{'n_iter': 200, 'patience': 100, 'input_size': 1, 'h_sizes': [40, 40]}]",[<class 'models.NueralNet'>],300,1,False,True,True,True,0.9000000000000341,0.9533333333333334,0.7599999999999998,0.9000000000000341,0.9533333333333334,0.99,21.0,178,392,271,229,1.0,0.6568265682656826,1.0,0.47161572052401746,CS_on_y
0.9,100,500,False,True,False,False,"{'transform_func': <function transform_X at 0x7f496a613370>, 'beta': array([1, 2, 3, 4]), 'uniform_range_x': [-2, 2]}",<function generate_sim_data at 0x7f4967c62050>,1,0,"[{'n_iter': 200, 'patience': 100, 'input_size': 1, 'h_sizes': [40, 40]}]",[<class 'models.NueralNet'>],300,1,False,True,,,0.9,,,,,,,210,341,271,229,1.0,0.7749077490774907,1.0,0.6943231441048034,naive_on_y
0.9,100,500,False,True,False,False,"{'transform_func': <function transform_X at 0x7f496a613370>, 'beta': array([1, 2, 3, 4]), 'uniform_range_x': [-2, 2]}",<function generate_sim_data at 0x7f4967c62050>,1,0,"[{'n_iter': 200, 'patience': 100, 'input_size': 1, 'h_sizes': [40, 40]}]",[<class 'models.NueralNet'>],300,1,False,True,True,True,0.9000000000000341,0.9666666666666667,0.8799999999999999,0.9000000000000341,0.9666666666666667,0.9766666666666667,15.0,241,301,265,235,1.0,0.909433962264151,1.0,0.8468085106382979,CS_on_mean
0.9,100,500,False,True,False,False,"{'transform_func': <function transform_X at 0x7f496a613370>, 'beta': array([1, 2, 3, 4]), 'uniform_range_x': [-2, 2]}",<function generate_sim_data at 0x7f4967c62050>,1,0,"[{'n_iter': 200, 'patience': 100, 'input_size': 1, 'h_sizes': [40, 40]}]",[<class 'models.NueralNet'>],300,1,False,True,,,0.9,,,,,,,251,280,265,235,1.0,0.9471698113207547,1.0,0.9361702127659575,naive_on_mean
0.9,100,500,False,True,False,False,"{'transform_func': <function transform_X at 0x7f496a613370>, 'beta': array([1, 2, 3, 4]), 'uniform_range_x': [-2, 2]}",<function generate_sim_data at 0x7f4967c62050>,1,0,"[{'n_iter': 200, 'patience': 100, 'input_size': 1, 'h_sizes': [40, 40]}]",[<class 'models.NueralNet'>],300,1,False,True,True,True,0.9000000000000341,0.97,0.74,0.9000000000000341,0.97,0.9933333333333333,11.0,136,402,262,238,1.0,0.5190839694656488,1.0,0.4117647058823529,CS_on_y
0.9,100,500,False,True,False,False,"{'transform_func': <function transform_X at 0x7f496a613370>, 'beta': array([1, 2, 3, 4]), 'uniform_range_x': [-2, 2]}",<function generate_sim_data at 0x7f4967c62050>,1,0,"[{'n_iter': 200, 'patience': 100, 'input_size': 1, 'h_sizes': [40, 40]}]",[<class 'models.NueralNet'>],300,1,False,True,,,0.9,,,,,,,194,350,262,238,1.0,0.7404580152671756,1.0,0.6302521008403361,naive_on_y
0.9,100,500,False,True,False,False,"{'transform_func': <function transform_X at 0x7f496a613370>, 'beta': array([1, 2, 3, 4]), 'uniform_range_x': [-2, 2]}",<function generate_sim_data at 0x7f4967c62050>,1,0,"[{'n_iter': 200, 'patience': 100, 'input_size': 1, 'h_sizes': [40, 40]}]",[<class 'models.NueralNet'>],300,1,False,True,True,True,0.9000000000000341,0.9566666666666667,0.81,0.9000000000000341,0.9566666666666667,0.9633333333333334,5.0,250,285,261,239,1.0,0.9578544061302682,1.0,0.899581589958159,CS_on_mean
0.9,100,500,False,True,False,False,"{'transform_func': <function transform_X at 0x7f496a613370>, 'beta': array([1, 2, 3, 4]), 'uniform_range_x': [-2, 2]}",<function generate_sim_data at 0x7f4967c62050>,1,0,"[{'n_iter': 200, 'patience': 100, 'input_size': 1, 'h_sizes': [40, 40]}]",[<class 'models.NueralNet'>],300,1,False,True,,,0.9,,,,,,,250,275,261,239,1.0,0.9578544061302682,1.0,0.9414225941422594,naive_on_mean
0.9,100,500,False,True,False,False,"{'transform_func': <function transform_X at 0x7f496a613370>, 'beta': array([1, 2, 3, 4]), 'uniform_range_x': [-2, 2]}",<function generate_sim_data at 0x7f4967c62050>,1,0,"[{'n_iter': 200, 'patience': 100, 'input_size': 1, 'h_sizes': [40, 40]}]",[<class 'models.NueralNet'>],300,1,False,True,True,True,0.8999999999999773,0.98,0.9333333333333333,0.8999999999999773,0.98,1.0,49.0,157,393,257,243,1.0,0.6108949416342413,1.0,0.4403292181069959,CS_on_y
0.9,100,500,False,True,False,False,"{'transform_func': <function transform_X at 0x7f496a613370>, 'beta': array([1, 2, 3, 4]), 'uniform_range_x': [-2, 2]}",<function generate_sim_data at 0x7f4967c62050>,1,0,"[{'n_iter': 200, 'patience': 100, 'input_size': 1, 'h_sizes': [40, 40]}]",[<class 'models.NueralNet'>],300,1,False,False,,,0.9,,,,,,,205,331,257,243,1.0,0.7976653696498055,0.9940828402366864,0.691358024691358,naive_on_y
0.9,100,500,False,True,False,False,"{'transform_func': <function transform_X at 0x7f496a613370>, 'beta': array([1, 2, 3, 4]), 'uniform_range_x': [-2, 2]}",<function generate_sim_data at 0x7f4967c62050>,1,0,"[{'n_iter': 200, 'patience': 100, 'input_size': 1, 'h_sizes': [40, 40]}]",[<class 'models.NueralNet'>],300,1,False,True,True,True,0.9000000000000341,0.9666666666666667,0.8333333333333335,0.9000000000000341,0.9666666666666667,0.9766666666666667,10.0,231,277,259,241,1.0,0.8918918918918919,1.0,0.9253112033195021,CS_on_mean
0.9,100,500,False,True,False,False,"{'transform_func': <function transform_X at 0x7f496a613370>, 'beta': array([1, 2, 3, 4]), 'uniform_range_x': [-2, 2]}",<function generate_sim_data at 0x7f4967c62050>,1,0,"[{'n_iter': 200, 'patience': 100, 'input_size': 1, 'h_sizes': [40, 40]}]",[<class 'models.NueralNet'>],300,1,False,True,,,0.9,,,,,,,239,275,259,241,1.0,0.9227799227799228,1.0,0.9336099585062241,naive_on_mean
0.9,100,500,False,True,False,False,"{'transform_func': <function transform_X at 0x7f496a613370>, 'beta': array([1, 2, 3, 4]), 'uniform_range_x': [-2, 2]}",<function generate_sim_data at 0x7f4967c62050>,1,0,"[{'n_iter': 200, 'patience': 100, 'input_size': 1, 'h_sizes': [40, 40]}]",[<class 'models.NueralNet'>],300,1,False,True,True,True,0.9000000000000341,0.96,0.6733333333333333,0.9000000000000341,0.96,0.9933333333333333,14.0,145,487,262,238,1.0,0.5534351145038168,1.0,0.054621848739495826,CS_on_y
0.9,100,500,False,True,False,False,"{'transform_func': <function transform_X at 0x7f496a613370>, 'beta': array([1, 2, 3, 4]), 'uniform_range_x': [-2, 2]}",<function generate_sim_data at 0x7f4967c62050>,1,0,"[{'n_iter': 200, 'patience': 100, 'input_size': 1, 'h_sizes': [40, 40]}]",[<class 'models.NueralNet'>],300,1,False,True,,,0.9,,,,,,,202,414,262,238,1.0,0.7709923664122138,1.0,0.3613445378151261,naive_on_y
0.9,100,500,False,True,False,False,"{'transform_func': <function transform_X at 0x7f496a613370>, 'beta': array([1, 2, 3, 4]), 'uniform_range_x': [-2, 2]}",<function generate_sim_data at 0x7f4967c62050>,1,0,"[{'n_iter': 200, 'patience': 100, 'input_size': 1, 'h_sizes': [40, 40]}]",[<class 'models.NueralNet'>],300,1,False,True,True,True,0.8999999999999773,0.97,0.8466666666666667,0.8999999999999773,0.97,0.9766666666666667,10.0,241,374,282,218,1.0,0.8546099290780143,1.0,0.5779816513761468,CS_on_mean
0.9,100,500,False,True,False,False,"{'transform_func': <function transform_X at 0x7f496a613370>, 'beta': array([1, 2, 3, 4]), 'uniform_range_x': [-2, 2]}",<function generate_sim_data at 0x7f4967c62050>,1,0,"[{'n_iter': 200, 'patience': 100, 'input_size': 1, 'h_sizes': [40, 40]}]",[<class 'models.NueralNet'>],300,1,False,True,,,0.9,,,,,,,266,308,282,218,1.0,0.9432624113475178,1.0,0.8807339449541285,naive_on_mean
0.9,100,500,False,True,False,False,"{'transform_func': <function transform_X at 0x7f496a613370>, 'beta': array([1, 2, 3, 4]), 'uniform_range_x': [-2, 2]}",<function generate_sim_data at 0x7f4967c62050>,1,0,"[{'n_iter': 200, 'patience': 100, 'input_size': 1, 'h_sizes': [40, 40]}]",[<class 'models.NueralNet'>],300,1,False,True,True,True,0.900000000000091,0.99,0.9333333333333331,0.900000000000091,0.99,0.9933333333333333,28.0,137,456,273,227,1.0,0.5018315018315018,1.0,0.19383259911894268,CS_on_y
0.9,100,500,False,True,False,False,"{'transform_func': <function transform_X at 0x7f496a613370>, 'beta': array([1, 2, 3, 4]), 'uniform_range_x': [-2, 2]}",<function generate_sim_data at 0x7f4967c62050>,1,0,"[{'n_iter': 200, 'patience': 100, 'input_size': 1, 'h_sizes': [40, 40]}]",[<class 'models.NueralNet'>],300,1,False,False,,,0.9,,,,,,,217,380,273,227,0.9953917050691244,0.7912087912087912,0.9916666666666667,0.5242290748898679,naive_on_y
0.9,100,500,False,True,False,False,"{'transform_func': <function transform_X at 0x7f496a613370>, 'beta': array([1, 2, 3, 4]), 'uniform_range_x': [-2, 2]}",<function generate_sim_data at 0x7f4967c62050>,1,0,"[{'n_iter': 200, 'patience': 100, 'input_size': 1, 'h_sizes': [40, 40]}]",[<class 'models.NueralNet'>],300,1,False,True,True,True,0.9000000000000341,0.98,0.8366666666666667,0.9000000000000341,0.98,0.98,4.0,242,287,267,233,1.0,0.9063670411985019,1.0,0.9141630901287554,CS_on_mean
0.9,100,500,False,True,False,False,"{'transform_func': <function transform_X at 0x7f496a613370>, 'beta': array([1, 2, 3, 4]), 'uniform_range_x': [-2, 2]}",<function generate_sim_data at 0x7f4967c62050>,1,0,"[{'n_iter': 200, 'patience': 100, 'input_size': 1, 'h_sizes': [40, 40]}]",[<class 'models.NueralNet'>],300,1,False,True,,,0.9,,,,,,,254,283,267,233,1.0,0.951310861423221,1.0,0.9313304721030042,naive_on_mean
0.9,100,500,False,True,False,False,"{'transform_func': <function transform_X at 0x7f496a613370>, 'beta': array([1, 2, 3, 4]), 'uniform_range_x': [-2, 2]}",<function generate_sim_data at 0x7f4967c62050>,1,0,"[{'n_iter': 200, 'patience': 100, 'input_size': 1, 'h_sizes': [40, 40]}]",[<class 'models.NueralNet'>],300,1,False,True,True,True,0.9000000000000341,0.9666666666666667,0.8633333333333333,0.9000000000000341,0.9666666666666667,1.0,38.0,165,387,266,234,1.0,0.6203007518796992,1.0,0.48290598290598286,CS_on_y
0.9,100,500,False,True,False,False,"{'transform_func': <function transform_X at 0x7f496a613370>, 'beta': array([1, 2, 3, 4]), 'uniform_range_x': [-2, 2]}",<function generate_sim_data at 0x7f4967c62050>,1,0,"[{'n_iter': 200, 'patience': 100, 'input_size': 1, 'h_sizes': [40, 40]}]",[<class 'models.NueralNet'>],300,1,False,True,,,0.9,,,,,,,213,338,266,234,1.0,0.8007518796992481,1.0,0.6923076923076923,naive_on_y
0.9,100,500,False,True,False,False,"{'transform_func': <function transform_X at 0x7f496a613370>, 'beta': array([1, 2, 3, 4]), 'uniform_range_x': [-2, 2]}",<function generate_sim_data at 0x7f4967c62050>,1,0,"[{'n_iter': 200, 'patience': 100, 'input_size': 1, 'h_sizes': [40, 40]}]",[<class 'models.NueralNet'>],300,1,False,True,True,True,0.9000000000000341,0.9766666666666667,0.9033333333333333,0.9000000000000341,0.9766666666666667,0.98,20.0,242,323,279,221,1.0,0.8673835125448028,1.0,0.8009049773755657,CS_on_mean
0.9,100,500,False,True,False,False,"{'transform_func': <function transform_X at 0x7f496a613370>, 'beta': array([1, 2, 3, 4]), 'uniform_range_x': [-2, 2]}",<function generate_sim_data at 0x7f4967c62050>,1,0,"[{'n_iter': 200, 'patience': 100, 'input_size': 1, 'h_sizes': [40, 40]}]",[<class 'models.NueralNet'>],300,1,False,True,,,0.9,,,,,,,256,307,279,221,1.0,0.9175627240143369,1.0,0.8733031674208145,naive_on_mean
0.9,100,500,False,True,False,False,"{'transform_func': <function transform_X at 0x7f496a613370>, 'beta': array([1, 2, 3, 4]), 'uniform_range_x': [-2, 2]}",<function generate_sim_data at 0x7f4967c62050>,1,0,"[{'n_iter': 200, 'patience': 100, 'input_size': 1, 'h_sizes': [40, 40]}]",[<class 'models.NueralNet'>],300,1,False,True,True,True,0.8999999999999773,0.9733333333333334,0.77,0.8999999999999773,0.9733333333333334,0.9966666666666667,27.0,125,500,278,222,1.0,0.44964028776978415,1.0,0.0,CS_on_y
0.9,100,500,False,True,False,False,"{'transform_func': <function transform_X at 0x7f496a613370>, 'beta': array([1, 2, 3, 4]), 'uniform_range_x': [-2, 2]}",<function generate_sim_data at 0x7f4967c62050>,1,0,"[{'n_iter': 200, 'patience': 100, 'input_size': 1, 'h_sizes': [40, 40]}]",[<class 'models.NueralNet'>],300,1,False,False,,,0.9,,,,,,,208,381,278,222,0.9951923076923077,0.7446043165467626,1.0,0.5360360360360361,naive_on_y
0.9,100,500,False,True,False,False,"{'transform_func': <function transform_X at 0x7f496a613370>, 'beta': array([1, 2, 3, 4]), 'uniform_range_x': [-2, 2]}",<function generate_sim_data at 0x7f4967c62050>,1,0,"[{'n_iter': 200, 'patience': 100, 'input_size': 1, 'h_sizes': [40, 40]}]",[<class 'models.NueralNet'>],300,1,False,True,True,True,0.8999999999999773,0.98,0.9333333333333333,0.8999999999999773,0.98,0.9933333333333333,9.0,224,310,272,228,1.0,0.8235294117647058,1.0,0.8333333333333334,CS_on_mean
0.9,100,500,False,True,False,False,"{'transform_func': <function transform_X at 0x7f496a613370>, 'beta': array([1, 2, 3, 4]), 'uniform_range_x': [-2, 2]}",<function generate_sim_data at 0x7f4967c62050>,1,0,"[{'n_iter': 200, 'patience': 100, 'input_size': 1, 'h_sizes': [40, 40]}]",[<class 'models.NueralNet'>],300,1,False,False,,,0.9,,,,,,,255,286,272,228,1.0,0.9375,0.9953271028037384,0.9342105263157895,naive_on_mean
0.9,100,500,False,True,False,False,"{'transform_func': <function transform_X at 0x7f496a613370>, 'beta': array([1, 2, 3, 4]), 'uniform_range_x': [-2, 2]}",<function generate_sim_data at 0x7f4967c62050>,1,0,"[{'n_iter': 200, 'patience': 100, 'input_size': 1, 'h_sizes': [40, 40]}]",[<class 'models.NueralNet'>],300,1,False,True,True,True,0.9000000000000341,0.9733333333333334,0.8633333333333333,0.9000000000000341,0.9733333333333334,0.9966666666666667,75.0,103,454,270,230,1.0,0.38148148148148153,1.0,0.19999999999999996,CS_on_y
0.9,100,500,False,True,False,False,"{'transform_func': <function transform_X at 0x7f496a613370>, 'beta': array([1, 2, 3, 4]), 'uniform_range_x': [-2, 2]}",<function generate_sim_data at 0x7f4967c62050>,1,0,"[{'n_iter': 200, 'patience': 100, 'input_size': 1, 'h_sizes': [40, 40]}]",[<class 'models.NueralNet'>],300,1,False,False,,,0.9,,,,,,,206,325,270,230,0.9951456310679612,0.7592592592592593,0.9942857142857143,0.7565217391304347,naive_on_y
0.9,100,500,False,True,False,False,"{'transform_func': <function transform_X at 0x7f496a613370>, 'beta': array([1, 2, 3, 4]), 'uniform_range_x': [-2, 2]}",<function generate_sim_data at 0x7f4967c62050>,1,0,"[{'n_iter': 200, 'patience': 100, 'input_size': 1, 'h_sizes': [40, 40]}]",[<class 'models.NueralNet'>],300,1,False,True,True,True,0.8999999999999773,0.9733333333333334,0.8533333333333333,0.8999999999999773,0.9733333333333334,0.99,8.0,221,288,263,237,1.0,0.8403041825095057,1.0,0.8945147679324894,CS_on_mean
0.9,100,500,False,True,False,False,"{'transform_func': <function transform_X at 0x7f496a613370>, 'beta': array([1, 2, 3, 4]), 'uniform_range_x': [-2, 2]}",<function generate_sim_data at 0x7f4967c62050>,1,0,"[{'n_iter': 200, 'patience': 100, 'input_size': 1, 'h_sizes': [40, 40]}]",[<class 'models.NueralNet'>],300,1,False,True,,,0.9,,,,,,,239,277,263,237,1.0,0.908745247148289,1.0,0.9409282700421941,naive_on_mean
0.9,100,500,False,True,False,False,"{'transform_func': <function transform_X at 0x7f496a613370>, 'beta': array([1, 2, 3, 4]), 'uniform_range_x': [-2, 2]}",<function generate_sim_data at 0x7f4967c62050>,1,0,"[{'n_iter': 200, 'patience': 100, 'input_size': 1, 'h_sizes': [40, 40]}]",[<class 'models.NueralNet'>],300,1,False,True,True,True,0.8999999999999773,0.97,0.8700000000000001,0.8999999999999773,0.97,1.0,42.0,124,407,266,234,1.0,0.46616541353383456,1.0,0.39743589743589747,CS_on_y
0.9,100,500,False,True,False,False,"{'transform_func': <function transform_X at 0x7f496a613370>, 'beta': array([1, 2, 3, 4]), 'uniform_range_x': [-2, 2]}",<function generate_sim_data at 0x7f4967c62050>,1,0,"[{'n_iter': 200, 'patience': 100, 'input_size': 1, 'h_sizes': [40, 40]}]",[<class 'models.NueralNet'>],300,1,False,True,,,0.9,,,,,,,189,322,266,234,1.0,0.7105263157894737,1.0,0.7606837606837606,naive_on_y
0.9,100,500,False,True,False,False,"{'transform_func': <function transform_X at 0x7f496a613370>, 'beta': array([1, 2, 3, 4]), 'uniform_range_x': [-2, 2]}",<function generate_sim_data at 0x7f4967c62050>,1,0,"[{'n_iter': 200, 'patience': 100, 'input_size': 1, 'h_sizes': [40, 40]}]",[<class 'models.NueralNet'>],300,1,False,True,True,True,0.9000000000000341,0.99,0.9566666666666666,0.9000000000000341,0.99,0.9966666666666667,31.0,218,310,281,219,1.0,0.7758007117437722,1.0,0.8675799086757991,CS_on_mean
0.9,100,500,False,True,False,False,"{'transform_func': <function transform_X at 0x7f496a613370>, 'beta': array([1, 2, 3, 4]), 'uniform_range_x': [-2, 2]}",<function generate_sim_data at 0x7f4967c62050>,1,0,"[{'n_iter': 200, 'patience': 100, 'input_size': 1, 'h_sizes': [40, 40]}]",[<class 'models.NueralNet'>],300,1,False,True,,,0.9,,,,,,,252,299,281,219,1.0,0.896797153024911,1.0,0.9178082191780822,naive_on_mean
0.9,100,500,False,True,False,False,"{'transform_func': <function transform_X at 0x7f496a613370>, 'beta': array([1, 2, 3, 4]), 'uniform_range_x': [-2, 2]}",<function generate_sim_data at 0x7f4967c62050>,1,0,"[{'n_iter': 200, 'patience': 100, 'input_size': 1, 'h_sizes': [40, 40]}]",[<class 'models.NueralNet'>],300,1,False,True,True,True,0.8999999999999773,0.9766666666666667,0.8533333333333335,0.8999999999999773,0.9766666666666667,0.9966666666666667,30.0,137,410,281,219,1.0,0.4875444839857651,1.0,0.410958904109589,CS_on_y
0.9,100,500,False,True,False,False,"{'transform_func': <function transform_X at 0x7f496a613370>, 'beta': array([1, 2, 3, 4]), 'uniform_range_x': [-2, 2]}",<function generate_sim_data at 0x7f4967c62050>,1,0,"[{'n_iter': 200, 'patience': 100, 'input_size': 1, 'h_sizes': [40, 40]}]",[<class 'models.NueralNet'>],300,1,False,True,,,0.9,,,,,,,198,335,281,219,1.0,0.7046263345195729,1.0,0.7534246575342466,naive_on_y
0.9,100,500,False,True,False,False,"{'transform_func': <function transform_X at 0x7f496a613370>, 'beta': array([1, 2, 3, 4]), 'uniform_range_x': [-2, 2]}",<function generate_sim_data at 0x7f4967c62050>,1,0,"[{'n_iter': 200, 'patience': 100, 'input_size': 1, 'h_sizes': [40, 40]}]",[<class 'models.NueralNet'>],300,1,False,True,True,True,0.9000000000000341,0.96,0.78,0.9000000000000341,0.96,0.9733333333333334,14.0,232,284,253,247,1.0,0.9169960474308301,1.0,0.8744939271255061,CS_on_mean
0.9,100,500,False,True,False,False,"{'transform_func': <function transform_X at 0x7f496a613370>, 'beta': array([1, 2, 3, 4]), 'uniform_range_x': [-2, 2]}",<function generate_sim_data at 0x7f4967c62050>,1,0,"[{'n_iter': 200, 'patience': 100, 'input_size': 1, 'h_sizes': [40, 40]}]",[<class 'models.NueralNet'>],300,1,False,True,,,0.9,,,,,,,235,276,253,247,1.0,0.9288537549407114,1.0,0.9068825910931174,naive_on_mean
0.9,100,500,False,True,False,False,"{'transform_func': <function transform_X at 0x7f496a613370>, 'beta': array([1, 2, 3, 4]), 'uniform_range_x': [-2, 2]}",<function generate_sim_data at 0x7f4967c62050>,1,0,"[{'n_iter': 200, 'patience': 100, 'input_size': 1, 'h_sizes': [40, 40]}]",[<class 'models.NueralNet'>],300,1,False,True,True,True,0.8999999999999773,0.9566666666666667,0.8,0.8999999999999773,0.9566666666666667,0.9933333333333333,11.0,165,392,249,251,1.0,0.6626506024096386,1.0,0.43027888446215135,CS_on_y
0.9,100,500,False,True,False,False,"{'transform_func': <function transform_X at 0x7f496a613370>, 'beta': array([1, 2, 3, 4]), 'uniform_range_x': [-2, 2]}",<function generate_sim_data at 0x7f4967c62050>,1,0,"[{'n_iter': 200, 'patience': 100, 'input_size': 1, 'h_sizes': [40, 40]}]",[<class 'models.NueralNet'>],300,1,False,True,,,0.9,,,,,,,212,323,249,251,1.0,0.8514056224899599,1.0,0.7051792828685259,naive_on_y
0.9,100,500,False,True,False,False,"{'transform_func': <function transform_X at 0x7f496a613370>, 'beta': array([1, 2, 3, 4]), 'uniform_range_x': [-2, 2]}",<function generate_sim_data at 0x7f4967c62050>,1,0,"[{'n_iter': 200, 'patience': 100, 'input_size': 1, 'h_sizes': [40, 40]}]",[<class 'models.NueralNet'>],300,1,False,True,True,True,0.9000000000000341,0.9666666666666667,0.7233333333333332,0.9000000000000341,0.9666666666666667,0.98,5.0,253,303,265,235,1.0,0.9547169811320755,1.0,0.8382978723404255,CS_on_mean
0.9,100,500,False,True,False,False,"{'transform_func': <function transform_X at 0x7f496a613370>, 'beta': array([1, 2, 3, 4]), 'uniform_range_x': [-2, 2]}",<function generate_sim_data at 0x7f4967c62050>,1,0,"[{'n_iter': 200, 'patience': 100, 'input_size': 1, 'h_sizes': [40, 40]}]",[<class 'models.NueralNet'>],300,1,False,True,,,0.9,,,,,,,250,286,265,235,1.0,0.9433962264150944,1.0,0.9106382978723404,naive_on_mean
0.9,100,500,False,True,False,False,"{'transform_func': <function transform_X at 0x7f496a613370>, 'beta': array([1, 2, 3, 4]), 'uniform_range_x': [-2, 2]}",<function generate_sim_data at 0x7f4967c62050>,1,0,"[{'n_iter': 200, 'patience': 100, 'input_size': 1, 'h_sizes': [40, 40]}]",[<class 'models.NueralNet'>],300,1,False,True,True,True,0.9000000000000341,0.9633333333333334,0.8300000000000001,0.9000000000000341,0.9633333333333334,1.0,42.0,155,423,267,233,1.0,0.5805243445692884,1.0,0.33047210300429186,CS_on_y
0.9,100,500,False,True,False,False,"{'transform_func': <function transform_X at 0x7f496a613370>, 'beta': array([1, 2, 3, 4]), 'uniform_range_x': [-2, 2]}",<function generate_sim_data at 0x7f4967c62050>,1,0,"[{'n_iter': 200, 'patience': 100, 'input_size': 1, 'h_sizes': [40, 40]}]",[<class 'models.NueralNet'>],300,1,False,False,,,0.9,,,,,,,202,335,267,233,1.0,0.7565543071161048,0.9878787878787879,0.6995708154506437,naive_on_y
0.9,100,500,False,True,False,False,"{'transform_func': <function transform_X at 0x7f496a613370>, 'beta': array([1, 2, 3, 4]), 'uniform_range_x': [-2, 2]}",<function generate_sim_data at 0x7f4967c62050>,1,0,"[{'n_iter': 200, 'patience': 100, 'input_size': 1, 'h_sizes': [40, 40]}]",[<class 'models.NueralNet'>],300,1,False,True,True,True,0.9000000000000341,0.9766666666666667,0.8399999999999999,0.9000000000000341,0.9766666666666667,0.9866666666666667,4.0,227,371,245,255,1.0,0.926530612244898,1.0,0.5058823529411764,CS_on_mean
0.9,100,500,False,True,False,False,"{'transform_func': <function transform_X at 0x7f496a613370>, 'beta': array([1, 2, 3, 4]), 'uniform_range_x': [-2, 2]}",<function generate_sim_data at 0x7f4967c62050>,1,0,"[{'n_iter': 200, 'patience': 100, 'input_size': 1, 'h_sizes': [40, 40]}]",[<class 'models.NueralNet'>],300,1,False,True,,,0.9,,,,,,,233,273,245,255,1.0,0.9510204081632653,1.0,0.8901960784313725,naive_on_mean
0.9,100,500,False,True,False,False,"{'transform_func': <function transform_X at 0x7f496a613370>, 'beta': array([1, 2, 3, 4]), 'uniform_range_x': [-2, 2]}",<function generate_sim_data at 0x7f4967c62050>,1,0,"[{'n_iter': 200, 'patience': 100, 'input_size': 1, 'h_sizes': [40, 40]}]",[<class 'models.NueralNet'>],300,1,False,True,True,True,0.8999999999999773,0.9833333333333333,0.8999999999999999,0.8999999999999773,0.9833333333333333,1.0,181.0,121,500,246,254,1.0,0.49186991869918695,1.0,0.0,CS_on_y
0.9,100,500,False,True,False,False,"{'transform_func': <function transform_X at 0x7f496a613370>, 'beta': array([1, 2, 3, 4]), 'uniform_range_x': [-2, 2]}",<function generate_sim_data at 0x7f4967c62050>,1,0,"[{'n_iter': 200, 'patience': 100, 'input_size': 1, 'h_sizes': [40, 40]}]",[<class 'models.NueralNet'>],300,1,False,True,,,0.9,,,,,,,185,354,246,254,1.0,0.7520325203252033,1.0,0.5748031496062992,naive_on_y
0.9,100,500,False,True,False,False,"{'transform_func': <function transform_X at 0x7f496a613370>, 'beta': array([1, 2, 3, 4]), 'uniform_range_x': [-2, 2]}",<function generate_sim_data at 0x7f4967c62050>,1,0,"[{'n_iter': 200, 'patience': 100, 'input_size': 1, 'h_sizes': [40, 40]}]",[<class 'models.NueralNet'>],300,1,False,True,False,True,0.9000000000000341,0.9766666666666667,0.8333333333333335,0.9000000000000341,0.9766666666666667,0.9833333333333333,3.0,237,302,282,218,1.0,0.8404255319148937,1.0,0.908256880733945,CS_on_mean
0.9,100,500,False,True,False,False,"{'transform_func': <function transform_X at 0x7f496a613370>, 'beta': array([1, 2, 3, 4]), 'uniform_range_x': [-2, 2]}",<function generate_sim_data at 0x7f4967c62050>,1,0,"[{'n_iter': 200, 'patience': 100, 'input_size': 1, 'h_sizes': [40, 40]}]",[<class 'models.NueralNet'>],300,1,False,True,,,0.9,,,,,,,251,294,282,218,1.0,0.8900709219858156,1.0,0.944954128440367,naive_on_mean
0.9,100,500,False,True,False,False,"{'transform_func': <function transform_X at 0x7f496a613370>, 'beta': array([1, 2, 3, 4]), 'uniform_range_x': [-2, 2]}",<function generate_sim_data at 0x7f4967c62050>,1,0,"[{'n_iter': 200, 'patience': 100, 'input_size': 1, 'h_sizes': [40, 40]}]",[<class 'models.NueralNet'>],300,1,False,True,True,True,0.8999999999999773,0.96,0.7066666666666666,0.8999999999999773,0.96,0.9933333333333333,21.0,137,495,274,226,1.0,0.5,1.0,0.02212389380530977,CS_on_y
0.9,100,500,False,True,False,False,"{'transform_func': <function transform_X at 0x7f496a613370>, 'beta': array([1, 2, 3, 4]), 'uniform_range_x': [-2, 2]}",<function generate_sim_data at 0x7f4967c62050>,1,0,"[{'n_iter': 200, 'patience': 100, 'input_size': 1, 'h_sizes': [40, 40]}]",[<class 'models.NueralNet'>],300,1,False,True,,,0.9,,,,,,,192,373,274,226,1.0,0.7007299270072993,1.0,0.5619469026548672,naive_on_y
0.9,100,500,False,True,False,False,"{'transform_func': <function transform_X at 0x7f496a613370>, 'beta': array([1, 2, 3, 4]), 'uniform_range_x': [-2, 2]}",<function generate_sim_data at 0x7f4967c62050>,1,0,"[{'n_iter': 200, 'patience': 100, 'input_size': 1, 'h_sizes': [40, 40]}]",[<class 'models.NueralNet'>],300,1,False,True,True,True,0.9000000000000341,0.9633333333333334,0.8266666666666667,0.9000000000000341,0.9633333333333334,0.9866666666666667,7.0,222,349,241,259,1.0,0.9211618257261411,1.0,0.583011583011583,CS_on_mean
0.9,100,500,False,True,False,False,"{'transform_func': <function transform_X at 0x7f496a613370>, 'beta': array([1, 2, 3, 4]), 'uniform_range_x': [-2, 2]}",<function generate_sim_data at 0x7f4967c62050>,1,0,"[{'n_iter': 200, 'patience': 100, 'input_size': 1, 'h_sizes': [40, 40]}]",[<class 'models.NueralNet'>],300,1,False,False,,,0.9,,,,,,,227,264,241,259,0.9955947136563876,0.9377593360995851,1.0,0.9111969111969112,naive_on_mean
0.9,100,500,False,True,False,False,"{'transform_func': <function transform_X at 0x7f496a613370>, 'beta': array([1, 2, 3, 4]), 'uniform_range_x': [-2, 2]}",<function generate_sim_data at 0x7f4967c62050>,1,0,"[{'n_iter': 200, 'patience': 100, 'input_size': 1, 'h_sizes': [40, 40]}]",[<class 'models.NueralNet'>],300,1,False,True,True,True,0.8999999999999773,0.96,0.7833333333333332,0.8999999999999773,0.96,0.9933333333333333,27.0,107,496,239,261,1.0,0.4476987447698745,1.0,0.01532567049808431,CS_on_y
0.9,100,500,False,True,False,False,"{'transform_func': <function transform_X at 0x7f496a613370>, 'beta': array([1, 2, 3, 4]), 'uniform_range_x': [-2, 2]}",<function generate_sim_data at 0x7f4967c62050>,1,0,"[{'n_iter': 200, 'patience': 100, 'input_size': 1, 'h_sizes': [40, 40]}]",[<class 'models.NueralNet'>],300,1,False,True,,,0.9,,,,,,,180,361,239,261,1.0,0.7531380753138075,1.0,0.5325670498084292,naive_on_y
0.9,100,500,False,True,False,False,"{'transform_func': <function transform_X at 0x7f496a613370>, 'beta': array([1, 2, 3, 4]), 'uniform_range_x': [-2, 2]}",<function generate_sim_data at 0x7f4967c62050>,1,0,"[{'n_iter': 200, 'patience': 100, 'input_size': 1, 'h_sizes': [40, 40]}]",[<class 'models.NueralNet'>],300,1,False,True,True,True,0.9000000000000341,0.99,0.98,0.9000000000000341,0.99,0.99,29.0,168,373,263,237,1.0,0.6387832699619772,1.0,0.5358649789029536,CS_on_mean
0.9,100,500,False,True,False,False,"{'transform_func': <function transform_X at 0x7f496a613370>, 'beta': array([1, 2, 3, 4]), 'uniform_range_x': [-2, 2]}",<function generate_sim_data at 0x7f4967c62050>,1,0,"[{'n_iter': 200, 'patience': 100, 'input_size': 1, 'h_sizes': [40, 40]}]",[<class 'models.NueralNet'>],300,1,False,True,,,0.9,,,,,,,240,285,263,237,1.0,0.9125475285171103,1.0,0.9071729957805907,naive_on_mean
0.9,100,500,False,True,False,False,"{'transform_func': <function transform_X at 0x7f496a613370>, 'beta': array([1, 2, 3, 4]), 'uniform_range_x': [-2, 2]}",<function generate_sim_data at 0x7f4967c62050>,1,0,"[{'n_iter': 200, 'patience': 100, 'input_size': 1, 'h_sizes': [40, 40]}]",[<class 'models.NueralNet'>],300,1,False,True,True,True,0.8999999999999773,0.9766666666666667,0.95,0.8999999999999773,0.9766666666666667,0.9933333333333333,152.0,82,500,259,241,1.0,0.31660231660231664,1.0,0.0,CS_on_y
0.9,100,500,False,True,False,False,"{'transform_func': <function transform_X at 0x7f496a613370>, 'beta': array([1, 2, 3, 4]), 'uniform_range_x': [-2, 2]}",<function generate_sim_data at 0x7f4967c62050>,1,0,"[{'n_iter': 200, 'patience': 100, 'input_size': 1, 'h_sizes': [40, 40]}]",[<class 'models.NueralNet'>],300,1,False,False,,,0.9,,,,,,,196,334,259,241,1.0,0.7567567567567568,0.9939759036144579,0.6846473029045643,naive_on_y
0.9,100,500,False,True,False,False,"{'transform_func': <function transform_X at 0x7f496a613370>, 'beta': array([1, 2, 3, 4]), 'uniform_range_x': [-2, 2]}",<function generate_sim_data at 0x7f4967c62050>,1,0,"[{'n_iter': 200, 'patience': 100, 'input_size': 1, 'h_sizes': [40, 40]}]",[<class 'models.NueralNet'>],300,1,False,True,True,True,0.9000000000000341,0.9766666666666667,0.8633333333333333,0.9000000000000341,0.9766666666666667,0.9833333333333333,14.0,231,284,254,246,1.0,0.9094488188976377,1.0,0.8780487804878049,CS_on_mean
0.9,100,500,False,True,False,False,"{'transform_func': <function transform_X at 0x7f496a613370>, 'beta': array([1, 2, 3, 4]), 'uniform_range_x': [-2, 2]}",<function generate_sim_data at 0x7f4967c62050>,1,0,"[{'n_iter': 200, 'patience': 100, 'input_size': 1, 'h_sizes': [40, 40]}]",[<class 'models.NueralNet'>],300,1,False,True,,,0.9,,,,,,,238,280,254,246,1.0,0.937007874015748,1.0,0.8943089430894309,naive_on_mean
0.9,100,500,False,True,False,False,"{'transform_func': <function transform_X at 0x7f496a613370>, 'beta': array([1, 2, 3, 4]), 'uniform_range_x': [-2, 2]}",<function generate_sim_data at 0x7f4967c62050>,1,0,"[{'n_iter': 200, 'patience': 100, 'input_size': 1, 'h_sizes': [40, 40]}]",[<class 'models.NueralNet'>],300,1,False,True,True,True,0.9000000000000341,0.9766666666666667,0.73,0.9000000000000341,0.9766666666666667,0.9933333333333333,14.0,118,455,260,240,1.0,0.4538461538461539,1.0,0.1875,CS_on_y
0.9,100,500,False,True,False,False,"{'transform_func': <function transform_X at 0x7f496a613370>, 'beta': array([1, 2, 3, 4]), 'uniform_range_x': [-2, 2]}",<function generate_sim_data at 0x7f4967c62050>,1,0,"[{'n_iter': 200, 'patience': 100, 'input_size': 1, 'h_sizes': [40, 40]}]",[<class 'models.NueralNet'>],300,1,False,True,,,0.9,,,,,,,196,375,260,240,1.0,0.7538461538461538,1.0,0.5208333333333333,naive_on_y
0.9,100,500,False,True,False,False,"{'transform_func': <function transform_X at 0x7f496a613370>, 'beta': array([1, 2, 3, 4]), 'uniform_range_x': [-2, 2]}",<function generate_sim_data at 0x7f4967c62050>,1,0,"[{'n_iter': 200, 'patience': 100, 'input_size': 1, 'h_sizes': [40, 40]}]",[<class 'models.NueralNet'>],300,1,False,True,True,True,0.9000000000000341,0.97,0.8500000000000001,0.9000000000000341,0.97,0.9766666666666667,8.0,248,291,259,241,1.0,0.9575289575289575,1.0,0.8672199170124482,CS_on_mean
0.9,100,500,False,True,False,False,"{'transform_func': <function transform_X at 0x7f496a613370>, 'beta': array([1, 2, 3, 4]), 'uniform_range_x': [-2, 2]}",<function generate_sim_data at 0x7f4967c62050>,1,0,"[{'n_iter': 200, 'patience': 100, 'input_size': 1, 'h_sizes': [40, 40]}]",[<class 'models.NueralNet'>],300,1,False,True,,,0.9,,,,,,,251,290,259,241,1.0,0.9691119691119691,1.0,0.8713692946058091,naive_on_mean
0.9,100,500,False,True,False,False,"{'transform_func': <function transform_X at 0x7f496a613370>, 'beta': array([1, 2, 3, 4]), 'uniform_range_x': [-2, 2]}",<function generate_sim_data at 0x7f4967c62050>,1,0,"[{'n_iter': 200, 'patience': 100, 'input_size': 1, 'h_sizes': [40, 40]}]",[<class 'models.NueralNet'>],300,1,False,False,True,True,0.9000000000000341,0.9766666666666667,0.8799999999999999,0.9000000000000341,0.9766666666666667,1.0,36.0,181,384,268,232,1.0,0.6753731343283582,0.9913793103448276,0.4956896551724138,CS_on_y
0.9,100,500,False,True,False,False,"{'transform_func': <function transform_X at 0x7f496a613370>, 'beta': array([1, 2, 3, 4]), 'uniform_range_x': [-2, 2]}",<function generate_sim_data at 0x7f4967c62050>,1,0,"[{'n_iter': 200, 'patience': 100, 'input_size': 1, 'h_sizes': [40, 40]}]",[<class 'models.NueralNet'>],300,1,False,False,,,0.9,,,,,,,219,334,268,232,1.0,0.8171641791044776,0.9939759036144579,0.7112068965517242,naive_on_y
0.9,100,500,False,True,False,False,"{'transform_func': <function transform_X at 0x7f496a613370>, 'beta': array([1, 2, 3, 4]), 'uniform_range_x': [-2, 2]}",<function generate_sim_data at 0x7f4967c62050>,1,0,"[{'n_iter': 200, 'patience': 100, 'input_size': 1, 'h_sizes': [40, 40]}]",[<class 'models.NueralNet'>],300,1,False,True,True,True,0.9000000000000341,0.9566666666666667,0.8599999999999999,0.9000000000000341,0.9566666666666667,0.9766666666666667,6.0,245,302,271,229,1.0,0.9040590405904059,1.0,0.8646288209606987,CS_on_mean
0.9,100,500,False,True,False,False,"{'transform_func': <function transform_X at 0x7f496a613370>, 'beta': array([1, 2, 3, 4]), 'uniform_range_x': [-2, 2]}",<function generate_sim_data at 0x7f4967c62050>,1,0,"[{'n_iter': 200, 'patience': 100, 'input_size': 1, 'h_sizes': [40, 40]}]",[<class 'models.NueralNet'>],300,1,False,True,,,0.9,,,,,,,257,296,271,229,1.0,0.948339483394834,1.0,0.8908296943231441,naive_on_mean
0.9,100,500,False,True,False,False,"{'transform_func': <function transform_X at 0x7f496a613370>, 'beta': array([1, 2, 3, 4]), 'uniform_range_x': [-2, 2]}",<function generate_sim_data at 0x7f4967c62050>,1,0,"[{'n_iter': 200, 'patience': 100, 'input_size': 1, 'h_sizes': [40, 40]}]",[<class 'models.NueralNet'>],300,1,False,True,True,True,0.9000000000000341,0.9566666666666667,0.7366666666666668,0.9000000000000341,0.9566666666666667,0.9933333333333333,25.0,152,464,271,229,1.0,0.5608856088560885,1.0,0.15720524017467252,CS_on_y
0.9,100,500,False,True,False,False,"{'transform_func': <function transform_X at 0x7f496a613370>, 'beta': array([1, 2, 3, 4]), 'uniform_range_x': [-2, 2]}",<function generate_sim_data at 0x7f4967c62050>,1,0,"[{'n_iter': 200, 'patience': 100, 'input_size': 1, 'h_sizes': [40, 40]}]",[<class 'models.NueralNet'>],300,1,False,True,,,0.9,,,,,,,206,371,271,229,1.0,0.7601476014760148,1.0,0.5633187772925764,naive_on_y
0.9,100,500,False,True,False,False,"{'transform_func': <function transform_X at 0x7f496a613370>, 'beta': array([1, 2, 3, 4]), 'uniform_range_x': [-2, 2]}",<function generate_sim_data at 0x7f4967c62050>,1,0,"[{'n_iter': 200, 'patience': 100, 'input_size': 1, 'h_sizes': [40, 40]}]",[<class 'models.NueralNet'>],300,1,False,True,True,True,0.9000000000000341,0.9766666666666667,0.8799999999999999,0.9000000000000341,0.9766666666666667,0.9933333333333333,14.0,215,290,270,230,1.0,0.7962962962962963,1.0,0.9130434782608696,CS_on_mean
0.9,100,500,False,True,False,False,"{'transform_func': <function transform_X at 0x7f496a613370>, 'beta': array([1, 2, 3, 4]), 'uniform_range_x': [-2, 2]}",<function generate_sim_data at 0x7f4967c62050>,1,0,"[{'n_iter': 200, 'patience': 100, 'input_size': 1, 'h_sizes': [40, 40]}]",[<class 'models.NueralNet'>],300,1,False,True,,,0.9,,,,,,,236,283,270,230,1.0,0.8740740740740741,1.0,0.9434782608695652,naive_on_mean
0.9,100,500,False,True,False,False,"{'transform_func': <function transform_X at 0x7f496a613370>, 'beta': array([1, 2, 3, 4]), 'uniform_range_x': [-2, 2]}",<function generate_sim_data at 0x7f4967c62050>,1,0,"[{'n_iter': 200, 'patience': 100, 'input_size': 1, 'h_sizes': [40, 40]}]",[<class 'models.NueralNet'>],300,1,False,True,True,True,0.8999999999999773,0.95,0.8533333333333333,0.8999999999999773,0.95,1.0,61.0,90,489,268,232,1.0,0.33582089552238803,1.0,0.04741379310344829,CS_on_y
0.9,100,500,False,True,False,False,"{'transform_func': <function transform_X at 0x7f496a613370>, 'beta': array([1, 2, 3, 4]), 'uniform_range_x': [-2, 2]}",<function generate_sim_data at 0x7f4967c62050>,1,0,"[{'n_iter': 200, 'patience': 100, 'input_size': 1, 'h_sizes': [40, 40]}]",[<class 'models.NueralNet'>],300,1,False,True,,,0.9,,,,,,,196,331,268,232,1.0,0.7313432835820896,1.0,0.728448275862069,naive_on_y
0.9,100,500,False,True,False,False,"{'transform_func': <function transform_X at 0x7f496a613370>, 'beta': array([1, 2, 3, 4]), 'uniform_range_x': [-2, 2]}",<function generate_sim_data at 0x7f4967c62050>,1,0,"[{'n_iter': 200, 'patience': 100, 'input_size': 1, 'h_sizes': [40, 40]}]",[<class 'models.NueralNet'>],300,1,False,True,True,True,0.9000000000000341,0.9566666666666667,0.81,0.9000000000000341,0.9566666666666667,0.98,8.0,235,320,277,223,1.0,0.848375451263538,1.0,0.8071748878923767,CS_on_mean
0.9,100,500,False,True,False,False,"{'transform_func': <function transform_X at 0x7f496a613370>, 'beta': array([1, 2, 3, 4]), 'uniform_range_x': [-2, 2]}",<function generate_sim_data at 0x7f4967c62050>,1,0,"[{'n_iter': 200, 'patience': 100, 'input_size': 1, 'h_sizes': [40, 40]}]",[<class 'models.NueralNet'>],300,1,False,True,,,0.9,,,,,,,252,306,277,223,1.0,0.9097472924187726,1.0,0.8699551569506727,naive_on_mean
0.9,100,500,False,True,False,False,"{'transform_func': <function transform_X at 0x7f496a613370>, 'beta': array([1, 2, 3, 4]), 'uniform_range_x': [-2, 2]}",<function generate_sim_data at 0x7f4967c62050>,1,0,"[{'n_iter': 200, 'patience': 100, 'input_size': 1, 'h_sizes': [40, 40]}]",[<class 'models.NueralNet'>],300,1,False,True,True,True,0.9000000000000341,0.98,0.7733333333333334,0.9000000000000341,0.98,0.9933333333333333,37.0,131,500,275,225,1.0,0.4763636363636363,1.0,0.0,CS_on_y
0.9,100,500,False,True,False,False,"{'transform_func': <function transform_X at 0x7f496a613370>, 'beta': array([1, 2, 3, 4]), 'uniform_range_x': [-2, 2]}",<function generate_sim_data at 0x7f4967c62050>,1,0,"[{'n_iter': 200, 'patience': 100, 'input_size': 1, 'h_sizes': [40, 40]}]",[<class 'models.NueralNet'>],300,1,False,True,,,0.9,,,,,,,186,400,275,225,1.0,0.6763636363636364,1.0,0.4444444444444444,naive_on_y
0.9,100,500,False,True,False,False,"{'transform_func': <function transform_X at 0x7f496a613370>, 'beta': array([1, 2, 3, 4]), 'uniform_range_x': [-2, 2]}",<function generate_sim_data at 0x7f4967c62050>,1,0,"[{'n_iter': 200, 'patience': 100, 'input_size': 1, 'h_sizes': [40, 40]}]",[<class 'models.NueralNet'>],300,1,False,True,True,True,0.8999999999999773,0.9733333333333334,0.77,0.8999999999999773,0.9733333333333334,0.99,6.0,238,296,268,232,1.0,0.8880597014925373,1.0,0.8793103448275862,CS_on_mean
0.9,100,500,False,True,False,False,"{'transform_func': <function transform_X at 0x7f496a613370>, 'beta': array([1, 2, 3, 4]), 'uniform_range_x': [-2, 2]}",<function generate_sim_data at 0x7f4967c62050>,1,0,"[{'n_iter': 200, 'patience': 100, 'input_size': 1, 'h_sizes': [40, 40]}]",[<class 'models.NueralNet'>],300,1,False,True,,,0.9,,,,,,,245,279,268,232,1.0,0.914179104477612,1.0,0.9525862068965517,naive_on_mean
0.9,100,500,False,True,False,False,"{'transform_func': <function transform_X at 0x7f496a613370>, 'beta': array([1, 2, 3, 4]), 'uniform_range_x': [-2, 2]}",<function generate_sim_data at 0x7f4967c62050>,1,0,"[{'n_iter': 200, 'patience': 100, 'input_size': 1, 'h_sizes': [40, 40]}]",[<class 'models.NueralNet'>],300,1,False,True,True,True,0.9000000000000341,0.9833333333333333,0.8700000000000001,0.9000000000000341,0.9833333333333333,1.0,29.0,152,398,275,225,1.0,0.5527272727272727,1.0,0.45333333333333337,CS_on_y
0.9,100,500,False,True,False,False,"{'transform_func': <function transform_X at 0x7f496a613370>, 'beta': array([1, 2, 3, 4]), 'uniform_range_x': [-2, 2]}",<function generate_sim_data at 0x7f4967c62050>,1,0,"[{'n_iter': 200, 'patience': 100, 'input_size': 1, 'h_sizes': [40, 40]}]",[<class 'models.NueralNet'>],300,1,False,True,,,0.9,,,,,,,201,319,275,225,1.0,0.730909090909091,1.0,0.8044444444444444,naive_on_y
0.9,100,500,False,True,False,False,"{'transform_func': <function transform_X at 0x7f496a613370>, 'beta': array([1, 2, 3, 4]), 'uniform_range_x': [-2, 2]}",<function generate_sim_data at 0x7f4967c62050>,1,0,"[{'n_iter': 200, 'patience': 100, 'input_size': 1, 'h_sizes': [40, 40]}]",[<class 'models.NueralNet'>],300,1,False,True,True,True,0.8999999999999773,0.99,0.9033333333333333,0.8999999999999773,0.99,0.9966666666666667,6.0,242,319,265,235,1.0,0.9132075471698113,1.0,0.7702127659574468,CS_on_mean
0.9,100,500,False,True,False,False,"{'transform_func': <function transform_X at 0x7f496a613370>, 'beta': array([1, 2, 3, 4]), 'uniform_range_x': [-2, 2]}",<function generate_sim_data at 0x7f4967c62050>,1,0,"[{'n_iter': 200, 'patience': 100, 'input_size': 1, 'h_sizes': [40, 40]}]",[<class 'models.NueralNet'>],300,1,False,False,,,0.9,,,,,,,254,286,265,235,0.9960629921259843,0.9547169811320755,1.0,0.9106382978723404,naive_on_mean
0.9,100,500,False,True,False,False,"{'transform_func': <function transform_X at 0x7f496a613370>, 'beta': array([1, 2, 3, 4]), 'uniform_range_x': [-2, 2]}",<function generate_sim_data at 0x7f4967c62050>,1,0,"[{'n_iter': 200, 'patience': 100, 'input_size': 1, 'h_sizes': [40, 40]}]",[<class 'models.NueralNet'>],300,1,False,True,True,True,0.9000000000000341,0.9833333333333333,0.8366666666666667,0.9000000000000341,0.9833333333333333,1.0,27.0,134,482,267,233,1.0,0.50187265917603,1.0,0.07725321888412018,CS_on_y
0.9,100,500,False,True,False,False,"{'transform_func': <function transform_X at 0x7f496a613370>, 'beta': array([1, 2, 3, 4]), 'uniform_range_x': [-2, 2]}",<function generate_sim_data at 0x7f4967c62050>,1,0,"[{'n_iter': 200, 'patience': 100, 'input_size': 1, 'h_sizes': [40, 40]}]",[<class 'models.NueralNet'>],300,1,False,False,,,0.9,,,,,,,214,339,267,233,1.0,0.8014981273408239,0.9937888198757764,0.6866952789699571,naive_on_y
0.9,100,500,False,True,False,False,"{'transform_func': <function transform_X at 0x7f496a613370>, 'beta': array([1, 2, 3, 4]), 'uniform_range_x': [-2, 2]}",<function generate_sim_data at 0x7f4967c62050>,1,0,"[{'n_iter': 200, 'patience': 100, 'input_size': 1, 'h_sizes': [40, 40]}]",[<class 'models.NueralNet'>],300,1,False,True,True,True,0.9000000000000341,0.9966666666666667,0.9766666666666666,0.9000000000000341,0.9966666666666667,1.0,109.0,191,299,252,248,1.0,0.7579365079365079,1.0,0.810483870967742,CS_on_mean
0.9,100,500,False,True,False,False,"{'transform_func': <function transform_X at 0x7f496a613370>, 'beta': array([1, 2, 3, 4]), 'uniform_range_x': [-2, 2]}",<function generate_sim_data at 0x7f4967c62050>,1,0,"[{'n_iter': 200, 'patience': 100, 'input_size': 1, 'h_sizes': [40, 40]}]",[<class 'models.NueralNet'>],300,1,False,True,,,0.9,,,,,,,230,271,252,248,1.0,0.9126984126984127,1.0,0.9233870967741935,naive_on_mean
0.9,100,500,False,True,False,False,"{'transform_func': <function transform_X at 0x7f496a613370>, 'beta': array([1, 2, 3, 4]), 'uniform_range_x': [-2, 2]}",<function generate_sim_data at 0x7f4967c62050>,1,0,"[{'n_iter': 200, 'patience': 100, 'input_size': 1, 'h_sizes': [40, 40]}]",[<class 'models.NueralNet'>],300,1,False,True,True,True,0.9000000000000341,0.9933333333333333,0.9566666666666666,0.9000000000000341,0.9933333333333333,0.9966666666666667,109.0,82,496,255,245,1.0,0.32156862745098036,1.0,0.01632653061224487,CS_on_y
0.9,100,500,False,True,False,False,"{'transform_func': <function transform_X at 0x7f496a613370>, 'beta': array([1, 2, 3, 4]), 'uniform_range_x': [-2, 2]}",<function generate_sim_data at 0x7f4967c62050>,1,0,"[{'n_iter': 200, 'patience': 100, 'input_size': 1, 'h_sizes': [40, 40]}]",[<class 'models.NueralNet'>],300,1,False,True,,,0.9,,,,,,,186,344,255,245,1.0,0.7294117647058824,1.0,0.636734693877551,naive_on_y
0.9,100,500,False,True,False,False,"{'transform_func': <function transform_X at 0x7f496a613370>, 'beta': array([1, 2, 3, 4]), 'uniform_range_x': [-2, 2]}",<function generate_sim_data at 0x7f4967c62050>,1,0,"[{'n_iter': 200, 'patience': 100, 'input_size': 1, 'h_sizes': [40, 40]}]",[<class 'models.NueralNet'>],300,1,False,True,True,True,0.9000000000000341,0.9666666666666667,0.7799999999999998,0.9000000000000341,0.9666666666666667,0.9466666666666667,6.0,232,281,264,236,1.0,0.8787878787878788,1.0,0.9279661016949152,CS_on_mean
0.9,100,500,False,True,False,False,"{'transform_func': <function transform_X at 0x7f496a613370>, 'beta': array([1, 2, 3, 4]), 'uniform_range_x': [-2, 2]}",<function generate_sim_data at 0x7f4967c62050>,1,0,"[{'n_iter': 200, 'patience': 100, 'input_size': 1, 'h_sizes': [40, 40]}]",[<class 'models.NueralNet'>],300,1,False,True,,,0.9,,,,,,,245,279,264,236,1.0,0.928030303030303,1.0,0.9364406779661016,naive_on_mean
0.9,100,500,False,True,False,False,"{'transform_func': <function transform_X at 0x7f496a613370>, 'beta': array([1, 2, 3, 4]), 'uniform_range_x': [-2, 2]}",<function generate_sim_data at 0x7f4967c62050>,1,0,"[{'n_iter': 200, 'patience': 100, 'input_size': 1, 'h_sizes': [40, 40]}]",[<class 'models.NueralNet'>],300,1,False,True,True,True,0.9000000000000341,0.9733333333333334,0.7333333333333334,0.9000000000000341,0.9733333333333334,1.0,14.0,148,352,260,240,1.0,0.5692307692307692,1.0,0.6166666666666667,CS_on_y
0.9,100,500,False,True,False,False,"{'transform_func': <function transform_X at 0x7f496a613370>, 'beta': array([1, 2, 3, 4]), 'uniform_range_x': [-2, 2]}",<function generate_sim_data at 0x7f4967c62050>,1,0,"[{'n_iter': 200, 'patience': 100, 'input_size': 1, 'h_sizes': [40, 40]}]",[<class 'models.NueralNet'>],300,1,False,True,,,0.9,,,,,,,201,325,260,240,1.0,0.7730769230769231,1.0,0.7291666666666667,naive_on_y
0.9,100,500,False,True,False,False,"{'transform_func': <function transform_X at 0x7f496a613370>, 'beta': array([1, 2, 3, 4]), 'uniform_range_x': [-2, 2]}",<function generate_sim_data at 0x7f4967c62050>,1,0,"[{'n_iter': 200, 'patience': 100, 'input_size': 1, 'h_sizes': [40, 40]}]",[<class 'models.NueralNet'>],300,1,False,True,True,True,0.8999999999999773,0.9666666666666667,0.7966666666666669,0.8999999999999773,0.9666666666666667,0.9833333333333333,5.0,242,290,276,224,1.0,0.8768115942028986,1.0,0.9375,CS_on_mean
0.9,100,500,False,True,False,False,"{'transform_func': <function transform_X at 0x7f496a613370>, 'beta': array([1, 2, 3, 4]), 'uniform_range_x': [-2, 2]}",<function generate_sim_data at 0x7f4967c62050>,1,0,"[{'n_iter': 200, 'patience': 100, 'input_size': 1, 'h_sizes': [40, 40]}]",[<class 'models.NueralNet'>],300,1,False,True,,,0.9,,,,,,,250,280,276,224,1.0,0.9057971014492754,1.0,0.9821428571428571,naive_on_mean
0.9,100,500,False,True,False,False,"{'transform_func': <function transform_X at 0x7f496a613370>, 'beta': array([1, 2, 3, 4]), 'uniform_range_x': [-2, 2]}",<function generate_sim_data at 0x7f4967c62050>,1,0,"[{'n_iter': 200, 'patience': 100, 'input_size': 1, 'h_sizes': [40, 40]}]",[<class 'models.NueralNet'>],300,1,False,True,True,True,0.9000000000000341,0.9566666666666667,0.7966666666666666,0.9000000000000341,0.9566666666666667,0.9966666666666667,31.0,172,380,276,224,1.0,0.6231884057971014,1.0,0.5357142857142857,CS_on_y
0.9,100,500,False,True,False,False,"{'transform_func': <function transform_X at 0x7f496a613370>, 'beta': array([1, 2, 3, 4]), 'uniform_range_x': [-2, 2]}",<function generate_sim_data at 0x7f4967c62050>,1,0,"[{'n_iter': 200, 'patience': 100, 'input_size': 1, 'h_sizes': [40, 40]}]",[<class 'models.NueralNet'>],300,1,False,True,,,0.9,,,,,,,214,324,276,224,1.0,0.7753623188405797,1.0,0.7857142857142857,naive_on_y
0.9,100,500,False,True,False,False,"{'transform_func': <function transform_X at 0x7f496a613370>, 'beta': array([1, 2, 3, 4]), 'uniform_range_x': [-2, 2]}",<function generate_sim_data at 0x7f4967c62050>,1,0,"[{'n_iter': 200, 'patience': 100, 'input_size': 1, 'h_sizes': [40, 40]}]",[<class 'models.NueralNet'>],300,1,False,True,True,True,0.9000000000000341,0.9733333333333334,0.7966666666666669,0.9000000000000341,0.9733333333333334,0.9966666666666667,11.0,245,310,266,234,1.0,0.9210526315789473,1.0,0.811965811965812,CS_on_mean
0.9,100,500,False,True,False,False,"{'transform_func': <function transform_X at 0x7f496a613370>, 'beta': array([1, 2, 3, 4]), 'uniform_range_x': [-2, 2]}",<function generate_sim_data at 0x7f4967c62050>,1,0,"[{'n_iter': 200, 'patience': 100, 'input_size': 1, 'h_sizes': [40, 40]}]",[<class 'models.NueralNet'>],300,1,False,True,,,0.9,,,,,,,255,300,266,234,1.0,0.9586466165413534,1.0,0.8547008547008547,naive_on_mean
0.9,100,500,False,True,False,False,"{'transform_func': <function transform_X at 0x7f496a613370>, 'beta': array([1, 2, 3, 4]), 'uniform_range_x': [-2, 2]}",<function generate_sim_data at 0x7f4967c62050>,1,0,"[{'n_iter': 200, 'patience': 100, 'input_size': 1, 'h_sizes': [40, 40]}]",[<class 'models.NueralNet'>],300,1,False,True,True,True,0.9000000000000341,0.9566666666666667,0.7433333333333332,0.9000000000000341,0.9566666666666667,0.9966666666666667,33.0,142,465,273,227,1.0,0.5201465201465201,1.0,0.1541850220264317,CS_on_y
0.9,100,500,False,True,False,False,"{'transform_func': <function transform_X at 0x7f496a613370>, 'beta': array([1, 2, 3, 4]), 'uniform_range_x': [-2, 2]}",<function generate_sim_data at 0x7f4967c62050>,1,0,"[{'n_iter': 200, 'patience': 100, 'input_size': 1, 'h_sizes': [40, 40]}]",[<class 'models.NueralNet'>],300,1,False,True,,,0.9,,,,,,,206,366,273,227,1.0,0.7545787545787546,1.0,0.5903083700440528,naive_on_y
0.9,100,500,False,True,False,False,"{'transform_func': <function transform_X at 0x7f496a613370>, 'beta': array([1, 2, 3, 4]), 'uniform_range_x': [-2, 2]}",<function generate_sim_data at 0x7f4967c62050>,1,0,"[{'n_iter': 200, 'patience': 100, 'input_size': 1, 'h_sizes': [40, 40]}]",[<class 'models.NueralNet'>],300,1,False,True,True,True,0.8999999999999773,0.9733333333333334,0.8599999999999999,0.8999999999999773,0.9733333333333334,0.9866666666666667,7.0,243,303,264,236,1.0,0.9204545454545454,1.0,0.8347457627118644,CS_on_mean
0.9,100,500,False,True,False,False,"{'transform_func': <function transform_X at 0x7f496a613370>, 'beta': array([1, 2, 3, 4]), 'uniform_range_x': [-2, 2]}",<function generate_sim_data at 0x7f4967c62050>,1,0,"[{'n_iter': 200, 'patience': 100, 'input_size': 1, 'h_sizes': [40, 40]}]",[<class 'models.NueralNet'>],300,1,False,False,,,0.9,,,,,,,260,294,264,236,0.9923076923076923,0.9772727272727273,1.0,0.8728813559322034,naive_on_mean
0.9,100,500,False,True,False,False,"{'transform_func': <function transform_X at 0x7f496a613370>, 'beta': array([1, 2, 3, 4]), 'uniform_range_x': [-2, 2]}",<function generate_sim_data at 0x7f4967c62050>,1,0,"[{'n_iter': 200, 'patience': 100, 'input_size': 1, 'h_sizes': [40, 40]}]",[<class 'models.NueralNet'>],300,1,False,True,True,True,0.9000000000000341,0.9866666666666667,0.9300000000000002,0.9000000000000341,0.9866666666666667,1.0,39.0,106,500,267,233,1.0,0.39700374531835203,1.0,0.0,CS_on_y
0.9,100,500,False,True,False,False,"{'transform_func': <function transform_X at 0x7f496a613370>, 'beta': array([1, 2, 3, 4]), 'uniform_range_x': [-2, 2]}",<function generate_sim_data at 0x7f4967c62050>,1,0,"[{'n_iter': 200, 'patience': 100, 'input_size': 1, 'h_sizes': [40, 40]}]",[<class 'models.NueralNet'>],300,1,False,False,,,0.9,,,,,,,210,430,267,233,0.9952380952380953,0.7827715355805244,1.0,0.3004291845493562,naive_on_y
0.9,100,500,False,True,False,False,"{'transform_func': <function transform_X at 0x7f496a613370>, 'beta': array([1, 2, 3, 4]), 'uniform_range_x': [-2, 2]}",<function generate_sim_data at 0x7f4967c62050>,1,0,"[{'n_iter': 200, 'patience': 100, 'input_size': 1, 'h_sizes': [40, 40]}]",[<class 'models.NueralNet'>],300,1,False,True,True,True,0.9000000000000341,0.97,0.9033333333333333,0.9000000000000341,0.97,0.9733333333333334,3.0,235,378,266,234,1.0,0.8834586466165414,1.0,0.5213675213675213,CS_on_mean
0.9,100,500,False,True,False,False,"{'transform_func': <function transform_X at 0x7f496a613370>, 'beta': array([1, 2, 3, 4]), 'uniform_range_x': [-2, 2]}",<function generate_sim_data at 0x7f4967c62050>,1,0,"[{'n_iter': 200, 'patience': 100, 'input_size': 1, 'h_sizes': [40, 40]}]",[<class 'models.NueralNet'>],300,1,False,True,,,0.9,,,,,,,247,286,266,234,1.0,0.9285714285714286,1.0,0.9145299145299145,naive_on_mean
0.9,100,500,False,True,False,False,"{'transform_func': <function transform_X at 0x7f496a613370>, 'beta': array([1, 2, 3, 4]), 'uniform_range_x': [-2, 2]}",<function generate_sim_data at 0x7f4967c62050>,1,0,"[{'n_iter': 200, 'patience': 100, 'input_size': 1, 'h_sizes': [40, 40]}]",[<class 'models.NueralNet'>],300,1,False,True,True,True,0.8999999999999773,0.9733333333333334,0.73,0.8999999999999773,0.9733333333333334,0.9966666666666667,18.0,130,500,265,235,1.0,0.49056603773584906,1.0,0.0,CS_on_y
0.9,100,500,False,True,False,False,"{'transform_func': <function transform_X at 0x7f496a613370>, 'beta': array([1, 2, 3, 4]), 'uniform_range_x': [-2, 2]}",<function generate_sim_data at 0x7f4967c62050>,1,0,"[{'n_iter': 200, 'patience': 100, 'input_size': 1, 'h_sizes': [40, 40]}]",[<class 'models.NueralNet'>],300,1,False,False,,,0.9,,,,,,,201,400,265,235,0.9950248756218906,0.7547169811320755,1.0,0.42553191489361697,naive_on_y
0.9,100,500,False,True,False,False,"{'transform_func': <function transform_X at 0x7f496a613370>, 'beta': array([1, 2, 3, 4]), 'uniform_range_x': [-2, 2]}",<function generate_sim_data at 0x7f4967c62050>,1,0,"[{'n_iter': 200, 'patience': 100, 'input_size': 1, 'h_sizes': [40, 40]}]",[<class 'models.NueralNet'>],300,1,False,False,True,True,0.9000000000000341,0.97,0.8033333333333332,0.9000000000000341,0.97,0.9566666666666667,19.0,254,312,289,211,1.0,0.8788927335640139,0.9893617021276596,0.8815165876777251,CS_on_mean
0.9,100,500,False,True,False,False,"{'transform_func': <function transform_X at 0x7f496a613370>, 'beta': array([1, 2, 3, 4]), 'uniform_range_x': [-2, 2]}",<function generate_sim_data at 0x7f4967c62050>,1,0,"[{'n_iter': 200, 'patience': 100, 'input_size': 1, 'h_sizes': [40, 40]}]",[<class 'models.NueralNet'>],300,1,False,True,,,0.9,,,,,,,258,310,289,211,1.0,0.8927335640138409,1.0,0.9004739336492891,naive_on_mean
0.9,100,500,False,True,False,False,"{'transform_func': <function transform_X at 0x7f496a613370>, 'beta': array([1, 2, 3, 4]), 'uniform_range_x': [-2, 2]}",<function generate_sim_data at 0x7f4967c62050>,1,0,"[{'n_iter': 200, 'patience': 100, 'input_size': 1, 'h_sizes': [40, 40]}]",[<class 'models.NueralNet'>],300,1,False,True,True,True,0.8999999999999773,0.97,0.8833333333333333,0.8999999999999773,0.97,0.9933333333333333,75.0,157,436,287,213,1.0,0.5470383275261324,1.0,0.3004694835680751,CS_on_y
0.9,100,500,False,True,False,False,"{'transform_func': <function transform_X at 0x7f496a613370>, 'beta': array([1, 2, 3, 4]), 'uniform_range_x': [-2, 2]}",<function generate_sim_data at 0x7f4967c62050>,1,0,"[{'n_iter': 200, 'patience': 100, 'input_size': 1, 'h_sizes': [40, 40]}]",[<class 'models.NueralNet'>],300,1,False,True,,,0.9,,,,,,,215,357,287,213,1.0,0.7491289198606272,1.0,0.6713615023474178,naive_on_y
0.9,100,500,False,True,False,False,"{'transform_func': <function transform_X at 0x7f496a613370>, 'beta': array([1, 2, 3, 4]), 'uniform_range_x': [-2, 2]}",<function generate_sim_data at 0x7f4967c62050>,1,0,"[{'n_iter': 200, 'patience': 100, 'input_size': 1, 'h_sizes': [40, 40]}]",[<class 'models.NueralNet'>],300,1,False,True,True,True,0.9000000000000341,0.9666666666666667,0.8233333333333333,0.9000000000000341,0.9666666666666667,0.99,12.0,249,311,280,220,1.0,0.8892857142857142,1.0,0.8590909090909091,CS_on_mean
0.9,100,500,False,True,False,False,"{'transform_func': <function transform_X at 0x7f496a613370>, 'beta': array([1, 2, 3, 4]), 'uniform_range_x': [-2, 2]}",<function generate_sim_data at 0x7f4967c62050>,1,0,"[{'n_iter': 200, 'patience': 100, 'input_size': 1, 'h_sizes': [40, 40]}]",[<class 'models.NueralNet'>],300,1,False,True,,,0.9,,,,,,,260,306,280,220,1.0,0.9285714285714286,1.0,0.8818181818181818,naive_on_mean
0.9,100,500,False,True,False,False,"{'transform_func': <function transform_X at 0x7f496a613370>, 'beta': array([1, 2, 3, 4]), 'uniform_range_x': [-2, 2]}",<function generate_sim_data at 0x7f4967c62050>,1,0,"[{'n_iter': 200, 'patience': 100, 'input_size': 1, 'h_sizes': [40, 40]}]",[<class 'models.NueralNet'>],300,1,False,True,True,True,0.8999999999999204,0.9666666666666667,0.8466666666666667,0.8999999999999204,0.9666666666666667,0.9966666666666667,19.0,156,496,285,215,1.0,0.5473684210526315,1.0,0.018604651162790753,CS_on_y
0.9,100,500,False,True,False,False,"{'transform_func': <function transform_X at 0x7f496a613370>, 'beta': array([1, 2, 3, 4]), 'uniform_range_x': [-2, 2]}",<function generate_sim_data at 0x7f4967c62050>,1,0,"[{'n_iter': 200, 'patience': 100, 'input_size': 1, 'h_sizes': [40, 40]}]",[<class 'models.NueralNet'>],300,1,False,True,,,0.9,,,,,,,213,353,285,215,1.0,0.7473684210526316,1.0,0.6837209302325582,naive_on_y
0.9,100,500,False,True,False,False,"{'transform_func': <function transform_X at 0x7f496a613370>, 'beta': array([1, 2, 3, 4]), 'uniform_range_x': [-2, 2]}",<function generate_sim_data at 0x7f4967c62050>,1,0,"[{'n_iter': 200, 'patience': 100, 'input_size': 1, 'h_sizes': [40, 40]}]",[<class 'models.NueralNet'>],300,1,False,True,True,True,0.9000000000000341,0.9866666666666667,0.9033333333333333,0.9000000000000341,0.9866666666666667,0.99,11.0,220,305,256,244,1.0,0.859375,1.0,0.7991803278688525,CS_on_mean
0.9,100,500,False,True,False,False,"{'transform_func': <function transform_X at 0x7f496a613370>, 'beta': array([1, 2, 3, 4]), 'uniform_range_x': [-2, 2]}",<function generate_sim_data at 0x7f4967c62050>,1,0,"[{'n_iter': 200, 'patience': 100, 'input_size': 1, 'h_sizes': [40, 40]}]",[<class 'models.NueralNet'>],300,1,False,True,,,0.9,,,,,,,237,283,256,244,1.0,0.92578125,1.0,0.889344262295082,naive_on_mean
0.9,100,500,False,True,False,False,"{'transform_func': <function transform_X at 0x7f496a613370>, 'beta': array([1, 2, 3, 4]), 'uniform_range_x': [-2, 2]}",<function generate_sim_data at 0x7f4967c62050>,1,0,"[{'n_iter': 200, 'patience': 100, 'input_size': 1, 'h_sizes': [40, 40]}]",[<class 'models.NueralNet'>],300,1,False,True,True,True,0.9000000000000341,0.9666666666666667,0.7966666666666669,0.9000000000000341,0.9666666666666667,0.9866666666666667,34.0,117,466,258,242,1.0,0.4534883720930233,1.0,0.14049586776859502,CS_on_y
0.9,100,500,False,True,False,False,"{'transform_func': <function transform_X at 0x7f496a613370>, 'beta': array([1, 2, 3, 4]), 'uniform_range_x': [-2, 2]}",<function generate_sim_data at 0x7f4967c62050>,1,0,"[{'n_iter': 200, 'patience': 100, 'input_size': 1, 'h_sizes': [40, 40]}]",[<class 'models.NueralNet'>],300,1,False,True,,,0.9,,,,,,,199,350,258,242,1.0,0.7713178294573644,1.0,0.6198347107438016,naive_on_y
0.9,100,500,False,True,False,False,"{'transform_func': <function transform_X at 0x7f496a613370>, 'beta': array([1, 2, 3, 4]), 'uniform_range_x': [-2, 2]}",<function generate_sim_data at 0x7f4967c62050>,1,0,"[{'n_iter': 200, 'patience': 100, 'input_size': 1, 'h_sizes': [40, 40]}]",[<class 'models.NueralNet'>],300,1,False,True,True,True,0.9000000000000341,0.99,0.8666666666666667,0.9000000000000341,0.99,0.9933333333333333,32.0,222,339,252,248,1.0,0.8809523809523809,1.0,0.6491935483870968,CS_on_mean
0.9,100,500,False,True,False,False,"{'transform_func': <function transform_X at 0x7f496a613370>, 'beta': array([1, 2, 3, 4]), 'uniform_range_x': [-2, 2]}",<function generate_sim_data at 0x7f4967c62050>,1,0,"[{'n_iter': 200, 'patience': 100, 'input_size': 1, 'h_sizes': [40, 40]}]",[<class 'models.NueralNet'>],300,1,False,False,,,0.9,,,,,,,233,273,252,248,0.9957081545064378,0.9206349206349207,1.0,0.9153225806451613,naive_on_mean
0.9,100,500,False,True,False,False,"{'transform_func': <function transform_X at 0x7f496a613370>, 'beta': array([1, 2, 3, 4]), 'uniform_range_x': [-2, 2]}",<function generate_sim_data at 0x7f4967c62050>,1,0,"[{'n_iter': 200, 'patience': 100, 'input_size': 1, 'h_sizes': [40, 40]}]",[<class 'models.NueralNet'>],300,1,False,True,True,True,0.9000000000000341,0.9566666666666667,0.7166666666666668,0.9000000000000341,0.9566666666666667,0.99,30.0,136,441,250,250,1.0,0.544,1.0,0.236,CS_on_y
0.9,100,500,False,True,False,False,"{'transform_func': <function transform_X at 0x7f496a613370>, 'beta': array([1, 2, 3, 4]), 'uniform_range_x': [-2, 2]}",<function generate_sim_data at 0x7f4967c62050>,1,0,"[{'n_iter': 200, 'patience': 100, 'input_size': 1, 'h_sizes': [40, 40]}]",[<class 'models.NueralNet'>],300,1,False,True,,,0.9,,,,,,,185,362,250,250,1.0,0.74,1.0,0.552,naive_on_y
0.9,100,500,False,True,False,False,"{'transform_func': <function transform_X at 0x7f496a613370>, 'beta': array([1, 2, 3, 4]), 'uniform_range_x': [-2, 2]}",<function generate_sim_data at 0x7f4967c62050>,1,0,"[{'n_iter': 200, 'patience': 100, 'input_size': 1, 'h_sizes': [40, 40]}]",[<class 'models.NueralNet'>],300,1,False,True,True,True,0.8999999999999773,0.9866666666666667,0.9466666666666668,0.8999999999999773,0.9866666666666667,0.9966666666666667,10.0,235,312,256,244,1.0,0.91796875,1.0,0.7704918032786885,CS_on_mean
0.9,100,500,False,True,False,False,"{'transform_func': <function transform_X at 0x7f496a613370>, 'beta': array([1, 2, 3, 4]), 'uniform_range_x': [-2, 2]}",<function generate_sim_data at 0x7f4967c62050>,1,0,"[{'n_iter': 200, 'patience': 100, 'input_size': 1, 'h_sizes': [40, 40]}]",[<class 'models.NueralNet'>],300,1,False,True,,,0.9,,,,,,,246,288,256,244,1.0,0.9609375,1.0,0.8688524590163934,naive_on_mean
0.9,100,500,False,True,False,False,"{'transform_func': <function transform_X at 0x7f496a613370>, 'beta': array([1, 2, 3, 4]), 'uniform_range_x': [-2, 2]}",<function generate_sim_data at 0x7f4967c62050>,1,0,"[{'n_iter': 200, 'patience': 100, 'input_size': 1, 'h_sizes': [40, 40]}]",[<class 'models.NueralNet'>],300,1,False,True,True,True,0.8999999999999773,0.9666666666666667,0.8133333333333335,0.8999999999999773,0.9666666666666667,1.0,24.0,108,500,259,241,1.0,0.41698841698841704,1.0,0.0,CS_on_y
0.9,100,500,False,True,False,False,"{'transform_func': <function transform_X at 0x7f496a613370>, 'beta': array([1, 2, 3, 4]), 'uniform_range_x': [-2, 2]}",<function generate_sim_data at 0x7f4967c62050>,1,0,"[{'n_iter': 200, 'patience': 100, 'input_size': 1, 'h_sizes': [40, 40]}]",[<class 'models.NueralNet'>],300,1,False,True,,,0.9,,,,,,,192,355,259,241,1.0,0.7413127413127414,1.0,0.6016597510373445,naive_on_y
0.9,100,500,False,True,False,False,"{'transform_func': <function transform_X at 0x7f496a613370>, 'beta': array([1, 2, 3, 4]), 'uniform_range_x': [-2, 2]}",<function generate_sim_data at 0x7f4967c62050>,1,0,"[{'n_iter': 200, 'patience': 100, 'input_size': 1, 'h_sizes': [40, 40]}]",[<class 'models.NueralNet'>],300,1,False,True,True,True,0.9000000000000341,0.9766666666666667,0.8833333333333333,0.9000000000000341,0.9766666666666667,0.9866666666666667,19.0,265,393,281,219,1.0,0.9430604982206405,1.0,0.4885844748858448,CS_on_mean
0.9,100,500,False,True,False,False,"{'transform_func': <function transform_X at 0x7f496a613370>, 'beta': array([1, 2, 3, 4]), 'uniform_range_x': [-2, 2]}",<function generate_sim_data at 0x7f4967c62050>,1,0,"[{'n_iter': 200, 'patience': 100, 'input_size': 1, 'h_sizes': [40, 40]}]",[<class 'models.NueralNet'>],300,1,False,True,,,0.9,,,,,,,273,314,281,219,1.0,0.9715302491103203,1.0,0.8493150684931507,naive_on_mean
0.9,100,500,False,True,False,False,"{'transform_func': <function transform_X at 0x7f496a613370>, 'beta': array([1, 2, 3, 4]), 'uniform_range_x': [-2, 2]}",<function generate_sim_data at 0x7f4967c62050>,1,0,"[{'n_iter': 200, 'patience': 100, 'input_size': 1, 'h_sizes': [40, 40]}]",[<class 'models.NueralNet'>],300,1,False,True,True,True,0.8999999999999773,0.9866666666666667,0.71,0.8999999999999773,0.9866666666666667,0.9933333333333333,9.0,153,480,277,223,1.0,0.552346570397112,1.0,0.08968609865470856,CS_on_y
0.9,100,500,False,True,False,False,"{'transform_func': <function transform_X at 0x7f496a613370>, 'beta': array([1, 2, 3, 4]), 'uniform_range_x': [-2, 2]}",<function generate_sim_data at 0x7f4967c62050>,1,0,"[{'n_iter': 200, 'patience': 100, 'input_size': 1, 'h_sizes': [40, 40]}]",[<class 'models.NueralNet'>],300,1,False,True,,,0.9,,,,,,,218,372,277,223,1.0,0.7870036101083032,1.0,0.5739910313901345,naive_on_y
0.9,100,500,False,True,False,False,"{'transform_func': <function transform_X at 0x7f496a613370>, 'beta': array([1, 2, 3, 4]), 'uniform_range_x': [-2, 2]}",<function generate_sim_data at 0x7f4967c62050>,1,0,"[{'n_iter': 200, 'patience': 100, 'input_size': 1, 'h_sizes': [40, 40]}]",[<class 'models.NueralNet'>],300,1,False,True,True,True,0.9000000000000341,0.98,0.81,0.9000000000000341,0.98,0.9933333333333333,7.0,256,320,287,213,1.0,0.89198606271777,1.0,0.8450704225352113,CS_on_mean
0.9,100,500,False,True,False,False,"{'transform_func': <function transform_X at 0x7f496a613370>, 'beta': array([1, 2, 3, 4]), 'uniform_range_x': [-2, 2]}",<function generate_sim_data at 0x7f4967c62050>,1,0,"[{'n_iter': 200, 'patience': 100, 'input_size': 1, 'h_sizes': [40, 40]}]",[<class 'models.NueralNet'>],300,1,False,True,,,0.9,,,,,,,258,302,287,213,1.0,0.8989547038327526,1.0,0.9295774647887324,naive_on_mean
0.9,100,500,False,True,False,False,"{'transform_func': <function transform_X at 0x7f496a613370>, 'beta': array([1, 2, 3, 4]), 'uniform_range_x': [-2, 2]}",<function generate_sim_data at 0x7f4967c62050>,1,0,"[{'n_iter': 200, 'patience': 100, 'input_size': 1, 'h_sizes': [40, 40]}]",[<class 'models.NueralNet'>],300,1,False,True,True,True,0.9000000000000341,0.98,0.8999999999999999,0.9000000000000341,0.98,1.0,77.0,163,416,289,211,1.0,0.5640138408304498,1.0,0.3981042654028436,CS_on_y
0.9,100,500,False,True,False,False,"{'transform_func': <function transform_X at 0x7f496a613370>, 'beta': array([1, 2, 3, 4]), 'uniform_range_x': [-2, 2]}",<function generate_sim_data at 0x7f4967c62050>,1,0,"[{'n_iter': 200, 'patience': 100, 'input_size': 1, 'h_sizes': [40, 40]}]",[<class 'models.NueralNet'>],300,1,False,True,,,0.9,,,,,,,228,360,289,211,1.0,0.7889273356401384,1.0,0.6635071090047393,naive_on_y
0.9,100,500,False,True,False,False,"{'transform_func': <function transform_X at 0x7f496a613370>, 'beta': array([1, 2, 3, 4]), 'uniform_range_x': [-2, 2]}",<function generate_sim_data at 0x7f4967c62050>,1,0,"[{'n_iter': 200, 'patience': 100, 'input_size': 1, 'h_sizes': [40, 40]}]",[<class 'models.NueralNet'>],300,1,False,True,True,True,0.8999999999999773,0.9666666666666667,0.8466666666666667,0.8999999999999773,0.9666666666666667,0.9833333333333333,6.0,225,292,264,236,1.0,0.8522727272727273,1.0,0.8813559322033898,CS_on_mean
0.9,100,500,False,True,False,False,"{'transform_func': <function transform_X at 0x7f496a613370>, 'beta': array([1, 2, 3, 4]), 'uniform_range_x': [-2, 2]}",<function generate_sim_data at 0x7f4967c62050>,1,0,"[{'n_iter': 200, 'patience': 100, 'input_size': 1, 'h_sizes': [40, 40]}]",[<class 'models.NueralNet'>],300,1,False,True,,,0.9,,,,,,,238,281,264,236,1.0,0.9015151515151515,1.0,0.9279661016949152,naive_on_mean
0.9,100,500,False,True,False,False,"{'transform_func': <function transform_X at 0x7f496a613370>, 'beta': array([1, 2, 3, 4]), 'uniform_range_x': [-2, 2]}",<function generate_sim_data at 0x7f4967c62050>,1,0,"[{'n_iter': 200, 'patience': 100, 'input_size': 1, 'h_sizes': [40, 40]}]",[<class 'models.NueralNet'>],300,1,False,True,True,True,0.9000000000000341,0.9666666666666667,0.8466666666666667,0.9000000000000341,0.9666666666666667,0.9966666666666667,38.0,150,370,259,241,1.0,0.5791505791505791,1.0,0.5394190871369295,CS_on_y
0.9,100,500,False,True,False,False,"{'transform_func': <function transform_X at 0x7f496a613370>, 'beta': array([1, 2, 3, 4]), 'uniform_range_x': [-2, 2]}",<function generate_sim_data at 0x7f4967c62050>,1,0,"[{'n_iter': 200, 'patience': 100, 'input_size': 1, 'h_sizes': [40, 40]}]",[<class 'models.NueralNet'>],300,1,False,False,,,0.9,,,,,,,209,323,259,241,1.0,0.8069498069498069,0.9943502824858758,0.7302904564315353,naive_on_y
0.9,100,500,False,True,False,False,"{'transform_func': <function transform_X at 0x7f496a613370>, 'beta': array([1, 2, 3, 4]), 'uniform_range_x': [-2, 2]}",<function generate_sim_data at 0x7f4967c62050>,1,0,"[{'n_iter': 200, 'patience': 100, 'input_size': 1, 'h_sizes': [40, 40]}]",[<class 'models.NueralNet'>],300,1,False,True,True,True,0.9000000000000341,0.9766666666666667,0.8866666666666667,0.9000000000000341,0.9766666666666667,0.9866666666666667,5.0,238,408,275,225,1.0,0.8654545454545455,1.0,0.40888888888888886,CS_on_mean
0.9,100,500,False,True,False,False,"{'transform_func': <function transform_X at 0x7f496a613370>, 'beta': array([1, 2, 3, 4]), 'uniform_range_x': [-2, 2]}",<function generate_sim_data at 0x7f4967c62050>,1,0,"[{'n_iter': 200, 'patience': 100, 'input_size': 1, 'h_sizes': [40, 40]}]",[<class 'models.NueralNet'>],300,1,False,True,,,0.9,,,,,,,251,314,275,225,1.0,0.9127272727272727,1.0,0.8266666666666667,naive_on_mean
0.9,100,500,False,True,False,False,"{'transform_func': <function transform_X at 0x7f496a613370>, 'beta': array([1, 2, 3, 4]), 'uniform_range_x': [-2, 2]}",<function generate_sim_data at 0x7f4967c62050>,1,0,"[{'n_iter': 200, 'patience': 100, 'input_size': 1, 'h_sizes': [40, 40]}]",[<class 'models.NueralNet'>],300,1,False,True,True,True,0.8999999999999773,0.9866666666666667,0.8500000000000001,0.8999999999999773,0.9866666666666667,1.0,45.0,127,500,275,225,1.0,0.4618181818181818,1.0,0.0,CS_on_y
0.9,100,500,False,True,False,False,"{'transform_func': <function transform_X at 0x7f496a613370>, 'beta': array([1, 2, 3, 4]), 'uniform_range_x': [-2, 2]}",<function generate_sim_data at 0x7f4967c62050>,1,0,"[{'n_iter': 200, 'patience': 100, 'input_size': 1, 'h_sizes': [40, 40]}]",[<class 'models.NueralNet'>],300,1,False,True,,,0.9,,,,,,,195,459,275,225,1.0,0.7090909090909091,1.0,0.18222222222222217,naive_on_y
0.9,100,500,False,True,False,False,"{'transform_func': <function transform_X at 0x7f496a613370>, 'beta': array([1, 2, 3, 4]), 'uniform_range_x': [-2, 2]}",<function generate_sim_data at 0x7f4967c62050>,1,0,"[{'n_iter': 200, 'patience': 100, 'input_size': 1, 'h_sizes': [40, 40]}]",[<class 'models.NueralNet'>],300,1,False,True,True,True,0.9000000000000341,0.9633333333333334,0.9033333333333333,0.9000000000000341,0.9633333333333334,0.98,6.0,240,304,273,227,1.0,0.8791208791208791,1.0,0.8634361233480177,CS_on_mean
0.9,100,500,False,True,False,False,"{'transform_func': <function transform_X at 0x7f496a613370>, 'beta': array([1, 2, 3, 4]), 'uniform_range_x': [-2, 2]}",<function generate_sim_data at 0x7f4967c62050>,1,0,"[{'n_iter': 200, 'patience': 100, 'input_size': 1, 'h_sizes': [40, 40]}]",[<class 'models.NueralNet'>],300,1,False,True,,,0.9,,,,,,,251,291,273,227,1.0,0.9194139194139194,1.0,0.920704845814978,naive_on_mean
0.9,100,500,False,True,False,False,"{'transform_func': <function transform_X at 0x7f496a613370>, 'beta': array([1, 2, 3, 4]), 'uniform_range_x': [-2, 2]}",<function generate_sim_data at 0x7f4967c62050>,1,0,"[{'n_iter': 200, 'patience': 100, 'input_size': 1, 'h_sizes': [40, 40]}]",[<class 'models.NueralNet'>],300,1,False,True,True,True,0.9000000000000341,0.9633333333333334,0.6366666666666667,0.9000000000000341,0.9633333333333334,0.99,29.0,135,473,269,231,1.0,0.5018587360594795,1.0,0.11688311688311692,CS_on_y
0.9,100,500,False,True,False,False,"{'transform_func': <function transform_X at 0x7f496a613370>, 'beta': array([1, 2, 3, 4]), 'uniform_range_x': [-2, 2]}",<function generate_sim_data at 0x7f4967c62050>,1,0,"[{'n_iter': 200, 'patience': 100, 'input_size': 1, 'h_sizes': [40, 40]}]",[<class 'models.NueralNet'>],300,1,False,True,,,0.9,,,,,,,187,366,269,231,1.0,0.6951672862453532,1.0,0.5800865800865801,naive_on_y
0.9,100,500,False,True,False,False,"{'transform_func': <function transform_X at 0x7f496a613370>, 'beta': array([1, 2, 3, 4]), 'uniform_range_x': [-2, 2]}",<function generate_sim_data at 0x7f4967c62050>,1,0,"[{'n_iter': 200, 'patience': 100, 'input_size': 1, 'h_sizes': [40, 40]}]",[<class 'models.NueralNet'>],300,1,False,True,True,True,0.9000000000000341,0.97,0.8700000000000001,0.9000000000000341,0.97,0.9933333333333333,15.0,252,325,282,218,1.0,0.8936170212765957,1.0,0.8027522935779816,CS_on_mean
0.9,100,500,False,True,False,False,"{'transform_func': <function transform_X at 0x7f496a613370>, 'beta': array([1, 2, 3, 4]), 'uniform_range_x': [-2, 2]}",<function generate_sim_data at 0x7f4967c62050>,1,0,"[{'n_iter': 200, 'patience': 100, 'input_size': 1, 'h_sizes': [40, 40]}]",[<class 'models.NueralNet'>],300,1,False,True,,,0.9,,,,,,,257,304,282,218,1.0,0.9113475177304965,1.0,0.8990825688073394,naive_on_mean
0.9,100,500,False,True,False,False,"{'transform_func': <function transform_X at 0x7f496a613370>, 'beta': array([1, 2, 3, 4]), 'uniform_range_x': [-2, 2]}",<function generate_sim_data at 0x7f4967c62050>,1,0,"[{'n_iter': 200, 'patience': 100, 'input_size': 1, 'h_sizes': [40, 40]}]",[<class 'models.NueralNet'>],300,1,False,True,True,True,0.8999999999999773,0.9666666666666667,0.7066666666666666,0.8999999999999773,0.9666666666666667,0.9966666666666667,25.0,161,442,284,216,1.0,0.5669014084507042,1.0,0.2685185185185185,CS_on_y
0.9,100,500,False,True,False,False,"{'transform_func': <function transform_X at 0x7f496a613370>, 'beta': array([1, 2, 3, 4]), 'uniform_range_x': [-2, 2]}",<function generate_sim_data at 0x7f4967c62050>,1,0,"[{'n_iter': 200, 'patience': 100, 'input_size': 1, 'h_sizes': [40, 40]}]",[<class 'models.NueralNet'>],300,1,False,True,,,0.9,,,,,,,221,363,284,216,1.0,0.778169014084507,1.0,0.6342592592592593,naive_on_y
0.9,100,500,False,True,False,False,"{'transform_func': <function transform_X at 0x7f496a613370>, 'beta': array([1, 2, 3, 4]), 'uniform_range_x': [-2, 2]}",<function generate_sim_data at 0x7f4967c62050>,1,0,"[{'n_iter': 200, 'patience': 100, 'input_size': 1, 'h_sizes': [40, 40]}]",[<class 'models.NueralNet'>],300,1,False,True,True,True,0.9000000000000341,0.98,0.8166666666666669,0.9000000000000341,0.98,0.9966666666666667,16.0,214,278,241,259,1.0,0.8879668049792531,1.0,0.8571428571428572,CS_on_mean
0.9,100,500,False,True,False,False,"{'transform_func': <function transform_X at 0x7f496a613370>, 'beta': array([1, 2, 3, 4]), 'uniform_range_x': [-2, 2]}",<function generate_sim_data at 0x7f4967c62050>,1,0,"[{'n_iter': 200, 'patience': 100, 'input_size': 1, 'h_sizes': [40, 40]}]",[<class 'models.NueralNet'>],300,1,False,True,,,0.9,,,,,,,221,260,241,259,1.0,0.91701244813278,1.0,0.9266409266409267,naive_on_mean
0.9,100,500,False,True,False,False,"{'transform_func': <function transform_X at 0x7f496a613370>, 'beta': array([1, 2, 3, 4]), 'uniform_range_x': [-2, 2]}",<function generate_sim_data at 0x7f4967c62050>,1,0,"[{'n_iter': 200, 'patience': 100, 'input_size': 1, 'h_sizes': [40, 40]}]",[<class 'models.NueralNet'>],300,1,False,True,True,True,0.9000000000000341,0.9733333333333334,0.7633333333333332,0.9000000000000341,0.9733333333333334,0.9966666666666667,9.0,138,398,234,266,1.0,0.5897435897435898,1.0,0.3834586466165414,CS_on_y
0.9,100,500,False,True,False,False,"{'transform_func': <function transform_X at 0x7f496a613370>, 'beta': array([1, 2, 3, 4]), 'uniform_range_x': [-2, 2]}",<function generate_sim_data at 0x7f4967c62050>,1,0,"[{'n_iter': 200, 'patience': 100, 'input_size': 1, 'h_sizes': [40, 40]}]",[<class 'models.NueralNet'>],300,1,False,True,,,0.9,,,,,,,181,299,234,266,1.0,0.7735042735042735,1.0,0.7556390977443609,naive_on_y
0.9,100,500,False,True,False,False,"{'transform_func': <function transform_X at 0x7f496a613370>, 'beta': array([1, 2, 3, 4]), 'uniform_range_x': [-2, 2]}",<function generate_sim_data at 0x7f4967c62050>,1,0,"[{'n_iter': 200, 'patience': 100, 'input_size': 1, 'h_sizes': [40, 40]}]",[<class 'models.NueralNet'>],300,1,False,True,True,True,0.9000000000000341,0.9633333333333334,0.8166666666666667,0.9000000000000341,0.9633333333333334,0.98,10.0,228,291,245,255,1.0,0.9306122448979592,1.0,0.8196078431372549,CS_on_mean
0.9,100,500,False,True,False,False,"{'transform_func': <function transform_X at 0x7f496a613370>, 'beta': array([1, 2, 3, 4]), 'uniform_range_x': [-2, 2]}",<function generate_sim_data at 0x7f4967c62050>,1,0,"[{'n_iter': 200, 'patience': 100, 'input_size': 1, 'h_sizes': [40, 40]}]",[<class 'models.NueralNet'>],300,1,False,True,,,0.9,,,,,,,231,268,245,255,1.0,0.9428571428571428,1.0,0.9098039215686274,naive_on_mean
0.9,100,500,False,True,False,False,"{'transform_func': <function transform_X at 0x7f496a613370>, 'beta': array([1, 2, 3, 4]), 'uniform_range_x': [-2, 2]}",<function generate_sim_data at 0x7f4967c62050>,1,0,"[{'n_iter': 200, 'patience': 100, 'input_size': 1, 'h_sizes': [40, 40]}]",[<class 'models.NueralNet'>],300,1,False,True,True,True,0.9000000000000341,0.96,0.7733333333333334,0.9000000000000341,0.96,1.0,47.0,113,500,246,254,1.0,0.45934959349593496,1.0,0.0,CS_on_y
0.9,100,500,False,True,False,False,"{'transform_func': <function transform_X at 0x7f496a613370>, 'beta': array([1, 2, 3, 4]), 'uniform_range_x': [-2, 2]}",<function generate_sim_data at 0x7f4967c62050>,1,0,"[{'n_iter': 200, 'patience': 100, 'input_size': 1, 'h_sizes': [40, 40]}]",[<class 'models.NueralNet'>],300,1,False,True,,,0.9,,,,,,,184,387,246,254,1.0,0.7479674796747968,1.0,0.4448818897637795,naive_on_y
0.9,100,500,False,True,False,False,"{'transform_func': <function transform_X at 0x7f496a613370>, 'beta': array([1, 2, 3, 4]), 'uniform_range_x': [-2, 2]}",<function generate_sim_data at 0x7f4967c62050>,1,0,"[{'n_iter': 200, 'patience': 100, 'input_size': 1, 'h_sizes': [40, 40]}]",[<class 'models.NueralNet'>],300,1,False,True,True,True,0.9000000000000341,0.9666666666666667,0.8199999999999998,0.9000000000000341,0.9666666666666667,0.9866666666666667,18.0,243,300,279,221,1.0,0.8709677419354839,1.0,0.9049773755656109,CS_on_mean
0.9,100,500,False,True,False,False,"{'transform_func': <function transform_X at 0x7f496a613370>, 'beta': array([1, 2, 3, 4]), 'uniform_range_x': [-2, 2]}",<function generate_sim_data at 0x7f4967c62050>,1,0,"[{'n_iter': 200, 'patience': 100, 'input_size': 1, 'h_sizes': [40, 40]}]",[<class 'models.NueralNet'>],300,1,False,True,,,0.9,,,,,,,259,301,279,221,1.0,0.9283154121863799,1.0,0.9004524886877828,naive_on_mean
0.9,100,500,False,True,False,False,"{'transform_func': <function transform_X at 0x7f496a613370>, 'beta': array([1, 2, 3, 4]), 'uniform_range_x': [-2, 2]}",<function generate_sim_data at 0x7f4967c62050>,1,0,"[{'n_iter': 200, 'patience': 100, 'input_size': 1, 'h_sizes': [40, 40]}]",[<class 'models.NueralNet'>],300,1,False,True,True,True,0.9000000000000341,0.97,0.6633333333333333,0.9000000000000341,0.97,0.9966666666666667,27.0,132,489,278,222,1.0,0.47482014388489213,1.0,0.0495495495495496,CS_on_y
0.9,100,500,False,True,False,False,"{'transform_func': <function transform_X at 0x7f496a613370>, 'beta': array([1, 2, 3, 4]), 'uniform_range_x': [-2, 2]}",<function generate_sim_data at 0x7f4967c62050>,1,0,"[{'n_iter': 200, 'patience': 100, 'input_size': 1, 'h_sizes': [40, 40]}]",[<class 'models.NueralNet'>],300,1,False,True,,,0.9,,,,,,,207,359,278,222,1.0,0.7446043165467626,1.0,0.6351351351351351,naive_on_y
0.9,100,500,False,True,False,False,"{'transform_func': <function transform_X at 0x7f496a613370>, 'beta': array([1, 2, 3, 4]), 'uniform_range_x': [-2, 2]}",<function generate_sim_data at 0x7f4967c62050>,1,0,"[{'n_iter': 200, 'patience': 100, 'input_size': 1, 'h_sizes': [40, 40]}]",[<class 'models.NueralNet'>],300,1,False,True,True,True,0.9000000000000341,0.9966666666666667,0.9766666666666666,0.9000000000000341,0.9966666666666667,0.99,116.0,216,315,260,240,1.0,0.8307692307692307,1.0,0.7708333333333334,CS_on_mean
0.9,100,500,False,True,False,False,"{'transform_func': <function transform_X at 0x7f496a613370>, 'beta': array([1, 2, 3, 4]), 'uniform_range_x': [-2, 2]}",<function generate_sim_data at 0x7f4967c62050>,1,0,"[{'n_iter': 200, 'patience': 100, 'input_size': 1, 'h_sizes': [40, 40]}]",[<class 'models.NueralNet'>],300,1,False,True,,,0.9,,,,,,,244,282,260,240,1.0,0.9384615384615385,1.0,0.9083333333333333,naive_on_mean
0.9,100,500,False,True,False,False,"{'transform_func': <function transform_X at 0x7f496a613370>, 'beta': array([1, 2, 3, 4]), 'uniform_range_x': [-2, 2]}",<function generate_sim_data at 0x7f4967c62050>,1,0,"[{'n_iter': 200, 'patience': 100, 'input_size': 1, 'h_sizes': [40, 40]}]",[<class 'models.NueralNet'>],300,1,False,True,True,True,0.9000000000000057,0.99,0.9233333333333333,0.9000000000000057,0.99,0.9933333333333333,317.0,98,449,261,239,1.0,0.3754789272030651,1.0,0.21338912133891208,CS_on_y
0.9,100,500,False,True,False,False,"{'transform_func': <function transform_X at 0x7f496a613370>, 'beta': array([1, 2, 3, 4]), 'uniform_range_x': [-2, 2]}",<function generate_sim_data at 0x7f4967c62050>,1,0,"[{'n_iter': 200, 'patience': 100, 'input_size': 1, 'h_sizes': [40, 40]}]",[<class 'models.NueralNet'>],300,1,False,False,,,0.9,,,,,,,202,339,261,239,1.0,0.7739463601532567,0.9937888198757764,0.6694560669456067,naive_on_y
0.9,100,500,False,True,False,False,"{'transform_func': <function transform_X at 0x7f496a613370>, 'beta': array([1, 2, 3, 4]), 'uniform_range_x': [-2, 2]}",<function generate_sim_data at 0x7f4967c62050>,1,0,"[{'n_iter': 200, 'patience': 100, 'input_size': 1, 'h_sizes': [40, 40]}]",[<class 'models.NueralNet'>],300,1,False,True,True,True,0.8999999999999773,0.9633333333333334,0.8199999999999998,0.8999999999999773,0.9633333333333334,0.9833333333333333,9.0,267,405,286,214,1.0,0.9335664335664335,1.0,0.4439252336448598,CS_on_mean
0.9,100,500,False,True,False,False,"{'transform_func': <function transform_X at 0x7f496a613370>, 'beta': array([1, 2, 3, 4]), 'uniform_range_x': [-2, 2]}",<function generate_sim_data at 0x7f4967c62050>,1,0,"[{'n_iter': 200, 'patience': 100, 'input_size': 1, 'h_sizes': [40, 40]}]",[<class 'models.NueralNet'>],300,1,False,True,,,0.9,,,,,,,270,313,286,214,1.0,0.9440559440559441,1.0,0.8738317757009346,naive_on_mean
0.9,100,500,False,True,False,False,"{'transform_func': <function transform_X at 0x7f496a613370>, 'beta': array([1, 2, 3, 4]), 'uniform_range_x': [-2, 2]}",<function generate_sim_data at 0x7f4967c62050>,1,0,"[{'n_iter': 200, 'patience': 100, 'input_size': 1, 'h_sizes': [40, 40]}]",[<class 'models.NueralNet'>],300,1,False,True,True,True,0.9000000000000341,0.9766666666666667,0.8433333333333333,0.9000000000000341,0.9766666666666667,1.0,35.0,145,476,292,208,1.0,0.4965753424657534,1.0,0.11538461538461542,CS_on_y
0.9,100,500,False,True,False,False,"{'transform_func': <function transform_X at 0x7f496a613370>, 'beta': array([1, 2, 3, 4]), 'uniform_range_x': [-2, 2]}",<function generate_sim_data at 0x7f4967c62050>,1,0,"[{'n_iter': 200, 'patience': 100, 'input_size': 1, 'h_sizes': [40, 40]}]",[<class 'models.NueralNet'>],300,1,False,True,,,0.9,,,,,,,220,415,292,208,1.0,0.7534246575342466,1.0,0.40865384615384615,naive_on_y
0.9,100,500,False,True,False,False,"{'transform_func': <function transform_X at 0x7f496a613370>, 'beta': array([1, 2, 3, 4]), 'uniform_range_x': [-2, 2]}",<function generate_sim_data at 0x7f4967c62050>,1,0,"[{'n_iter': 200, 'patience': 100, 'input_size': 1, 'h_sizes': [40, 40]}]",[<class 'models.NueralNet'>],300,1,False,True,True,True,0.9000000000000341,0.9666666666666667,0.8466666666666667,0.9000000000000341,0.9666666666666667,0.9766666666666667,12.0,212,356,249,251,1.0,0.8514056224899599,1.0,0.5737051792828685,CS_on_mean
0.9,100,500,False,True,False,False,"{'transform_func': <function transform_X at 0x7f496a613370>, 'beta': array([1, 2, 3, 4]), 'uniform_range_x': [-2, 2]}",<function generate_sim_data at 0x7f4967c62050>,1,0,"[{'n_iter': 200, 'patience': 100, 'input_size': 1, 'h_sizes': [40, 40]}]",[<class 'models.NueralNet'>],300,1,False,True,,,0.9,,,,,,,216,270,249,251,1.0,0.8674698795180723,1.0,0.9163346613545816,naive_on_mean
0.9,100,500,False,True,False,False,"{'transform_func': <function transform_X at 0x7f496a613370>, 'beta': array([1, 2, 3, 4]), 'uniform_range_x': [-2, 2]}",<function generate_sim_data at 0x7f4967c62050>,1,0,"[{'n_iter': 200, 'patience': 100, 'input_size': 1, 'h_sizes': [40, 40]}]",[<class 'models.NueralNet'>],300,1,False,True,True,True,0.8999999999999773,0.9633333333333334,0.7166666666666668,0.8999999999999773,0.9633333333333334,0.9933333333333333,16.0,117,462,260,240,1.0,0.44999999999999996,1.0,0.15833333333333333,CS_on_y
0.9,100,500,False,True,False,False,"{'transform_func': <function transform_X at 0x7f496a613370>, 'beta': array([1, 2, 3, 4]), 'uniform_range_x': [-2, 2]}",<function generate_sim_data at 0x7f4967c62050>,1,0,"[{'n_iter': 200, 'patience': 100, 'input_size': 1, 'h_sizes': [40, 40]}]",[<class 'models.NueralNet'>],300,1,False,True,,,0.9,,,,,,,189,377,260,240,1.0,0.726923076923077,1.0,0.5125,naive_on_y
0.9,100,500,False,True,False,False,"{'transform_func': <function transform_X at 0x7f496a613370>, 'beta': array([1, 2, 3, 4]), 'uniform_range_x': [-2, 2]}",<function generate_sim_data at 0x7f4967c62050>,1,0,"[{'n_iter': 200, 'patience': 100, 'input_size': 1, 'h_sizes': [40, 40]}]",[<class 'models.NueralNet'>],300,1,False,True,True,True,0.8999999999999773,0.9666666666666667,0.7166666666666668,0.8999999999999773,0.9666666666666667,0.98,2.0,236,292,267,233,1.0,0.8838951310861423,1.0,0.8927038626609443,CS_on_mean
0.9,100,500,False,True,False,False,"{'transform_func': <function transform_X at 0x7f496a613370>, 'beta': array([1, 2, 3, 4]), 'uniform_range_x': [-2, 2]}",<function generate_sim_data at 0x7f4967c62050>,1,0,"[{'n_iter': 200, 'patience': 100, 'input_size': 1, 'h_sizes': [40, 40]}]",[<class 'models.NueralNet'>],300,1,False,True,,,0.9,,,,,,,236,288,267,233,1.0,0.8838951310861423,1.0,0.9098712446351931,naive_on_mean
0.9,100,500,False,True,False,False,"{'transform_func': <function transform_X at 0x7f496a613370>, 'beta': array([1, 2, 3, 4]), 'uniform_range_x': [-2, 2]}",<function generate_sim_data at 0x7f4967c62050>,1,0,"[{'n_iter': 200, 'patience': 100, 'input_size': 1, 'h_sizes': [40, 40]}]",[<class 'models.NueralNet'>],300,1,False,True,True,True,0.9000000000000341,0.9533333333333334,0.7866666666666666,0.9000000000000341,0.9533333333333334,1.0,24.0,153,416,259,241,1.0,0.5907335907335907,1.0,0.34854771784232363,CS_on_y
0.9,100,500,False,True,False,False,"{'transform_func': <function transform_X at 0x7f496a613370>, 'beta': array([1, 2, 3, 4]), 'uniform_range_x': [-2, 2]}",<function generate_sim_data at 0x7f4967c62050>,1,0,"[{'n_iter': 200, 'patience': 100, 'input_size': 1, 'h_sizes': [40, 40]}]",[<class 'models.NueralNet'>],300,1,False,True,,,0.9,,,,,,,198,344,259,241,1.0,0.7644787644787645,1.0,0.6473029045643153,naive_on_y
0.9,100,500,False,True,False,False,"{'transform_func': <function transform_X at 0x7f496a613370>, 'beta': array([1, 2, 3, 4]), 'uniform_range_x': [-2, 2]}",<function generate_sim_data at 0x7f4967c62050>,1,0,"[{'n_iter': 200, 'patience': 100, 'input_size': 1, 'h_sizes': [40, 40]}]",[<class 'models.NueralNet'>],300,1,False,True,True,True,0.9000000000000341,0.9666666666666667,0.7866666666666666,0.9000000000000341,0.9666666666666667,0.9766666666666667,7.0,237,275,257,243,1.0,0.9221789883268483,1.0,0.9259259259259259,CS_on_mean
0.9,100,500,False,True,False,False,"{'transform_func': <function transform_X at 0x7f496a613370>, 'beta': array([1, 2, 3, 4]), 'uniform_range_x': [-2, 2]}",<function generate_sim_data at 0x7f4967c62050>,1,0,"[{'n_iter': 200, 'patience': 100, 'input_size': 1, 'h_sizes': [40, 40]}]",[<class 'models.NueralNet'>],300,1,False,True,,,0.9,,,,,,,239,265,257,243,1.0,0.9299610894941635,1.0,0.9670781893004116,naive_on_mean
0.9,100,500,False,True,False,False,"{'transform_func': <function transform_X at 0x7f496a613370>, 'beta': array([1, 2, 3, 4]), 'uniform_range_x': [-2, 2]}",<function generate_sim_data at 0x7f4967c62050>,1,0,"[{'n_iter': 200, 'patience': 100, 'input_size': 1, 'h_sizes': [40, 40]}]",[<class 'models.NueralNet'>],300,1,False,True,True,True,0.9000000000000341,0.9733333333333334,0.7066666666666666,0.9000000000000341,0.9733333333333334,0.9866666666666667,6.0,154,397,254,246,1.0,0.6062992125984252,1.0,0.4186991869918699,CS_on_y
0.9,100,500,False,True,False,False,"{'transform_func': <function transform_X at 0x7f496a613370>, 'beta': array([1, 2, 3, 4]), 'uniform_range_x': [-2, 2]}",<function generate_sim_data at 0x7f4967c62050>,1,0,"[{'n_iter': 200, 'patience': 100, 'input_size': 1, 'h_sizes': [40, 40]}]",[<class 'models.NueralNet'>],300,1,False,False,,,0.9,,,,,,,199,324,254,246,0.9949748743718593,0.7795275590551181,0.9943181818181818,0.7113821138211383,naive_on_y
0.9,100,500,False,True,False,False,"{'transform_func': <function transform_X at 0x7f496a613370>, 'beta': array([1, 2, 3, 4]), 'uniform_range_x': [-2, 2]}",<function generate_sim_data at 0x7f4967c62050>,1,0,"[{'n_iter': 200, 'patience': 100, 'input_size': 1, 'h_sizes': [40, 40]}]",[<class 'models.NueralNet'>],300,1,False,True,True,True,0.9000000000000341,0.9733333333333334,0.8300000000000001,0.9000000000000341,0.9733333333333334,0.9866666666666667,4.0,239,303,269,231,1.0,0.8884758364312267,1.0,0.8528138528138528,CS_on_mean
0.9,100,500,False,True,False,False,"{'transform_func': <function transform_X at 0x7f496a613370>, 'beta': array([1, 2, 3, 4]), 'uniform_range_x': [-2, 2]}",<function generate_sim_data at 0x7f4967c62050>,1,0,"[{'n_iter': 200, 'patience': 100, 'input_size': 1, 'h_sizes': [40, 40]}]",[<class 'models.NueralNet'>],300,1,False,True,,,0.9,,,,,,,255,299,269,231,1.0,0.9479553903345725,1.0,0.8701298701298701,naive_on_mean
0.9,100,500,False,True,False,False,"{'transform_func': <function transform_X at 0x7f496a613370>, 'beta': array([1, 2, 3, 4]), 'uniform_range_x': [-2, 2]}",<function generate_sim_data at 0x7f4967c62050>,1,0,"[{'n_iter': 200, 'patience': 100, 'input_size': 1, 'h_sizes': [40, 40]}]",[<class 'models.NueralNet'>],300,1,False,True,True,True,0.8999999999999773,0.95,0.7366666666666668,0.8999999999999773,0.95,0.99,29.0,138,492,275,225,1.0,0.5018181818181818,1.0,0.03555555555555556,CS_on_y
0.9,100,500,False,True,False,False,"{'transform_func': <function transform_X at 0x7f496a613370>, 'beta': array([1, 2, 3, 4]), 'uniform_range_x': [-2, 2]}",<function generate_sim_data at 0x7f4967c62050>,1,0,"[{'n_iter': 200, 'patience': 100, 'input_size': 1, 'h_sizes': [40, 40]}]",[<class 'models.NueralNet'>],300,1,False,False,,,0.9,,,,,,,220,355,275,225,0.9954545454545455,0.7963636363636364,1.0,0.6444444444444444,naive_on_y
0.9,100,500,False,True,False,False,"{'transform_func': <function transform_X at 0x7f496a613370>, 'beta': array([1, 2, 3, 4]), 'uniform_range_x': [-2, 2]}",<function generate_sim_data at 0x7f4967c62050>,1,0,"[{'n_iter': 200, 'patience': 100, 'input_size': 1, 'h_sizes': [40, 40]}]",[<class 'models.NueralNet'>],300,1,False,True,False,True,0.9000000000000341,0.9666666666666667,0.78,0.9000000000000341,0.9666666666666667,0.9766666666666667,6.0,242,298,270,230,1.0,0.8962962962962963,1.0,0.8782608695652174,CS_on_mean
0.9,100,500,False,True,False,False,"{'transform_func': <function transform_X at 0x7f496a613370>, 'beta': array([1, 2, 3, 4]), 'uniform_range_x': [-2, 2]}",<function generate_sim_data at 0x7f4967c62050>,1,0,"[{'n_iter': 200, 'patience': 100, 'input_size': 1, 'h_sizes': [40, 40]}]",[<class 'models.NueralNet'>],300,1,False,True,,,0.9,,,,,,,245,286,270,230,1.0,0.9074074074074074,1.0,0.9304347826086956,naive_on_mean
0.9,100,500,False,True,False,False,"{'transform_func': <function transform_X at 0x7f496a613370>, 'beta': array([1, 2, 3, 4]), 'uniform_range_x': [-2, 2]}",<function generate_sim_data at 0x7f4967c62050>,1,0,"[{'n_iter': 200, 'patience': 100, 'input_size': 1, 'h_sizes': [40, 40]}]",[<class 'models.NueralNet'>],300,1,False,False,True,True,0.9000000000000341,0.9566666666666667,0.72,0.9000000000000341,0.9566666666666667,0.99,29.0,155,411,275,225,1.0,0.5636363636363637,0.9887640449438202,0.3911111111111111,CS_on_y
0.9,100,500,False,True,False,False,"{'transform_func': <function transform_X at 0x7f496a613370>, 'beta': array([1, 2, 3, 4]), 'uniform_range_x': [-2, 2]}",<function generate_sim_data at 0x7f4967c62050>,1,0,"[{'n_iter': 200, 'patience': 100, 'input_size': 1, 'h_sizes': [40, 40]}]",[<class 'models.NueralNet'>],300,1,False,False,,,0.9,,,,,,,208,344,275,225,1.0,0.7563636363636363,0.9871794871794872,0.6844444444444444,naive_on_y
0.9,100,500,False,True,False,False,"{'transform_func': <function transform_X at 0x7f496a613370>, 'beta': array([1, 2, 3, 4]), 'uniform_range_x': [-2, 2]}",<function generate_sim_data at 0x7f4967c62050>,1,0,"[{'n_iter': 200, 'patience': 100, 'input_size': 1, 'h_sizes': [40, 40]}]",[<class 'models.NueralNet'>],300,1,False,True,True,True,0.900000000000091,0.9733333333333334,0.8766666666666665,0.900000000000091,0.9733333333333334,0.9866666666666667,4.0,256,314,273,227,1.0,0.9377289377289377,1.0,0.8193832599118943,CS_on_mean
0.9,100,500,False,True,False,False,"{'transform_func': <function transform_X at 0x7f496a613370>, 'beta': array([1, 2, 3, 4]), 'uniform_range_x': [-2, 2]}",<function generate_sim_data at 0x7f4967c62050>,1,0,"[{'n_iter': 200, 'patience': 100, 'input_size': 1, 'h_sizes': [40, 40]}]",[<class 'models.NueralNet'>],300,1,False,True,,,0.9,,,,,,,257,301,273,227,1.0,0.9413919413919414,1.0,0.8766519823788547,naive_on_mean
0.9,100,500,False,True,False,False,"{'transform_func': <function transform_X at 0x7f496a613370>, 'beta': array([1, 2, 3, 4]), 'uniform_range_x': [-2, 2]}",<function generate_sim_data at 0x7f4967c62050>,1,0,"[{'n_iter': 200, 'patience': 100, 'input_size': 1, 'h_sizes': [40, 40]}]",[<class 'models.NueralNet'>],300,1,False,True,True,True,0.9000000000000341,0.98,0.7666666666666666,0.9000000000000341,0.98,1.0,26.0,154,459,270,230,1.0,0.5703703703703704,1.0,0.17826086956521736,CS_on_y
0.9,100,500,False,True,False,False,"{'transform_func': <function transform_X at 0x7f496a613370>, 'beta': array([1, 2, 3, 4]), 'uniform_range_x': [-2, 2]}",<function generate_sim_data at 0x7f4967c62050>,1,0,"[{'n_iter': 200, 'patience': 100, 'input_size': 1, 'h_sizes': [40, 40]}]",[<class 'models.NueralNet'>],300,1,False,True,,,0.9,,,,,,,205,367,270,230,1.0,0.7592592592592593,1.0,0.5782608695652174,naive_on_y
0.9,100,500,False,True,False,False,"{'transform_func': <function transform_X at 0x7f496a613370>, 'beta': array([1, 2, 3, 4]), 'uniform_range_x': [-2, 2]}",<function generate_sim_data at 0x7f4967c62050>,1,0,"[{'n_iter': 200, 'patience': 100, 'input_size': 1, 'h_sizes': [40, 40]}]",[<class 'models.NueralNet'>],300,1,False,True,True,True,0.9000000000000341,0.9766666666666667,0.8833333333333333,0.9000000000000341,0.9766666666666667,0.9866666666666667,13.0,219,280,261,239,1.0,0.8390804597701149,1.0,0.9205020920502092,CS_on_mean
0.9,100,500,False,True,False,False,"{'transform_func': <function transform_X at 0x7f496a613370>, 'beta': array([1, 2, 3, 4]), 'uniform_range_x': [-2, 2]}",<function generate_sim_data at 0x7f4967c62050>,1,0,"[{'n_iter': 200, 'patience': 100, 'input_size': 1, 'h_sizes': [40, 40]}]",[<class 'models.NueralNet'>],300,1,False,False,,,0.9,,,,,,,232,274,261,239,1.0,0.8888888888888888,0.995575221238938,0.9414225941422594,naive_on_mean
0.9,100,500,False,True,False,False,"{'transform_func': <function transform_X at 0x7f496a613370>, 'beta': array([1, 2, 3, 4]), 'uniform_range_x': [-2, 2]}",<function generate_sim_data at 0x7f4967c62050>,1,0,"[{'n_iter': 200, 'patience': 100, 'input_size': 1, 'h_sizes': [40, 40]}]",[<class 'models.NueralNet'>],300,1,False,True,True,True,0.9000000000000341,0.98,0.8666666666666667,0.9000000000000341,0.98,0.9966666666666667,41.0,145,382,269,231,1.0,0.5390334572490707,1.0,0.5108225108225108,CS_on_y
0.9,100,500,False,True,False,False,"{'transform_func': <function transform_X at 0x7f496a613370>, 'beta': array([1, 2, 3, 4]), 'uniform_range_x': [-2, 2]}",<function generate_sim_data at 0x7f4967c62050>,1,0,"[{'n_iter': 200, 'patience': 100, 'input_size': 1, 'h_sizes': [40, 40]}]",[<class 'models.NueralNet'>],300,1,False,True,,,0.9,,,,,,,186,325,269,231,1.0,0.6914498141263941,1.0,0.7575757575757576,naive_on_y
0.9,100,500,False,True,False,False,"{'transform_func': <function transform_X at 0x7f496a613370>, 'beta': array([1, 2, 3, 4]), 'uniform_range_x': [-2, 2]}",<function generate_sim_data at 0x7f4967c62050>,1,0,"[{'n_iter': 200, 'patience': 100, 'input_size': 1, 'h_sizes': [40, 40]}]",[<class 'models.NueralNet'>],300,1,False,True,True,True,0.9000000000000341,0.9966666666666667,0.9866666666666668,0.9000000000000341,0.9966666666666667,1.0,103.0,184,347,260,240,1.0,0.7076923076923076,1.0,0.6375,CS_on_mean
0.9,100,500,False,True,False,False,"{'transform_func': <function transform_X at 0x7f496a613370>, 'beta': array([1, 2, 3, 4]), 'uniform_range_x': [-2, 2]}",<function generate_sim_data at 0x7f4967c62050>,1,0,"[{'n_iter': 200, 'patience': 100, 'input_size': 1, 'h_sizes': [40, 40]}]",[<class 'models.NueralNet'>],300,1,False,True,,,0.9,,,,,,,230,282,260,240,1.0,0.8846153846153846,1.0,0.9083333333333333,naive_on_mean
0.9,100,500,False,True,False,False,"{'transform_func': <function transform_X at 0x7f496a613370>, 'beta': array([1, 2, 3, 4]), 'uniform_range_x': [-2, 2]}",<function generate_sim_data at 0x7f4967c62050>,1,0,"[{'n_iter': 200, 'patience': 100, 'input_size': 1, 'h_sizes': [40, 40]}]",[<class 'models.NueralNet'>],300,1,False,True,True,True,0.9000000000000341,0.99,0.9066666666666667,0.9000000000000341,0.99,1.0,27.0,97,497,262,238,1.0,0.3702290076335878,1.0,0.012605042016806678,CS_on_y
0.9,100,500,False,True,False,False,"{'transform_func': <function transform_X at 0x7f496a613370>, 'beta': array([1, 2, 3, 4]), 'uniform_range_x': [-2, 2]}",<function generate_sim_data at 0x7f4967c62050>,1,0,"[{'n_iter': 200, 'patience': 100, 'input_size': 1, 'h_sizes': [40, 40]}]",[<class 'models.NueralNet'>],300,1,False,True,,,0.9,,,,,,,187,343,262,238,1.0,0.7137404580152672,1.0,0.6596638655462185,naive_on_y
0.9,100,500,False,True,False,False,"{'transform_func': <function transform_X at 0x7f496a613370>, 'beta': array([1, 2, 3, 4]), 'uniform_range_x': [-2, 2]}",<function generate_sim_data at 0x7f4967c62050>,1,0,"[{'n_iter': 200, 'patience': 100, 'input_size': 1, 'h_sizes': [40, 40]}]",[<class 'models.NueralNet'>],300,1,False,True,True,True,0.9000000000000341,0.93,0.69,0.9000000000000341,0.93,0.9533333333333334,5.0,223,262,240,260,1.0,0.9291666666666667,1.0,0.9153846153846154,CS_on_mean
0.9,100,500,False,True,False,False,"{'transform_func': <function transform_X at 0x7f496a613370>, 'beta': array([1, 2, 3, 4]), 'uniform_range_x': [-2, 2]}",<function generate_sim_data at 0x7f4967c62050>,1,0,"[{'n_iter': 200, 'patience': 100, 'input_size': 1, 'h_sizes': [40, 40]}]",[<class 'models.NueralNet'>],300,1,False,True,,,0.9,,,,,,,225,255,240,260,1.0,0.9375,1.0,0.9423076923076923,naive_on_mean
0.9,100,500,False,True,False,False,"{'transform_func': <function transform_X at 0x7f496a613370>, 'beta': array([1, 2, 3, 4]), 'uniform_range_x': [-2, 2]}",<function generate_sim_data at 0x7f4967c62050>,1,0,"[{'n_iter': 200, 'patience': 100, 'input_size': 1, 'h_sizes': [40, 40]}]",[<class 'models.NueralNet'>],300,1,False,True,True,True,0.8999999999999773,0.97,0.6966666666666668,0.8999999999999773,0.97,0.9966666666666667,19.0,147,375,244,256,1.0,0.6024590163934427,1.0,0.48828125,CS_on_y
0.9,100,500,False,True,False,False,"{'transform_func': <function transform_X at 0x7f496a613370>, 'beta': array([1, 2, 3, 4]), 'uniform_range_x': [-2, 2]}",<function generate_sim_data at 0x7f4967c62050>,1,0,"[{'n_iter': 200, 'patience': 100, 'input_size': 1, 'h_sizes': [40, 40]}]",[<class 'models.NueralNet'>],300,1,False,True,,,0.9,,,,,,,190,305,244,256,1.0,0.7786885245901639,1.0,0.76171875,naive_on_y
0.9,100,500,False,True,False,False,"{'transform_func': <function transform_X at 0x7f496a613370>, 'beta': array([1, 2, 3, 4]), 'uniform_range_x': [-2, 2]}",<function generate_sim_data at 0x7f4967c62050>,1,0,"[{'n_iter': 200, 'patience': 100, 'input_size': 1, 'h_sizes': [40, 40]}]",[<class 'models.NueralNet'>],300,1,False,True,True,True,0.8999999999999773,0.9866666666666667,0.94,0.8999999999999773,0.9866666666666667,0.9966666666666667,14.0,238,383,272,228,1.0,0.875,1.0,0.513157894736842,CS_on_mean
0.9,100,500,False,True,False,False,"{'transform_func': <function transform_X at 0x7f496a613370>, 'beta': array([1, 2, 3, 4]), 'uniform_range_x': [-2, 2]}",<function generate_sim_data at 0x7f4967c62050>,1,0,"[{'n_iter': 200, 'patience': 100, 'input_size': 1, 'h_sizes': [40, 40]}]",[<class 'models.NueralNet'>],300,1,False,True,,,0.9,,,,,,,258,296,272,228,1.0,0.9485294117647058,1.0,0.8947368421052632,naive_on_mean
0.9,100,500,False,True,False,False,"{'transform_func': <function transform_X at 0x7f496a613370>, 'beta': array([1, 2, 3, 4]), 'uniform_range_x': [-2, 2]}",<function generate_sim_data at 0x7f4967c62050>,1,0,"[{'n_iter': 200, 'patience': 100, 'input_size': 1, 'h_sizes': [40, 40]}]",[<class 'models.NueralNet'>],300,1,False,True,True,True,0.9000000000000341,0.9833333333333333,0.8199999999999998,0.9000000000000341,0.9833333333333333,0.9966666666666667,39.0,111,499,272,228,1.0,0.40808823529411764,1.0,0.004385964912280715,CS_on_y
0.9,100,500,False,True,False,False,"{'transform_func': <function transform_X at 0x7f496a613370>, 'beta': array([1, 2, 3, 4]), 'uniform_range_x': [-2, 2]}",<function generate_sim_data at 0x7f4967c62050>,1,0,"[{'n_iter': 200, 'patience': 100, 'input_size': 1, 'h_sizes': [40, 40]}]",[<class 'models.NueralNet'>],300,1,False,True,,,0.9,,,,,,,204,407,272,228,1.0,0.75,1.0,0.4078947368421053,naive_on_y
0.9,100,500,False,True,False,False,"{'transform_func': <function transform_X at 0x7f496a613370>, 'beta': array([1, 2, 3, 4]), 'uniform_range_x': [-2, 2]}",<function generate_sim_data at 0x7f4967c62050>,1,0,"[{'n_iter': 200, 'patience': 100, 'input_size': 1, 'h_sizes': [40, 40]}]",[<class 'models.NueralNet'>],300,1,False,True,True,True,0.9000000000000341,0.97,0.9099999999999999,0.9000000000000341,0.97,0.99,7.0,228,288,264,236,1.0,0.8636363636363636,1.0,0.8983050847457628,CS_on_mean
0.9,100,500,False,True,False,False,"{'transform_func': <function transform_X at 0x7f496a613370>, 'beta': array([1, 2, 3, 4]), 'uniform_range_x': [-2, 2]}",<function generate_sim_data at 0x7f4967c62050>,1,0,"[{'n_iter': 200, 'patience': 100, 'input_size': 1, 'h_sizes': [40, 40]}]",[<class 'models.NueralNet'>],300,1,False,True,,,0.9,,,,,,,240,280,264,236,1.0,0.9090909090909091,1.0,0.9322033898305084,naive_on_mean
0.9,100,500,False,True,False,False,"{'transform_func': <function transform_X at 0x7f496a613370>, 'beta': array([1, 2, 3, 4]), 'uniform_range_x': [-2, 2]}",<function generate_sim_data at 0x7f4967c62050>,1,0,"[{'n_iter': 200, 'patience': 100, 'input_size': 1, 'h_sizes': [40, 40]}]",[<class 'models.NueralNet'>],300,1,False,True,True,True,0.8999999999999773,0.9666666666666667,0.7033333333333331,0.8999999999999773,0.9666666666666667,0.9933333333333333,22.0,141,447,259,241,1.0,0.5444015444015444,1.0,0.21991701244813278,CS_on_y
0.9,100,500,False,True,False,False,"{'transform_func': <function transform_X at 0x7f496a613370>, 'beta': array([1, 2, 3, 4]), 'uniform_range_x': [-2, 2]}",<function generate_sim_data at 0x7f4967c62050>,1,0,"[{'n_iter': 200, 'patience': 100, 'input_size': 1, 'h_sizes': [40, 40]}]",[<class 'models.NueralNet'>],300,1,False,True,,,0.9,,,,,,,198,335,259,241,1.0,0.7644787644787645,1.0,0.6846473029045643,naive_on_y
0.9,100,500,False,True,False,False,"{'transform_func': <function transform_X at 0x7f496a613370>, 'beta': array([1, 2, 3, 4]), 'uniform_range_x': [-2, 2]}",<function generate_sim_data at 0x7f4967c62050>,1,0,"[{'n_iter': 200, 'patience': 100, 'input_size': 1, 'h_sizes': [40, 40]}]",[<class 'models.NueralNet'>],300,1,False,True,True,True,0.8999999999999773,0.99,0.9299999999999999,0.8999999999999773,0.99,0.9966666666666667,17.0,217,320,268,232,1.0,0.8097014925373134,1.0,0.7758620689655172,CS_on_mean
0.9,100,500,False,True,False,False,"{'transform_func': <function transform_X at 0x7f496a613370>, 'beta': array([1, 2, 3, 4]), 'uniform_range_x': [-2, 2]}",<function generate_sim_data at 0x7f4967c62050>,1,0,"[{'n_iter': 200, 'patience': 100, 'input_size': 1, 'h_sizes': [40, 40]}]",[<class 'models.NueralNet'>],300,1,False,True,,,0.9,,,,,,,239,290,268,232,1.0,0.8917910447761194,1.0,0.9051724137931034,naive_on_mean
0.9,100,500,False,True,False,False,"{'transform_func': <function transform_X at 0x7f496a613370>, 'beta': array([1, 2, 3, 4]), 'uniform_range_x': [-2, 2]}",<function generate_sim_data at 0x7f4967c62050>,1,0,"[{'n_iter': 200, 'patience': 100, 'input_size': 1, 'h_sizes': [40, 40]}]",[<class 'models.NueralNet'>],300,1,False,True,True,True,0.9000000000000341,0.9833333333333333,0.8700000000000001,0.9000000000000341,0.9833333333333333,0.9966666666666667,27.0,125,447,271,229,1.0,0.46125461254612543,1.0,0.23144104803493448,CS_on_y
0.9,100,500,False,True,False,False,"{'transform_func': <function transform_X at 0x7f496a613370>, 'beta': array([1, 2, 3, 4]), 'uniform_range_x': [-2, 2]}",<function generate_sim_data at 0x7f4967c62050>,1,0,"[{'n_iter': 200, 'patience': 100, 'input_size': 1, 'h_sizes': [40, 40]}]",[<class 'models.NueralNet'>],300,1,False,False,,,0.9,,,,,,,201,338,271,229,0.9950248756218906,0.7380073800738007,0.9938271604938271,0.7030567685589519,naive_on_y
0.9,100,500,False,True,False,False,"{'transform_func': <function transform_X at 0x7f496a613370>, 'beta': array([1, 2, 3, 4]), 'uniform_range_x': [-2, 2]}",<function generate_sim_data at 0x7f4967c62050>,1,0,"[{'n_iter': 200, 'patience': 100, 'input_size': 1, 'h_sizes': [40, 40]}]",[<class 'models.NueralNet'>],300,1,False,True,True,True,0.9000000000000341,0.97,0.8033333333333332,0.9000000000000341,0.97,0.99,5.0,254,300,278,222,1.0,0.9136690647482014,1.0,0.9009009009009009,CS_on_mean
0.9,100,500,False,True,False,False,"{'transform_func': <function transform_X at 0x7f496a613370>, 'beta': array([1, 2, 3, 4]), 'uniform_range_x': [-2, 2]}",<function generate_sim_data at 0x7f4967c62050>,1,0,"[{'n_iter': 200, 'patience': 100, 'input_size': 1, 'h_sizes': [40, 40]}]",[<class 'models.NueralNet'>],300,1,False,True,,,0.9,,,,,,,262,295,278,222,1.0,0.9424460431654677,1.0,0.9234234234234234,naive_on_mean
0.9,100,500,False,True,False,False,"{'transform_func': <function transform_X at 0x7f496a613370>, 'beta': array([1, 2, 3, 4]), 'uniform_range_x': [-2, 2]}",<function generate_sim_data at 0x7f4967c62050>,1,0,"[{'n_iter': 200, 'patience': 100, 'input_size': 1, 'h_sizes': [40, 40]}]",[<class 'models.NueralNet'>],300,1,False,True,True,True,0.9000000000000341,0.9733333333333334,0.76,0.9000000000000341,0.9733333333333334,0.9933333333333333,12.0,168,403,278,222,1.0,0.60431654676259,1.0,0.4369369369369369,CS_on_y
0.9,100,500,False,True,False,False,"{'transform_func': <function transform_X at 0x7f496a613370>, 'beta': array([1, 2, 3, 4]), 'uniform_range_x': [-2, 2]}",<function generate_sim_data at 0x7f4967c62050>,1,0,"[{'n_iter': 200, 'patience': 100, 'input_size': 1, 'h_sizes': [40, 40]}]",[<class 'models.NueralNet'>],300,1,False,False,,,0.9,,,,,,,216,339,278,222,0.9953703703703703,0.7733812949640287,0.9937888198757764,0.7207207207207207,naive_on_y
0.9,100,500,False,True,False,False,"{'transform_func': <function transform_X at 0x7f496a613370>, 'beta': array([1, 2, 3, 4]), 'uniform_range_x': [-2, 2]}",<function generate_sim_data at 0x7f4967c62050>,1,0,"[{'n_iter': 200, 'patience': 100, 'input_size': 1, 'h_sizes': [40, 40]}]",[<class 'models.NueralNet'>],300,1,False,True,True,True,0.9000000000000341,0.9666666666666667,0.8366666666666664,0.9000000000000341,0.9666666666666667,0.99,14.0,206,261,233,267,1.0,0.8841201716738197,1.0,0.8951310861423221,CS_on_mean
0.9,100,500,False,True,False,False,"{'transform_func': <function transform_X at 0x7f496a613370>, 'beta': array([1, 2, 3, 4]), 'uniform_range_x': [-2, 2]}",<function generate_sim_data at 0x7f4967c62050>,1,0,"[{'n_iter': 200, 'patience': 100, 'input_size': 1, 'h_sizes': [40, 40]}]",[<class 'models.NueralNet'>],300,1,False,True,,,0.9,,,,,,,219,256,233,267,1.0,0.9399141630901288,1.0,0.9138576779026217,naive_on_mean
0.9,100,500,False,True,False,False,"{'transform_func': <function transform_X at 0x7f496a613370>, 'beta': array([1, 2, 3, 4]), 'uniform_range_x': [-2, 2]}",<function generate_sim_data at 0x7f4967c62050>,1,0,"[{'n_iter': 200, 'patience': 100, 'input_size': 1, 'h_sizes': [40, 40]}]",[<class 'models.NueralNet'>],300,1,False,True,True,True,0.8999999999999773,0.9633333333333334,0.8266666666666667,0.8999999999999773,0.9633333333333334,0.99,28.0,146,351,227,273,1.0,0.6431718061674009,1.0,0.5457875457875458,CS_on_y
0.9,100,500,False,True,False,False,"{'transform_func': <function transform_X at 0x7f496a613370>, 'beta': array([1, 2, 3, 4]), 'uniform_range_x': [-2, 2]}",<function generate_sim_data at 0x7f4967c62050>,1,0,"[{'n_iter': 200, 'patience': 100, 'input_size': 1, 'h_sizes': [40, 40]}]",[<class 'models.NueralNet'>],300,1,False,True,,,0.9,,,,,,,187,305,227,273,1.0,0.8237885462555066,1.0,0.7142857142857143,naive_on_y
0.9,100,500,False,True,False,False,"{'transform_func': <function transform_X at 0x7f496a613370>, 'beta': array([1, 2, 3, 4]), 'uniform_range_x': [-2, 2]}",<function generate_sim_data at 0x7f4967c62050>,1,0,"[{'n_iter': 200, 'patience': 100, 'input_size': 1, 'h_sizes': [40, 40]}]",[<class 'models.NueralNet'>],300,1,False,True,False,True,0.8999999999999773,0.9733333333333334,0.8833333333333333,0.8999999999999773,0.9733333333333334,0.98,7.0,245,305,266,234,1.0,0.9210526315789473,1.0,0.8333333333333334,CS_on_mean
0.9,100,500,False,True,False,False,"{'transform_func': <function transform_X at 0x7f496a613370>, 'beta': array([1, 2, 3, 4]), 'uniform_range_x': [-2, 2]}",<function generate_sim_data at 0x7f4967c62050>,1,0,"[{'n_iter': 200, 'patience': 100, 'input_size': 1, 'h_sizes': [40, 40]}]",[<class 'models.NueralNet'>],300,1,False,True,,,0.9,,,,,,,252,282,266,234,1.0,0.9473684210526316,1.0,0.9316239316239316,naive_on_mean
0.9,100,500,False,True,False,False,"{'transform_func': <function transform_X at 0x7f496a613370>, 'beta': array([1, 2, 3, 4]), 'uniform_range_x': [-2, 2]}",<function generate_sim_data at 0x7f4967c62050>,1,0,"[{'n_iter': 200, 'patience': 100, 'input_size': 1, 'h_sizes': [40, 40]}]",[<class 'models.NueralNet'>],300,1,False,True,True,True,0.9000000000000341,0.9733333333333334,0.8166666666666667,0.9000000000000341,0.9733333333333334,0.9966666666666667,42.0,124,500,272,228,1.0,0.4558823529411765,1.0,0.0,CS_on_y
0.9,100,500,False,True,False,False,"{'transform_func': <function transform_X at 0x7f496a613370>, 'beta': array([1, 2, 3, 4]), 'uniform_range_x': [-2, 2]}",<function generate_sim_data at 0x7f4967c62050>,1,0,"[{'n_iter': 200, 'patience': 100, 'input_size': 1, 'h_sizes': [40, 40]}]",[<class 'models.NueralNet'>],300,1,False,True,,,0.9,,,,,,,216,352,272,228,1.0,0.7941176470588236,1.0,0.6491228070175439,naive_on_y
0.9,100,500,False,True,False,False,"{'transform_func': <function transform_X at 0x7f496a613370>, 'beta': array([1, 2, 3, 4]), 'uniform_range_x': [-2, 2]}",<function generate_sim_data at 0x7f4967c62050>,1,0,"[{'n_iter': 200, 'patience': 100, 'input_size': 1, 'h_sizes': [40, 40]}]",[<class 'models.NueralNet'>],300,1,False,True,True,True,0.900000000000091,0.97,0.79,0.900000000000091,0.97,0.98,8.0,227,394,265,235,1.0,0.8566037735849057,1.0,0.451063829787234,CS_on_mean
0.9,100,500,False,True,False,False,"{'transform_func': <function transform_X at 0x7f496a613370>, 'beta': array([1, 2, 3, 4]), 'uniform_range_x': [-2, 2]}",<function generate_sim_data at 0x7f4967c62050>,1,0,"[{'n_iter': 200, 'patience': 100, 'input_size': 1, 'h_sizes': [40, 40]}]",[<class 'models.NueralNet'>],300,1,False,True,,,0.9,,,,,,,243,302,265,235,1.0,0.9169811320754717,1.0,0.8425531914893617,naive_on_mean
0.9,100,500,False,True,False,False,"{'transform_func': <function transform_X at 0x7f496a613370>, 'beta': array([1, 2, 3, 4]), 'uniform_range_x': [-2, 2]}",<function generate_sim_data at 0x7f4967c62050>,1,0,"[{'n_iter': 200, 'patience': 100, 'input_size': 1, 'h_sizes': [40, 40]}]",[<class 'models.NueralNet'>],300,1,False,True,True,True,0.8999999999999773,0.9733333333333334,0.8233333333333333,0.8999999999999773,0.9733333333333334,0.9966666666666667,30.0,99,500,259,241,1.0,0.38223938223938225,1.0,0.0,CS_on_y
0.9,100,500,False,True,False,False,"{'transform_func': <function transform_X at 0x7f496a613370>, 'beta': array([1, 2, 3, 4]), 'uniform_range_x': [-2, 2]}",<function generate_sim_data at 0x7f4967c62050>,1,0,"[{'n_iter': 200, 'patience': 100, 'input_size': 1, 'h_sizes': [40, 40]}]",[<class 'models.NueralNet'>],300,1,False,True,,,0.9,,,,,,,195,432,259,241,1.0,0.752895752895753,1.0,0.2821576763485477,naive_on_y
0.9,100,500,False,True,False,False,"{'transform_func': <function transform_X at 0x7f496a613370>, 'beta': array([1, 2, 3, 4]), 'uniform_range_x': [-2, 2]}",<function generate_sim_data at 0x7f4967c62050>,1,0,"[{'n_iter': 200, 'patience': 100, 'input_size': 1, 'h_sizes': [40, 40]}]",[<class 'models.NueralNet'>],300,1,False,True,False,True,0.9000000000000341,0.97,0.7799999999999998,0.9000000000000341,0.97,0.98,5.0,240,308,263,237,1.0,0.9125475285171103,1.0,0.810126582278481,CS_on_mean
0.9,100,500,False,True,False,False,"{'transform_func': <function transform_X at 0x7f496a613370>, 'beta': array([1, 2, 3, 4]), 'uniform_range_x': [-2, 2]}",<function generate_sim_data at 0x7f4967c62050>,1,0,"[{'n_iter': 200, 'patience': 100, 'input_size': 1, 'h_sizes': [40, 40]}]",[<class 'models.NueralNet'>],300,1,False,True,,,0.9,,,,,,,246,286,263,237,1.0,0.935361216730038,1.0,0.9029535864978903,naive_on_mean
0.9,100,500,False,True,False,False,"{'transform_func': <function transform_X at 0x7f496a613370>, 'beta': array([1, 2, 3, 4]), 'uniform_range_x': [-2, 2]}",<function generate_sim_data at 0x7f4967c62050>,1,0,"[{'n_iter': 200, 'patience': 100, 'input_size': 1, 'h_sizes': [40, 40]}]",[<class 'models.NueralNet'>],300,1,False,True,True,True,0.9000000000000341,0.9666666666666667,0.8200000000000001,0.9000000000000341,0.9666666666666667,1.0,41.0,140,440,269,231,1.0,0.5204460966542751,1.0,0.2597402597402597,CS_on_y
0.9,100,500,False,True,False,False,"{'transform_func': <function transform_X at 0x7f496a613370>, 'beta': array([1, 2, 3, 4]), 'uniform_range_x': [-2, 2]}",<function generate_sim_data at 0x7f4967c62050>,1,0,"[{'n_iter': 200, 'patience': 100, 'input_size': 1, 'h_sizes': [40, 40]}]",[<class 'models.NueralNet'>],300,1,False,True,,,0.9,,,,,,,194,347,269,231,1.0,0.7211895910780669,1.0,0.6623376623376623,naive_on_y
0.9,100,500,False,True,False,False,"{'transform_func': <function transform_X at 0x7f496a613370>, 'beta': array([1, 2, 3, 4]), 'uniform_range_x': [-2, 2]}",<function generate_sim_data at 0x7f4967c62050>,1,0,"[{'n_iter': 200, 'patience': 100, 'input_size': 1, 'h_sizes': [40, 40]}]",[<class 'models.NueralNet'>],300,1,False,True,True,True,0.9000000000000341,0.9766666666666667,0.8833333333333333,0.9000000000000341,0.9766666666666667,0.98,17.0,253,310,268,232,1.0,0.9440298507462687,1.0,0.8189655172413793,CS_on_mean
0.9,100,500,False,True,False,False,"{'transform_func': <function transform_X at 0x7f496a613370>, 'beta': array([1, 2, 3, 4]), 'uniform_range_x': [-2, 2]}",<function generate_sim_data at 0x7f4967c62050>,1,0,"[{'n_iter': 200, 'patience': 100, 'input_size': 1, 'h_sizes': [40, 40]}]",[<class 'models.NueralNet'>],300,1,False,True,,,0.9,,,,,,,256,294,268,232,1.0,0.9552238805970149,1.0,0.8879310344827587,naive_on_mean
0.9,100,500,False,True,False,False,"{'transform_func': <function transform_X at 0x7f496a613370>, 'beta': array([1, 2, 3, 4]), 'uniform_range_x': [-2, 2]}",<function generate_sim_data at 0x7f4967c62050>,1,0,"[{'n_iter': 200, 'patience': 100, 'input_size': 1, 'h_sizes': [40, 40]}]",[<class 'models.NueralNet'>],300,1,False,True,True,True,0.9000000000000341,0.9866666666666667,0.8199999999999998,0.9000000000000341,0.9866666666666667,0.9966666666666667,6.0,125,493,273,227,1.0,0.4578754578754579,1.0,0.03083700440528636,CS_on_y
0.9,100,500,False,True,False,False,"{'transform_func': <function transform_X at 0x7f496a613370>, 'beta': array([1, 2, 3, 4]), 'uniform_range_x': [-2, 2]}",<function generate_sim_data at 0x7f4967c62050>,1,0,"[{'n_iter': 200, 'patience': 100, 'input_size': 1, 'h_sizes': [40, 40]}]",[<class 'models.NueralNet'>],300,1,False,True,,,0.9,,,,,,,213,364,273,227,1.0,0.7802197802197802,1.0,0.5991189427312775,naive_on_y
0.9,100,500,False,True,False,False,"{'transform_func': <function transform_X at 0x7f496a613370>, 'beta': array([1, 2, 3, 4]), 'uniform_range_x': [-2, 2]}",<function generate_sim_data at 0x7f4967c62050>,1,0,"[{'n_iter': 200, 'patience': 100, 'input_size': 1, 'h_sizes': [40, 40]}]",[<class 'models.NueralNet'>],300,1,False,True,True,True,0.9000000000000341,0.9633333333333334,0.8300000000000001,0.9000000000000341,0.9633333333333334,0.9766666666666667,10.0,239,303,260,240,1.0,0.9192307692307692,1.0,0.8208333333333333,CS_on_mean
0.9,100,500,False,True,False,False,"{'transform_func': <function transform_X at 0x7f496a613370>, 'beta': array([1, 2, 3, 4]), 'uniform_range_x': [-2, 2]}",<function generate_sim_data at 0x7f4967c62050>,1,0,"[{'n_iter': 200, 'patience': 100, 'input_size': 1, 'h_sizes': [40, 40]}]",[<class 'models.NueralNet'>],300,1,False,True,,,0.9,,,,,,,244,288,260,240,1.0,0.9384615384615385,1.0,0.8833333333333333,naive_on_mean
0.9,100,500,False,True,False,False,"{'transform_func': <function transform_X at 0x7f496a613370>, 'beta': array([1, 2, 3, 4]), 'uniform_range_x': [-2, 2]}",<function generate_sim_data at 0x7f4967c62050>,1,0,"[{'n_iter': 200, 'patience': 100, 'input_size': 1, 'h_sizes': [40, 40]}]",[<class 'models.NueralNet'>],300,1,False,True,True,True,0.9000000000000341,0.9733333333333334,0.74,0.9000000000000341,0.9733333333333334,0.9966666666666667,40.0,124,481,270,230,1.0,0.45925925925925926,1.0,0.08260869565217388,CS_on_y
0.9,100,500,False,True,False,False,"{'transform_func': <function transform_X at 0x7f496a613370>, 'beta': array([1, 2, 3, 4]), 'uniform_range_x': [-2, 2]}",<function generate_sim_data at 0x7f4967c62050>,1,0,"[{'n_iter': 200, 'patience': 100, 'input_size': 1, 'h_sizes': [40, 40]}]",[<class 'models.NueralNet'>],300,1,False,True,,,0.9,,,,,,,175,368,270,230,1.0,0.6481481481481481,1.0,0.5739130434782609,naive_on_y
0.9,100,500,False,True,False,False,"{'transform_func': <function transform_X at 0x7f496a613370>, 'beta': array([1, 2, 3, 4]), 'uniform_range_x': [-2, 2]}",<function generate_sim_data at 0x7f4967c62050>,1,0,"[{'n_iter': 200, 'patience': 100, 'input_size': 1, 'h_sizes': [40, 40]}]",[<class 'models.NueralNet'>],300,1,False,True,True,True,0.9000000000000341,0.9766666666666667,0.7933333333333334,0.9000000000000341,0.9766666666666667,0.9966666666666667,6.0,240,402,270,230,1.0,0.8888888888888888,1.0,0.4260869565217391,CS_on_mean
0.9,100,500,False,True,False,False,"{'transform_func': <function transform_X at 0x7f496a613370>, 'beta': array([1, 2, 3, 4]), 'uniform_range_x': [-2, 2]}",<function generate_sim_data at 0x7f4967c62050>,1,0,"[{'n_iter': 200, 'patience': 100, 'input_size': 1, 'h_sizes': [40, 40]}]",[<class 'models.NueralNet'>],300,1,False,True,,,0.9,,,,,,,247,281,270,230,1.0,0.9148148148148149,1.0,0.9521739130434783,naive_on_mean
0.9,100,500,False,True,False,False,"{'transform_func': <function transform_X at 0x7f496a613370>, 'beta': array([1, 2, 3, 4]), 'uniform_range_x': [-2, 2]}",<function generate_sim_data at 0x7f4967c62050>,1,0,"[{'n_iter': 200, 'patience': 100, 'input_size': 1, 'h_sizes': [40, 40]}]",[<class 'models.NueralNet'>],300,1,False,True,True,True,0.8999999999999773,0.9666666666666667,0.7999999999999998,0.8999999999999773,0.9666666666666667,0.9933333333333333,14.0,124,498,267,233,1.0,0.46441947565543074,1.0,0.008583690987124415,CS_on_y
0.9,100,500,False,True,False,False,"{'transform_func': <function transform_X at 0x7f496a613370>, 'beta': array([1, 2, 3, 4]), 'uniform_range_x': [-2, 2]}",<function generate_sim_data at 0x7f4967c62050>,1,0,"[{'n_iter': 200, 'patience': 100, 'input_size': 1, 'h_sizes': [40, 40]}]",[<class 'models.NueralNet'>],300,1,False,False,,,0.9,,,,,,,205,420,267,233,0.9951219512195122,0.7640449438202247,1.0,0.3433476394849786,naive_on_y
0.9,100,500,False,True,False,False,"{'transform_func': <function transform_X at 0x7f496a613370>, 'beta': array([1, 2, 3, 4]), 'uniform_range_x': [-2, 2]}",<function generate_sim_data at 0x7f4967c62050>,1,0,"[{'n_iter': 200, 'patience': 100, 'input_size': 1, 'h_sizes': [40, 40]}]",[<class 'models.NueralNet'>],300,1,False,True,True,True,0.9000000000000341,0.97,0.8133333333333335,0.9000000000000341,0.97,0.99,11.0,243,301,262,238,1.0,0.9274809160305344,1.0,0.8361344537815126,CS_on_mean
0.9,100,500,False,True,False,False,"{'transform_func': <function transform_X at 0x7f496a613370>, 'beta': array([1, 2, 3, 4]), 'uniform_range_x': [-2, 2]}",<function generate_sim_data at 0x7f4967c62050>,1,0,"[{'n_iter': 200, 'patience': 100, 'input_size': 1, 'h_sizes': [40, 40]}]",[<class 'models.NueralNet'>],300,1,False,True,,,0.9,,,,,,,244,278,262,238,1.0,0.9312977099236641,1.0,0.9327731092436975,naive_on_mean
0.9,100,500,False,True,False,False,"{'transform_func': <function transform_X at 0x7f496a613370>, 'beta': array([1, 2, 3, 4]), 'uniform_range_x': [-2, 2]}",<function generate_sim_data at 0x7f4967c62050>,1,0,"[{'n_iter': 200, 'patience': 100, 'input_size': 1, 'h_sizes': [40, 40]}]",[<class 'models.NueralNet'>],300,1,False,True,True,True,0.9000000000000341,0.96,0.8266666666666667,0.9000000000000341,0.96,0.9966666666666667,41.0,162,419,264,236,1.0,0.6136363636363636,1.0,0.3432203389830508,CS_on_y
0.9,100,500,False,True,False,False,"{'transform_func': <function transform_X at 0x7f496a613370>, 'beta': array([1, 2, 3, 4]), 'uniform_range_x': [-2, 2]}",<function generate_sim_data at 0x7f4967c62050>,1,0,"[{'n_iter': 200, 'patience': 100, 'input_size': 1, 'h_sizes': [40, 40]}]",[<class 'models.NueralNet'>],300,1,False,False,,,0.9,,,,,,,205,329,264,236,0.9951219512195122,0.7727272727272727,0.9941520467836258,0.7203389830508475,naive_on_y
0.9,100,500,False,True,False,False,"{'transform_func': <function transform_X at 0x7f496a613370>, 'beta': array([1, 2, 3, 4]), 'uniform_range_x': [-2, 2]}",<function generate_sim_data at 0x7f4967c62050>,1,0,"[{'n_iter': 200, 'patience': 100, 'input_size': 1, 'h_sizes': [40, 40]}]",[<class 'models.NueralNet'>],300,1,False,True,True,True,0.9000000000000341,0.97,0.8366666666666667,0.9000000000000341,0.97,0.9833333333333333,10.0,229,375,259,241,1.0,0.8841698841698842,1.0,0.5186721991701244,CS_on_mean
0.9,100,500,False,True,False,False,"{'transform_func': <function transform_X at 0x7f496a613370>, 'beta': array([1, 2, 3, 4]), 'uniform_range_x': [-2, 2]}",<function generate_sim_data at 0x7f4967c62050>,1,0,"[{'n_iter': 200, 'patience': 100, 'input_size': 1, 'h_sizes': [40, 40]}]",[<class 'models.NueralNet'>],300,1,False,True,,,0.9,,,,,,,236,282,259,241,1.0,0.9111969111969112,1.0,0.9045643153526971,naive_on_mean
0.9,100,500,False,True,False,False,"{'transform_func': <function transform_X at 0x7f496a613370>, 'beta': array([1, 2, 3, 4]), 'uniform_range_x': [-2, 2]}",<function generate_sim_data at 0x7f4967c62050>,1,0,"[{'n_iter': 200, 'patience': 100, 'input_size': 1, 'h_sizes': [40, 40]}]",[<class 'models.NueralNet'>],300,1,False,False,True,True,0.9000000000000341,0.9733333333333334,0.7033333333333334,0.9000000000000341,0.9733333333333334,0.9933333333333333,25.0,152,474,257,243,0.993421052631579,0.5875486381322957,1.0,0.10699588477366251,CS_on_y
0.9,100,500,False,True,False,False,"{'transform_func': <function transform_X at 0x7f496a613370>, 'beta': array([1, 2, 3, 4]), 'uniform_range_x': [-2, 2]}",<function generate_sim_data at 0x7f4967c62050>,1,0,"[{'n_iter': 200, 'patience': 100, 'input_size': 1, 'h_sizes': [40, 40]}]",[<class 'models.NueralNet'>],300,1,False,False,,,0.9,,,,,,,189,360,257,243,0.9947089947089947,0.7315175097276265,1.0,0.5761316872427984,naive_on_y
0.9,100,500,False,True,False,False,"{'transform_func': <function transform_X at 0x7f496a613370>, 'beta': array([1, 2, 3, 4]), 'uniform_range_x': [-2, 2]}",<function generate_sim_data at 0x7f4967c62050>,1,0,"[{'n_iter': 200, 'patience': 100, 'input_size': 1, 'h_sizes': [40, 40]}]",[<class 'models.NueralNet'>],300,1,False,True,True,True,0.9000000000000341,0.9533333333333334,0.73,0.9000000000000341,0.9533333333333334,0.9566666666666667,4.0,244,287,261,239,1.0,0.9348659003831418,1.0,0.891213389121339,CS_on_mean
0.9,100,500,False,True,False,False,"{'transform_func': <function transform_X at 0x7f496a613370>, 'beta': array([1, 2, 3, 4]), 'uniform_range_x': [-2, 2]}",<function generate_sim_data at 0x7f4967c62050>,1,0,"[{'n_iter': 200, 'patience': 100, 'input_size': 1, 'h_sizes': [40, 40]}]",[<class 'models.NueralNet'>],300,1,False,True,,,0.9,,,,,,,247,279,261,239,1.0,0.946360153256705,1.0,0.9246861924686193,naive_on_mean
0.9,100,500,False,True,False,False,"{'transform_func': <function transform_X at 0x7f496a613370>, 'beta': array([1, 2, 3, 4]), 'uniform_range_x': [-2, 2]}",<function generate_sim_data at 0x7f4967c62050>,1,0,"[{'n_iter': 200, 'patience': 100, 'input_size': 1, 'h_sizes': [40, 40]}]",[<class 'models.NueralNet'>],300,1,False,True,True,True,0.9000000000000341,0.98,0.6966666666666668,0.9000000000000341,0.98,0.9966666666666667,21.0,160,442,259,241,1.0,0.6177606177606177,1.0,0.2406639004149378,CS_on_y
0.9,100,500,False,True,False,False,"{'transform_func': <function transform_X at 0x7f496a613370>, 'beta': array([1, 2, 3, 4]), 'uniform_range_x': [-2, 2]}",<function generate_sim_data at 0x7f4967c62050>,1,0,"[{'n_iter': 200, 'patience': 100, 'input_size': 1, 'h_sizes': [40, 40]}]",[<class 'models.NueralNet'>],300,1,False,True,,,0.9,,,,,,,205,331,259,241,1.0,0.7915057915057915,1.0,0.7012448132780082,naive_on_y
0.9,100,500,False,True,False,False,"{'transform_func': <function transform_X at 0x7f496a613370>, 'beta': array([1, 2, 3, 4]), 'uniform_range_x': [-2, 2]}",<function generate_sim_data at 0x7f4967c62050>,1,0,"[{'n_iter': 200, 'patience': 100, 'input_size': 1, 'h_sizes': [40, 40]}]",[<class 'models.NueralNet'>],300,1,False,True,True,True,0.9000000000000341,0.9733333333333334,0.8799999999999999,0.9000000000000341,0.9733333333333334,0.9833333333333333,11.0,231,375,255,245,1.0,0.9058823529411765,1.0,0.5102040816326531,CS_on_mean
0.9,100,500,False,True,False,False,"{'transform_func': <function transform_X at 0x7f496a613370>, 'beta': array([1, 2, 3, 4]), 'uniform_range_x': [-2, 2]}",<function generate_sim_data at 0x7f4967c62050>,1,0,"[{'n_iter': 200, 'patience': 100, 'input_size': 1, 'h_sizes': [40, 40]}]",[<class 'models.NueralNet'>],300,1,False,True,,,0.9,,,,,,,232,276,255,245,1.0,0.9098039215686274,1.0,0.9142857142857143,naive_on_mean
0.9,100,500,False,True,False,False,"{'transform_func': <function transform_X at 0x7f496a613370>, 'beta': array([1, 2, 3, 4]), 'uniform_range_x': [-2, 2]}",<function generate_sim_data at 0x7f4967c62050>,1,0,"[{'n_iter': 200, 'patience': 100, 'input_size': 1, 'h_sizes': [40, 40]}]",[<class 'models.NueralNet'>],300,1,False,True,True,True,0.8999999999999773,0.9766666666666667,0.81,0.8999999999999773,0.9766666666666667,1.0,31.0,116,500,260,240,1.0,0.4461538461538461,1.0,0.0,CS_on_y
0.9,100,500,False,True,False,False,"{'transform_func': <function transform_X at 0x7f496a613370>, 'beta': array([1, 2, 3, 4]), 'uniform_range_x': [-2, 2]}",<function generate_sim_data at 0x7f4967c62050>,1,0,"[{'n_iter': 200, 'patience': 100, 'input_size': 1, 'h_sizes': [40, 40]}]",[<class 'models.NueralNet'>],300,1,False,True,,,0.9,,,,,,,190,428,260,240,1.0,0.7307692307692308,1.0,0.30000000000000004,naive_on_y
0.9,100,500,False,True,False,False,"{'transform_func': <function transform_X at 0x7f496a613370>, 'beta': array([1, 2, 3, 4]), 'uniform_range_x': [-2, 2]}",<function generate_sim_data at 0x7f4967c62050>,1,0,"[{'n_iter': 200, 'patience': 100, 'input_size': 1, 'h_sizes': [40, 40]}]",[<class 'models.NueralNet'>],300,1,False,True,True,True,0.8999999999999773,0.9633333333333334,0.8733333333333335,0.8999999999999773,0.9633333333333334,0.98,10.0,234,315,262,238,1.0,0.8931297709923665,1.0,0.7773109243697479,CS_on_mean
0.9,100,500,False,True,False,False,"{'transform_func': <function transform_X at 0x7f496a613370>, 'beta': array([1, 2, 3, 4]), 'uniform_range_x': [-2, 2]}",<function generate_sim_data at 0x7f4967c62050>,1,0,"[{'n_iter': 200, 'patience': 100, 'input_size': 1, 'h_sizes': [40, 40]}]",[<class 'models.NueralNet'>],300,1,False,True,,,0.9,,,,,,,245,292,262,238,1.0,0.9351145038167938,1.0,0.8739495798319328,naive_on_mean
0.9,100,500,False,True,False,False,"{'transform_func': <function transform_X at 0x7f496a613370>, 'beta': array([1, 2, 3, 4]), 'uniform_range_x': [-2, 2]}",<function generate_sim_data at 0x7f4967c62050>,1,0,"[{'n_iter': 200, 'patience': 100, 'input_size': 1, 'h_sizes': [40, 40]}]",[<class 'models.NueralNet'>],300,1,False,True,True,True,0.9000000000000341,0.9766666666666667,0.75,0.9000000000000341,0.9766666666666667,0.9933333333333333,33.0,143,486,270,230,1.0,0.5296296296296297,1.0,0.060869565217391286,CS_on_y
0.9,100,500,False,True,False,False,"{'transform_func': <function transform_X at 0x7f496a613370>, 'beta': array([1, 2, 3, 4]), 'uniform_range_x': [-2, 2]}",<function generate_sim_data at 0x7f4967c62050>,1,0,"[{'n_iter': 200, 'patience': 100, 'input_size': 1, 'h_sizes': [40, 40]}]",[<class 'models.NueralNet'>],300,1,False,True,,,0.9,,,,,,,198,351,270,230,1.0,0.7333333333333334,1.0,0.6478260869565218,naive_on_y
0.9,100,500,False,True,False,False,"{'transform_func': <function transform_X at 0x7f496a613370>, 'beta': array([1, 2, 3, 4]), 'uniform_range_x': [-2, 2]}",<function generate_sim_data at 0x7f4967c62050>,1,0,"[{'n_iter': 200, 'patience': 100, 'input_size': 1, 'h_sizes': [40, 40]}]",[<class 'models.NueralNet'>],300,1,False,True,True,True,0.8999999999999773,0.9733333333333334,0.8766666666666665,0.8999999999999773,0.9733333333333334,0.9866666666666667,12.0,228,389,257,243,1.0,0.8871595330739299,1.0,0.45679012345679015,CS_on_mean
0.9,100,500,False,True,False,False,"{'transform_func': <function transform_X at 0x7f496a613370>, 'beta': array([1, 2, 3, 4]), 'uniform_range_x': [-2, 2]}",<function generate_sim_data at 0x7f4967c62050>,1,0,"[{'n_iter': 200, 'patience': 100, 'input_size': 1, 'h_sizes': [40, 40]}]",[<class 'models.NueralNet'>],300,1,False,True,,,0.9,,,,,,,235,283,257,243,1.0,0.914396887159533,1.0,0.8930041152263375,naive_on_mean
0.9,100,500,False,True,False,False,"{'transform_func': <function transform_X at 0x7f496a613370>, 'beta': array([1, 2, 3, 4]), 'uniform_range_x': [-2, 2]}",<function generate_sim_data at 0x7f4967c62050>,1,0,"[{'n_iter': 200, 'patience': 100, 'input_size': 1, 'h_sizes': [40, 40]}]",[<class 'models.NueralNet'>],300,1,False,True,True,True,0.9000000000000341,0.9633333333333334,0.7866666666666666,0.9000000000000341,0.9633333333333334,0.9933333333333333,33.0,119,467,254,246,1.0,0.46850393700787396,1.0,0.13414634146341464,CS_on_y
0.9,100,500,False,True,False,False,"{'transform_func': <function transform_X at 0x7f496a613370>, 'beta': array([1, 2, 3, 4]), 'uniform_range_x': [-2, 2]}",<function generate_sim_data at 0x7f4967c62050>,1,0,"[{'n_iter': 200, 'patience': 100, 'input_size': 1, 'h_sizes': [40, 40]}]",[<class 'models.NueralNet'>],300,1,False,True,,,0.9,,,,,,,183,408,254,246,1.0,0.7204724409448819,1.0,0.3739837398373984,naive_on_y
0.9,100,500,False,True,False,False,"{'transform_func': <function transform_X at 0x7f496a613370>, 'beta': array([1, 2, 3, 4]), 'uniform_range_x': [-2, 2]}",<function generate_sim_data at 0x7f4967c62050>,1,0,"[{'n_iter': 200, 'patience': 100, 'input_size': 1, 'h_sizes': [40, 40]}]",[<class 'models.NueralNet'>],300,1,False,True,True,True,0.9000000000000341,0.9633333333333334,0.79,0.9000000000000341,0.9633333333333334,0.98,8.0,264,311,282,218,1.0,0.9361702127659575,1.0,0.8669724770642202,CS_on_mean
0.9,100,500,False,True,False,False,"{'transform_func': <function transform_X at 0x7f496a613370>, 'beta': array([1, 2, 3, 4]), 'uniform_range_x': [-2, 2]}",<function generate_sim_data at 0x7f4967c62050>,1,0,"[{'n_iter': 200, 'patience': 100, 'input_size': 1, 'h_sizes': [40, 40]}]",[<class 'models.NueralNet'>],300,1,False,True,,,0.9,,,,,,,263,299,282,218,1.0,0.9326241134751773,1.0,0.9220183486238532,naive_on_mean
0.9,100,500,False,True,False,False,"{'transform_func': <function transform_X at 0x7f496a613370>, 'beta': array([1, 2, 3, 4]), 'uniform_range_x': [-2, 2]}",<function generate_sim_data at 0x7f4967c62050>,1,0,"[{'n_iter': 200, 'patience': 100, 'input_size': 1, 'h_sizes': [40, 40]}]",[<class 'models.NueralNet'>],300,1,False,True,True,True,0.8999999999999773,0.98,0.9066666666666667,0.8999999999999773,0.98,1.0,38.0,146,439,285,215,1.0,0.512280701754386,1.0,0.2837209302325582,CS_on_y
0.9,100,500,False,True,False,False,"{'transform_func': <function transform_X at 0x7f496a613370>, 'beta': array([1, 2, 3, 4]), 'uniform_range_x': [-2, 2]}",<function generate_sim_data at 0x7f4967c62050>,1,0,"[{'n_iter': 200, 'patience': 100, 'input_size': 1, 'h_sizes': [40, 40]}]",[<class 'models.NueralNet'>],300,1,False,True,,,0.9,,,,,,,215,347,285,215,1.0,0.7543859649122807,1.0,0.7116279069767442,naive_on_y
0.9,100,500,False,True,False,False,"{'transform_func': <function transform_X at 0x7f496a613370>, 'beta': array([1, 2, 3, 4]), 'uniform_range_x': [-2, 2]}",<function generate_sim_data at 0x7f4967c62050>,1,0,"[{'n_iter': 200, 'patience': 100, 'input_size': 1, 'h_sizes': [40, 40]}]",[<class 'models.NueralNet'>],300,1,False,True,True,True,0.9000000000000341,0.95,0.8366666666666667,0.9000000000000341,0.95,0.9733333333333334,12.0,224,292,253,247,1.0,0.8853754940711462,1.0,0.8421052631578947,CS_on_mean
0.9,100,500,False,True,False,False,"{'transform_func': <function transform_X at 0x7f496a613370>, 'beta': array([1, 2, 3, 4]), 'uniform_range_x': [-2, 2]}",<function generate_sim_data at 0x7f4967c62050>,1,0,"[{'n_iter': 200, 'patience': 100, 'input_size': 1, 'h_sizes': [40, 40]}]",[<class 'models.NueralNet'>],300,1,False,True,,,0.9,,,,,,,241,282,253,247,1.0,0.9525691699604744,1.0,0.8825910931174089,naive_on_mean
0.9,100,500,False,True,False,False,"{'transform_func': <function transform_X at 0x7f496a613370>, 'beta': array([1, 2, 3, 4]), 'uniform_range_x': [-2, 2]}",<function generate_sim_data at 0x7f4967c62050>,1,0,"[{'n_iter': 200, 'patience': 100, 'input_size': 1, 'h_sizes': [40, 40]}]",[<class 'models.NueralNet'>],300,1,False,True,True,True,0.8999999999999773,0.9666666666666667,0.7433333333333332,0.8999999999999773,0.9666666666666667,0.9966666666666667,17.0,117,500,255,245,1.0,0.45882352941176474,1.0,0.0,CS_on_y
0.9,100,500,False,True,False,False,"{'transform_func': <function transform_X at 0x7f496a613370>, 'beta': array([1, 2, 3, 4]), 'uniform_range_x': [-2, 2]}",<function generate_sim_data at 0x7f4967c62050>,1,0,"[{'n_iter': 200, 'patience': 100, 'input_size': 1, 'h_sizes': [40, 40]}]",[<class 'models.NueralNet'>],300,1,False,True,,,0.9,,,,,,,197,442,255,245,1.0,0.7725490196078432,1.0,0.23673469387755097,naive_on_y
0.9,100,500,False,True,False,False,"{'transform_func': <function transform_X at 0x7f496a613370>, 'beta': array([1, 2, 3, 4]), 'uniform_range_x': [-2, 2]}",<function generate_sim_data at 0x7f4967c62050>,1,0,"[{'n_iter': 200, 'patience': 100, 'input_size': 1, 'h_sizes': [40, 40]}]",[<class 'models.NueralNet'>],300,1,False,True,True,True,0.9000000000000341,0.9666666666666667,0.8700000000000001,0.9000000000000341,0.9666666666666667,0.9866666666666667,8.0,265,382,275,225,1.0,0.9636363636363636,1.0,0.5244444444444445,CS_on_mean
0.9,100,500,False,True,False,False,"{'transform_func': <function transform_X at 0x7f496a613370>, 'beta': array([1, 2, 3, 4]), 'uniform_range_x': [-2, 2]}",<function generate_sim_data at 0x7f4967c62050>,1,0,"[{'n_iter': 200, 'patience': 100, 'input_size': 1, 'h_sizes': [40, 40]}]",[<class 'models.NueralNet'>],300,1,False,True,,,0.9,,,,,,,268,305,275,225,1.0,0.9745454545454545,1.0,0.8666666666666667,naive_on_mean
0.9,100,500,False,True,False,False,"{'transform_func': <function transform_X at 0x7f496a613370>, 'beta': array([1, 2, 3, 4]), 'uniform_range_x': [-2, 2]}",<function generate_sim_data at 0x7f4967c62050>,1,0,"[{'n_iter': 200, 'patience': 100, 'input_size': 1, 'h_sizes': [40, 40]}]",[<class 'models.NueralNet'>],300,1,False,True,True,True,0.8999999999999773,0.9766666666666667,0.8166666666666667,0.8999999999999773,0.9766666666666667,0.9966666666666667,30.0,147,500,281,219,1.0,0.5231316725978647,1.0,0.0,CS_on_y
0.9,100,500,False,True,False,False,"{'transform_func': <function transform_X at 0x7f496a613370>, 'beta': array([1, 2, 3, 4]), 'uniform_range_x': [-2, 2]}",<function generate_sim_data at 0x7f4967c62050>,1,0,"[{'n_iter': 200, 'patience': 100, 'input_size': 1, 'h_sizes': [40, 40]}]",[<class 'models.NueralNet'>],300,1,False,False,,,0.9,,,,,,,223,400,281,219,0.9955156950672646,0.7900355871886121,1.0,0.45662100456621,naive_on_y
0.9,100,500,False,True,False,False,"{'transform_func': <function transform_X at 0x7f496a613370>, 'beta': array([1, 2, 3, 4]), 'uniform_range_x': [-2, 2]}",<function generate_sim_data at 0x7f4967c62050>,1,0,"[{'n_iter': 200, 'patience': 100, 'input_size': 1, 'h_sizes': [40, 40]}]",[<class 'models.NueralNet'>],300,1,False,True,True,True,0.8999999999999773,0.9733333333333334,0.8599999999999999,0.8999999999999773,0.9733333333333334,0.98,14.0,239,312,267,233,1.0,0.8951310861423221,1.0,0.8068669527896996,CS_on_mean
0.9,100,500,False,True,False,False,"{'transform_func': <function transform_X at 0x7f496a613370>, 'beta': array([1, 2, 3, 4]), 'uniform_range_x': [-2, 2]}",<function generate_sim_data at 0x7f4967c62050>,1,0,"[{'n_iter': 200, 'patience': 100, 'input_size': 1, 'h_sizes': [40, 40]}]",[<class 'models.NueralNet'>],300,1,False,True,,,0.9,,,,,,,245,291,267,233,1.0,0.9176029962546817,1.0,0.8969957081545065,naive_on_mean
0.9,100,500,False,True,False,False,"{'transform_func': <function transform_X at 0x7f496a613370>, 'beta': array([1, 2, 3, 4]), 'uniform_range_x': [-2, 2]}",<function generate_sim_data at 0x7f4967c62050>,1,0,"[{'n_iter': 200, 'patience': 100, 'input_size': 1, 'h_sizes': [40, 40]}]",[<class 'models.NueralNet'>],300,1,False,True,True,True,0.9000000000000341,0.9633333333333334,0.7999999999999998,0.9000000000000341,0.9633333333333334,1.0,60.0,124,470,268,232,1.0,0.4626865671641791,1.0,0.1293103448275862,CS_on_y
0.9,100,500,False,True,False,False,"{'transform_func': <function transform_X at 0x7f496a613370>, 'beta': array([1, 2, 3, 4]), 'uniform_range_x': [-2, 2]}",<function generate_sim_data at 0x7f4967c62050>,1,0,"[{'n_iter': 200, 'patience': 100, 'input_size': 1, 'h_sizes': [40, 40]}]",[<class 'models.NueralNet'>],300,1,False,False,,,0.9,,,,,,,195,346,268,232,1.0,0.7276119402985075,0.9935064935064936,0.6594827586206897,naive_on_y
0.9,100,500,False,True,False,False,"{'transform_func': <function transform_X at 0x7f496a613370>, 'beta': array([1, 2, 3, 4]), 'uniform_range_x': [-2, 2]}",<function generate_sim_data at 0x7f4967c62050>,1,0,"[{'n_iter': 200, 'patience': 100, 'input_size': 1, 'h_sizes': [40, 40]}]",[<class 'models.NueralNet'>],300,1,False,True,True,True,0.9000000000000341,0.97,0.8733333333333335,0.9000000000000341,0.97,0.99,12.0,235,309,267,233,1.0,0.8801498127340824,1.0,0.8197424892703863,CS_on_mean
0.9,100,500,False,True,False,False,"{'transform_func': <function transform_X at 0x7f496a613370>, 'beta': array([1, 2, 3, 4]), 'uniform_range_x': [-2, 2]}",<function generate_sim_data at 0x7f4967c62050>,1,0,"[{'n_iter': 200, 'patience': 100, 'input_size': 1, 'h_sizes': [40, 40]}]",[<class 'models.NueralNet'>],300,1,False,True,,,0.9,,,,,,,242,290,267,233,1.0,0.9063670411985019,1.0,0.9012875536480687,naive_on_mean
0.9,100,500,False,True,False,False,"{'transform_func': <function transform_X at 0x7f496a613370>, 'beta': array([1, 2, 3, 4]), 'uniform_range_x': [-2, 2]}",<function generate_sim_data at 0x7f4967c62050>,1,0,"[{'n_iter': 200, 'patience': 100, 'input_size': 1, 'h_sizes': [40, 40]}]",[<class 'models.NueralNet'>],300,1,False,True,True,True,0.9000000000000341,0.9533333333333334,0.7366666666666668,0.9000000000000341,0.9533333333333334,0.99,23.0,137,500,270,230,1.0,0.5074074074074074,1.0,0.0,CS_on_y
0.9,100,500,False,True,False,False,"{'transform_func': <function transform_X at 0x7f496a613370>, 'beta': array([1, 2, 3, 4]), 'uniform_range_x': [-2, 2]}",<function generate_sim_data at 0x7f4967c62050>,1,0,"[{'n_iter': 200, 'patience': 100, 'input_size': 1, 'h_sizes': [40, 40]}]",[<class 'models.NueralNet'>],300,1,False,False,,,0.9,,,,,,,207,347,270,230,1.0,0.7666666666666666,0.9934640522875817,0.6608695652173913,naive_on_y
0.9,100,500,False,True,False,False,"{'transform_func': <function transform_X at 0x7f496a613370>, 'beta': array([1, 2, 3, 4]), 'uniform_range_x': [-2, 2]}",<function generate_sim_data at 0x7f4967c62050>,1,0,"[{'n_iter': 200, 'patience': 100, 'input_size': 1, 'h_sizes': [40, 40]}]",[<class 'models.NueralNet'>],300,1,False,True,True,True,0.8999999999999773,0.9933333333333333,0.9733333333333332,0.8999999999999773,0.9933333333333333,1.0,4.0,239,411,271,229,1.0,0.8819188191881919,1.0,0.388646288209607,CS_on_mean
0.9,100,500,False,True,False,False,"{'transform_func': <function transform_X at 0x7f496a613370>, 'beta': array([1, 2, 3, 4]), 'uniform_range_x': [-2, 2]}",<function generate_sim_data at 0x7f4967c62050>,1,0,"[{'n_iter': 200, 'patience': 100, 'input_size': 1, 'h_sizes': [40, 40]}]",[<class 'models.NueralNet'>],300,1,False,True,,,0.9,,,,,,,255,296,271,229,1.0,0.940959409594096,1.0,0.8908296943231441,naive_on_mean
0.9,100,500,False,True,False,False,"{'transform_func': <function transform_X at 0x7f496a613370>, 'beta': array([1, 2, 3, 4]), 'uniform_range_x': [-2, 2]}",<function generate_sim_data at 0x7f4967c62050>,1,0,"[{'n_iter': 200, 'patience': 100, 'input_size': 1, 'h_sizes': [40, 40]}]",[<class 'models.NueralNet'>],300,1,False,True,True,True,0.8999999999999773,0.99,0.9366666666666665,0.8999999999999773,0.99,0.9966666666666667,61.0,150,500,270,230,1.0,0.5555555555555556,1.0,0.0,CS_on_y
0.9,100,500,False,True,False,False,"{'transform_func': <function transform_X at 0x7f496a613370>, 'beta': array([1, 2, 3, 4]), 'uniform_range_x': [-2, 2]}",<function generate_sim_data at 0x7f4967c62050>,1,0,"[{'n_iter': 200, 'patience': 100, 'input_size': 1, 'h_sizes': [40, 40]}]",[<class 'models.NueralNet'>],300,1,False,True,,,0.9,,,,,,,206,376,270,230,1.0,0.762962962962963,1.0,0.5391304347826087,naive_on_y
0.9,100,500,False,True,False,False,"{'transform_func': <function transform_X at 0x7f496a613370>, 'beta': array([1, 2, 3, 4]), 'uniform_range_x': [-2, 2]}",<function generate_sim_data at 0x7f4967c62050>,1,0,"[{'n_iter': 200, 'patience': 100, 'input_size': 1, 'h_sizes': [40, 40]}]",[<class 'models.NueralNet'>],300,1,False,True,True,True,0.9000000000000341,0.97,0.75,0.9000000000000341,0.97,0.98,8.0,247,303,273,227,1.0,0.9047619047619048,1.0,0.8678414096916299,CS_on_mean
0.9,100,500,False,True,False,False,"{'transform_func': <function transform_X at 0x7f496a613370>, 'beta': array([1, 2, 3, 4]), 'uniform_range_x': [-2, 2]}",<function generate_sim_data at 0x7f4967c62050>,1,0,"[{'n_iter': 200, 'patience': 100, 'input_size': 1, 'h_sizes': [40, 40]}]",[<class 'models.NueralNet'>],300,1,False,True,,,0.9,,,,,,,252,296,273,227,1.0,0.9230769230769231,1.0,0.8986784140969163,naive_on_mean
0.9,100,500,False,True,False,False,"{'transform_func': <function transform_X at 0x7f496a613370>, 'beta': array([1, 2, 3, 4]), 'uniform_range_x': [-2, 2]}",<function generate_sim_data at 0x7f4967c62050>,1,0,"[{'n_iter': 200, 'patience': 100, 'input_size': 1, 'h_sizes': [40, 40]}]",[<class 'models.NueralNet'>],300,1,False,True,True,True,0.9000000000000341,0.9766666666666667,0.76,0.9000000000000341,0.9766666666666667,0.99,21.0,166,437,270,230,1.0,0.6148148148148148,1.0,0.27391304347826084,CS_on_y
0.9,100,500,False,True,False,False,"{'transform_func': <function transform_X at 0x7f496a613370>, 'beta': array([1, 2, 3, 4]), 'uniform_range_x': [-2, 2]}",<function generate_sim_data at 0x7f4967c62050>,1,0,"[{'n_iter': 200, 'patience': 100, 'input_size': 1, 'h_sizes': [40, 40]}]",[<class 'models.NueralNet'>],300,1,False,False,,,0.9,,,,,,,202,336,270,230,1.0,0.7481481481481482,0.9939024390243902,0.7086956521739131,naive_on_y
0.9,100,500,False,True,False,False,"{'transform_func': <function transform_X at 0x7f496a613370>, 'beta': array([1, 2, 3, 4]), 'uniform_range_x': [-2, 2]}",<function generate_sim_data at 0x7f4967c62050>,1,0,"[{'n_iter': 200, 'patience': 100, 'input_size': 1, 'h_sizes': [40, 40]}]",[<class 'models.NueralNet'>],300,1,False,True,True,True,0.9000000000000341,0.96,0.8300000000000001,0.9000000000000341,0.96,0.9833333333333333,5.0,236,306,265,235,1.0,0.8905660377358491,1.0,0.825531914893617,CS_on_mean
0.9,100,500,False,True,False,False,"{'transform_func': <function transform_X at 0x7f496a613370>, 'beta': array([1, 2, 3, 4]), 'uniform_range_x': [-2, 2]}",<function generate_sim_data at 0x7f4967c62050>,1,0,"[{'n_iter': 200, 'patience': 100, 'input_size': 1, 'h_sizes': [40, 40]}]",[<class 'models.NueralNet'>],300,1,False,True,,,0.9,,,,,,,246,289,265,235,1.0,0.9283018867924528,1.0,0.8978723404255319,naive_on_mean
0.9,100,500,False,True,False,False,"{'transform_func': <function transform_X at 0x7f496a613370>, 'beta': array([1, 2, 3, 4]), 'uniform_range_x': [-2, 2]}",<function generate_sim_data at 0x7f4967c62050>,1,0,"[{'n_iter': 200, 'patience': 100, 'input_size': 1, 'h_sizes': [40, 40]}]",[<class 'models.NueralNet'>],300,1,False,True,True,True,0.8999999999999773,0.97,0.7966666666666666,0.8999999999999773,0.97,0.99,13.0,139,418,273,227,1.0,0.5091575091575091,1.0,0.3612334801762115,CS_on_y
0.9,100,500,False,True,False,False,"{'transform_func': <function transform_X at 0x7f496a613370>, 'beta': array([1, 2, 3, 4]), 'uniform_range_x': [-2, 2]}",<function generate_sim_data at 0x7f4967c62050>,1,0,"[{'n_iter': 200, 'patience': 100, 'input_size': 1, 'h_sizes': [40, 40]}]",[<class 'models.NueralNet'>],300,1,False,True,,,0.9,,,,,,,204,341,273,227,1.0,0.7472527472527473,1.0,0.7004405286343612,naive_on_y
0.9,100,500,False,True,False,False,"{'transform_func': <function transform_X at 0x7f496a613370>, 'beta': array([1, 2, 3, 4]), 'uniform_range_x': [-2, 2]}",<function generate_sim_data at 0x7f4967c62050>,1,0,"[{'n_iter': 200, 'patience': 100, 'input_size': 1, 'h_sizes': [40, 40]}]",[<class 'models.NueralNet'>],300,1,False,True,True,True,0.8999999999999773,0.9633333333333334,0.8633333333333333,0.8999999999999773,0.9633333333333334,0.99,8.0,246,310,272,228,1.0,0.9044117647058824,1.0,0.8333333333333334,CS_on_mean
0.9,100,500,False,True,False,False,"{'transform_func': <function transform_X at 0x7f496a613370>, 'beta': array([1, 2, 3, 4]), 'uniform_range_x': [-2, 2]}",<function generate_sim_data at 0x7f4967c62050>,1,0,"[{'n_iter': 200, 'patience': 100, 'input_size': 1, 'h_sizes': [40, 40]}]",[<class 'models.NueralNet'>],300,1,False,True,,,0.9,,,,,,,248,303,272,228,1.0,0.9117647058823529,1.0,0.8640350877192983,naive_on_mean
0.9,100,500,False,True,False,False,"{'transform_func': <function transform_X at 0x7f496a613370>, 'beta': array([1, 2, 3, 4]), 'uniform_range_x': [-2, 2]}",<function generate_sim_data at 0x7f4967c62050>,1,0,"[{'n_iter': 200, 'patience': 100, 'input_size': 1, 'h_sizes': [40, 40]}]",[<class 'models.NueralNet'>],300,1,False,True,True,True,0.8999999999999773,0.97,0.7133333333333334,0.8999999999999773,0.97,1.0,13.0,137,478,271,229,1.0,0.5055350553505535,1.0,0.09606986899563319,CS_on_y
0.9,100,500,False,True,False,False,"{'transform_func': <function transform_X at 0x7f496a613370>, 'beta': array([1, 2, 3, 4]), 'uniform_range_x': [-2, 2]}",<function generate_sim_data at 0x7f4967c62050>,1,0,"[{'n_iter': 200, 'patience': 100, 'input_size': 1, 'h_sizes': [40, 40]}]",[<class 'models.NueralNet'>],300,1,False,False,,,0.9,,,,,,,193,425,271,229,0.9948186528497409,0.7084870848708487,1.0,0.32751091703056767,naive_on_y
0.9,100,500,False,True,False,False,"{'transform_func': <function transform_X at 0x7f496a613370>, 'beta': array([1, 2, 3, 4]), 'uniform_range_x': [-2, 2]}",<function generate_sim_data at 0x7f4967c62050>,1,0,"[{'n_iter': 200, 'patience': 100, 'input_size': 1, 'h_sizes': [40, 40]}]",[<class 'models.NueralNet'>],300,1,False,True,True,True,0.9000000000000341,0.9733333333333334,0.7766666666666668,0.9000000000000341,0.9733333333333334,0.9766666666666667,6.0,244,297,278,222,1.0,0.8776978417266187,1.0,0.9144144144144144,CS_on_mean
0.9,100,500,False,True,False,False,"{'transform_func': <function transform_X at 0x7f496a613370>, 'beta': array([1, 2, 3, 4]), 'uniform_range_x': [-2, 2]}",<function generate_sim_data at 0x7f4967c62050>,1,0,"[{'n_iter': 200, 'patience': 100, 'input_size': 1, 'h_sizes': [40, 40]}]",[<class 'models.NueralNet'>],300,1,False,True,,,0.9,,,,,,,257,296,278,222,1.0,0.9244604316546763,1.0,0.9189189189189189,naive_on_mean
0.9,100,500,False,True,False,False,"{'transform_func': <function transform_X at 0x7f496a613370>, 'beta': array([1, 2, 3, 4]), 'uniform_range_x': [-2, 2]}",<function generate_sim_data at 0x7f4967c62050>,1,0,"[{'n_iter': 200, 'patience': 100, 'input_size': 1, 'h_sizes': [40, 40]}]",[<class 'models.NueralNet'>],300,1,False,True,True,True,0.9000000000000341,0.9666666666666667,0.6533333333333333,0.9000000000000341,0.9666666666666667,0.9966666666666667,14.0,162,410,273,227,1.0,0.5934065934065934,1.0,0.3964757709251101,CS_on_y
0.9,100,500,False,True,False,False,"{'transform_func': <function transform_X at 0x7f496a613370>, 'beta': array([1, 2, 3, 4]), 'uniform_range_x': [-2, 2]}",<function generate_sim_data at 0x7f4967c62050>,1,0,"[{'n_iter': 200, 'patience': 100, 'input_size': 1, 'h_sizes': [40, 40]}]",[<class 'models.NueralNet'>],300,1,False,False,,,0.9,,,,,,,210,351,273,227,1.0,0.7692307692307692,0.9932885906040269,0.6519823788546255,naive_on_y
0.9,100,500,False,True,False,False,"{'transform_func': <function transform_X at 0x7f496a613370>, 'beta': array([1, 2, 3, 4]), 'uniform_range_x': [-2, 2]}",<function generate_sim_data at 0x7f4967c62050>,1,0,"[{'n_iter': 200, 'patience': 100, 'input_size': 1, 'h_sizes': [40, 40]}]",[<class 'models.NueralNet'>],300,1,False,True,True,True,0.8999999999999773,0.9733333333333334,0.9066666666666667,0.8999999999999773,0.9733333333333334,0.98,16.0,239,290,257,243,1.0,0.9299610894941635,1.0,0.8641975308641976,CS_on_mean
0.9,100,500,False,True,False,False,"{'transform_func': <function transform_X at 0x7f496a613370>, 'beta': array([1, 2, 3, 4]), 'uniform_range_x': [-2, 2]}",<function generate_sim_data at 0x7f4967c62050>,1,0,"[{'n_iter': 200, 'patience': 100, 'input_size': 1, 'h_sizes': [40, 40]}]",[<class 'models.NueralNet'>],300,1,False,True,,,0.9,,,,,,,246,278,257,243,1.0,0.9571984435797666,1.0,0.9135802469135803,naive_on_mean
0.9,100,500,False,True,False,False,"{'transform_func': <function transform_X at 0x7f496a613370>, 'beta': array([1, 2, 3, 4]), 'uniform_range_x': [-2, 2]}",<function generate_sim_data at 0x7f4967c62050>,1,0,"[{'n_iter': 200, 'patience': 100, 'input_size': 1, 'h_sizes': [40, 40]}]",[<class 'models.NueralNet'>],300,1,False,True,True,True,0.8999999999999773,0.96,0.7633333333333332,0.8999999999999773,0.96,0.9866666666666667,17.0,133,500,258,242,1.0,0.5155038759689923,1.0,0.0,CS_on_y
0.9,100,500,False,True,False,False,"{'transform_func': <function transform_X at 0x7f496a613370>, 'beta': array([1, 2, 3, 4]), 'uniform_range_x': [-2, 2]}",<function generate_sim_data at 0x7f4967c62050>,1,0,"[{'n_iter': 200, 'patience': 100, 'input_size': 1, 'h_sizes': [40, 40]}]",[<class 'models.NueralNet'>],300,1,False,True,,,0.9,,,,,,,200,480,258,242,1.0,0.7751937984496124,1.0,0.0826446280991735,naive_on_y
0.9,100,500,False,True,False,False,"{'transform_func': <function transform_X at 0x7f496a613370>, 'beta': array([1, 2, 3, 4]), 'uniform_range_x': [-2, 2]}",<function generate_sim_data at 0x7f4967c62050>,1,0,"[{'n_iter': 200, 'patience': 100, 'input_size': 1, 'h_sizes': [40, 40]}]",[<class 'models.NueralNet'>],300,1,False,True,True,True,0.9000000000000341,0.9666666666666667,0.7666666666666666,0.9000000000000341,0.9666666666666667,0.9833333333333333,15.0,238,306,262,238,1.0,0.9083969465648855,1.0,0.8151260504201681,CS_on_mean
0.9,100,500,False,True,False,False,"{'transform_func': <function transform_X at 0x7f496a613370>, 'beta': array([1, 2, 3, 4]), 'uniform_range_x': [-2, 2]}",<function generate_sim_data at 0x7f4967c62050>,1,0,"[{'n_iter': 200, 'patience': 100, 'input_size': 1, 'h_sizes': [40, 40]}]",[<class 'models.NueralNet'>],300,1,False,True,,,0.9,,,,,,,243,295,262,238,1.0,0.9274809160305344,1.0,0.8613445378151261,naive_on_mean
0.9,100,500,False,True,False,False,"{'transform_func': <function transform_X at 0x7f496a613370>, 'beta': array([1, 2, 3, 4]), 'uniform_range_x': [-2, 2]}",<function generate_sim_data at 0x7f4967c62050>,1,0,"[{'n_iter': 200, 'patience': 100, 'input_size': 1, 'h_sizes': [40, 40]}]",[<class 'models.NueralNet'>],300,1,False,True,True,True,0.9000000000000341,0.9666666666666667,0.8466666666666667,0.9000000000000341,0.9666666666666667,0.99,25.0,127,430,278,222,1.0,0.45683453237410077,1.0,0.3153153153153153,CS_on_y
0.9,100,500,False,True,False,False,"{'transform_func': <function transform_X at 0x7f496a613370>, 'beta': array([1, 2, 3, 4]), 'uniform_range_x': [-2, 2]}",<function generate_sim_data at 0x7f4967c62050>,1,0,"[{'n_iter': 200, 'patience': 100, 'input_size': 1, 'h_sizes': [40, 40]}]",[<class 'models.NueralNet'>],300,1,False,True,,,0.9,,,,,,,197,344,278,222,1.0,0.7086330935251799,1.0,0.7027027027027026,naive_on_y
0.9,100,500,False,True,False,False,"{'transform_func': <function transform_X at 0x7f496a613370>, 'beta': array([1, 2, 3, 4]), 'uniform_range_x': [-2, 2]}",<function generate_sim_data at 0x7f4967c62050>,1,0,"[{'n_iter': 200, 'patience': 100, 'input_size': 1, 'h_sizes': [40, 40]}]",[<class 'models.NueralNet'>],300,1,False,True,True,True,0.900000000000091,0.9833333333333333,0.77,0.900000000000091,0.9833333333333333,0.9933333333333333,3.0,252,321,275,225,1.0,0.9163636363636364,1.0,0.7955555555555556,CS_on_mean
0.9,100,500,False,True,False,False,"{'transform_func': <function transform_X at 0x7f496a613370>, 'beta': array([1, 2, 3, 4]), 'uniform_range_x': [-2, 2]}",<function generate_sim_data at 0x7f4967c62050>,1,0,"[{'n_iter': 200, 'patience': 100, 'input_size': 1, 'h_sizes': [40, 40]}]",[<class 'models.NueralNet'>],300,1,False,True,,,0.9,,,,,,,253,297,275,225,1.0,0.92,1.0,0.9022222222222223,naive_on_mean
0.9,100,500,False,True,False,False,"{'transform_func': <function transform_X at 0x7f496a613370>, 'beta': array([1, 2, 3, 4]), 'uniform_range_x': [-2, 2]}",<function generate_sim_data at 0x7f4967c62050>,1,0,"[{'n_iter': 200, 'patience': 100, 'input_size': 1, 'h_sizes': [40, 40]}]",[<class 'models.NueralNet'>],300,1,False,True,True,True,0.9000000000000341,0.98,0.79,0.9000000000000341,0.98,1.0,16.0,167,422,278,222,1.0,0.6007194244604317,1.0,0.3513513513513513,CS_on_y
0.9,100,500,False,True,False,False,"{'transform_func': <function transform_X at 0x7f496a613370>, 'beta': array([1, 2, 3, 4]), 'uniform_range_x': [-2, 2]}",<function generate_sim_data at 0x7f4967c62050>,1,0,"[{'n_iter': 200, 'patience': 100, 'input_size': 1, 'h_sizes': [40, 40]}]",[<class 'models.NueralNet'>],300,1,False,True,,,0.9,,,,,,,206,354,278,222,1.0,0.7410071942446044,1.0,0.6576576576576576,naive_on_y
0.9,100,500,False,True,False,False,"{'transform_func': <function transform_X at 0x7f496a613370>, 'beta': array([1, 2, 3, 4]), 'uniform_range_x': [-2, 2]}",<function generate_sim_data at 0x7f4967c62050>,1,0,"[{'n_iter': 200, 'patience': 100, 'input_size': 1, 'h_sizes': [40, 40]}]",[<class 'models.NueralNet'>],300,1,False,True,True,True,0.8999999999999773,0.98,0.8333333333333335,0.8999999999999773,0.98,0.9833333333333333,3.0,234,324,270,230,1.0,0.8666666666666667,1.0,0.7652173913043478,CS_on_mean
0.9,100,500,False,True,False,False,"{'transform_func': <function transform_X at 0x7f496a613370>, 'beta': array([1, 2, 3, 4]), 'uniform_range_x': [-2, 2]}",<function generate_sim_data at 0x7f4967c62050>,1,0,"[{'n_iter': 200, 'patience': 100, 'input_size': 1, 'h_sizes': [40, 40]}]",[<class 'models.NueralNet'>],300,1,False,True,,,0.9,,,,,,,240,288,270,230,1.0,0.8888888888888888,1.0,0.9217391304347826,naive_on_mean
0.9,100,500,False,True,False,False,"{'transform_func': <function transform_X at 0x7f496a613370>, 'beta': array([1, 2, 3, 4]), 'uniform_range_x': [-2, 2]}",<function generate_sim_data at 0x7f4967c62050>,1,0,"[{'n_iter': 200, 'patience': 100, 'input_size': 1, 'h_sizes': [40, 40]}]",[<class 'models.NueralNet'>],300,1,False,True,True,True,0.8999999999999773,0.97,0.75,0.8999999999999773,0.97,0.9966666666666667,15.0,149,460,271,229,1.0,0.5498154981549815,1.0,0.1746724890829694,CS_on_y
0.9,100,500,False,True,False,False,"{'transform_func': <function transform_X at 0x7f496a613370>, 'beta': array([1, 2, 3, 4]), 'uniform_range_x': [-2, 2]}",<function generate_sim_data at 0x7f4967c62050>,1,0,"[{'n_iter': 200, 'patience': 100, 'input_size': 1, 'h_sizes': [40, 40]}]",[<class 'models.NueralNet'>],300,1,False,False,,,0.9,,,,,,,197,424,271,229,1.0,0.7269372693726937,0.9868421052631579,0.32751091703056767,naive_on_y
0.9,100,500,False,True,False,False,"{'transform_func': <function transform_X at 0x7f496a613370>, 'beta': array([1, 2, 3, 4]), 'uniform_range_x': [-2, 2]}",<function generate_sim_data at 0x7f4967c62050>,1,0,"[{'n_iter': 200, 'patience': 100, 'input_size': 1, 'h_sizes': [40, 40]}]",[<class 'models.NueralNet'>],300,1,False,True,True,True,0.8999999999999773,0.97,0.8300000000000001,0.8999999999999773,0.97,0.9866666666666667,11.0,264,403,278,222,1.0,0.9496402877697842,1.0,0.4369369369369369,CS_on_mean
0.9,100,500,False,True,False,False,"{'transform_func': <function transform_X at 0x7f496a613370>, 'beta': array([1, 2, 3, 4]), 'uniform_range_x': [-2, 2]}",<function generate_sim_data at 0x7f4967c62050>,1,0,"[{'n_iter': 200, 'patience': 100, 'input_size': 1, 'h_sizes': [40, 40]}]",[<class 'models.NueralNet'>],300,1,False,True,,,0.9,,,,,,,262,300,278,222,1.0,0.9424460431654677,1.0,0.9009009009009009,naive_on_mean
0.9,100,500,False,True,False,False,"{'transform_func': <function transform_X at 0x7f496a613370>, 'beta': array([1, 2, 3, 4]), 'uniform_range_x': [-2, 2]}",<function generate_sim_data at 0x7f4967c62050>,1,0,"[{'n_iter': 200, 'patience': 100, 'input_size': 1, 'h_sizes': [40, 40]}]",[<class 'models.NueralNet'>],300,1,False,True,True,True,0.8999999999999773,0.96,0.6599999999999999,0.8999999999999773,0.96,0.9966666666666667,11.0,131,460,277,223,1.0,0.4729241877256317,1.0,0.179372197309417,CS_on_y
0.9,100,500,False,True,False,False,"{'transform_func': <function transform_X at 0x7f496a613370>, 'beta': array([1, 2, 3, 4]), 'uniform_range_x': [-2, 2]}",<function generate_sim_data at 0x7f4967c62050>,1,0,"[{'n_iter': 200, 'patience': 100, 'input_size': 1, 'h_sizes': [40, 40]}]",[<class 'models.NueralNet'>],300,1,False,False,,,0.9,,,,,,,206,354,277,223,1.0,0.7436823104693141,0.9931506849315068,0.6502242152466368,naive_on_y
0.9,100,500,False,True,False,False,"{'transform_func': <function transform_X at 0x7f496a613370>, 'beta': array([1, 2, 3, 4]), 'uniform_range_x': [-2, 2]}",<function generate_sim_data at 0x7f4967c62050>,1,0,"[{'n_iter': 200, 'patience': 100, 'input_size': 1, 'h_sizes': [40, 40]}]",[<class 'models.NueralNet'>],300,1,False,True,True,True,0.9000000000000341,0.9633333333333334,0.8133333333333335,0.9000000000000341,0.9633333333333334,0.9766666666666667,6.0,236,287,265,235,1.0,0.8905660377358491,1.0,0.9063829787234042,CS_on_mean
0.9,100,500,False,True,False,False,"{'transform_func': <function transform_X at 0x7f496a613370>, 'beta': array([1, 2, 3, 4]), 'uniform_range_x': [-2, 2]}",<function generate_sim_data at 0x7f4967c62050>,1,0,"[{'n_iter': 200, 'patience': 100, 'input_size': 1, 'h_sizes': [40, 40]}]",[<class 'models.NueralNet'>],300,1,False,True,,,0.9,,,,,,,254,277,265,235,1.0,0.9584905660377359,1.0,0.948936170212766,naive_on_mean
0.9,100,500,False,True,False,False,"{'transform_func': <function transform_X at 0x7f496a613370>, 'beta': array([1, 2, 3, 4]), 'uniform_range_x': [-2, 2]}",<function generate_sim_data at 0x7f4967c62050>,1,0,"[{'n_iter': 200, 'patience': 100, 'input_size': 1, 'h_sizes': [40, 40]}]",[<class 'models.NueralNet'>],300,1,False,True,True,True,0.8999999999999773,0.9666666666666667,0.8166666666666667,0.8999999999999773,0.9666666666666667,0.99,32.0,107,499,262,238,1.0,0.40839694656488545,1.0,0.004201680672268893,CS_on_y
0.9,100,500,False,True,False,False,"{'transform_func': <function transform_X at 0x7f496a613370>, 'beta': array([1, 2, 3, 4]), 'uniform_range_x': [-2, 2]}",<function generate_sim_data at 0x7f4967c62050>,1,0,"[{'n_iter': 200, 'patience': 100, 'input_size': 1, 'h_sizes': [40, 40]}]",[<class 'models.NueralNet'>],300,1,False,True,,,0.9,,,,,,,210,354,262,238,1.0,0.8015267175572519,1.0,0.6134453781512605,naive_on_y
0.9,100,500,False,True,False,False,"{'transform_func': <function transform_X at 0x7f496a613370>, 'beta': array([1, 2, 3, 4]), 'uniform_range_x': [-2, 2]}",<function generate_sim_data at 0x7f4967c62050>,1,0,"[{'n_iter': 200, 'patience': 100, 'input_size': 1, 'h_sizes': [40, 40]}]",[<class 'models.NueralNet'>],300,1,False,True,True,True,0.8999999999999773,0.99,0.9366666666666665,0.8999999999999773,0.99,0.9933333333333333,3.0,247,322,262,238,1.0,0.9427480916030534,1.0,0.7478991596638656,CS_on_mean
0.9,100,500,False,True,False,False,"{'transform_func': <function transform_X at 0x7f496a613370>, 'beta': array([1, 2, 3, 4]), 'uniform_range_x': [-2, 2]}",<function generate_sim_data at 0x7f4967c62050>,1,0,"[{'n_iter': 200, 'patience': 100, 'input_size': 1, 'h_sizes': [40, 40]}]",[<class 'models.NueralNet'>],300,1,False,True,,,0.9,,,,,,,249,286,262,238,1.0,0.950381679389313,1.0,0.8991596638655462,naive_on_mean
0.9,100,500,False,True,False,False,"{'transform_func': <function transform_X at 0x7f496a613370>, 'beta': array([1, 2, 3, 4]), 'uniform_range_x': [-2, 2]}",<function generate_sim_data at 0x7f4967c62050>,1,0,"[{'n_iter': 200, 'patience': 100, 'input_size': 1, 'h_sizes': [40, 40]}]",[<class 'models.NueralNet'>],300,1,False,True,True,True,0.9000000000000341,0.9766666666666667,0.8799999999999999,0.9000000000000341,0.9766666666666667,1.0,15.0,142,419,273,227,1.0,0.5201465201465201,1.0,0.3568281938325991,CS_on_y
0.9,100,500,False,True,False,False,"{'transform_func': <function transform_X at 0x7f496a613370>, 'beta': array([1, 2, 3, 4]), 'uniform_range_x': [-2, 2]}",<function generate_sim_data at 0x7f4967c62050>,1,0,"[{'n_iter': 200, 'patience': 100, 'input_size': 1, 'h_sizes': [40, 40]}]",[<class 'models.NueralNet'>],300,1,False,True,,,0.9,,,,,,,197,340,273,227,1.0,0.7216117216117216,1.0,0.7048458149779735,naive_on_y
0.9,100,500,False,True,False,False,"{'transform_func': <function transform_X at 0x7f496a613370>, 'beta': array([1, 2, 3, 4]), 'uniform_range_x': [-2, 2]}",<function generate_sim_data at 0x7f4967c62050>,1,0,"[{'n_iter': 200, 'patience': 100, 'input_size': 1, 'h_sizes': [40, 40]}]",[<class 'models.NueralNet'>],300,1,False,True,False,True,0.9000000000000341,0.97,0.8666666666666667,0.9000000000000341,0.97,0.98,8.0,261,293,280,220,1.0,0.9321428571428572,1.0,0.9409090909090909,CS_on_mean
0.9,100,500,False,True,False,False,"{'transform_func': <function transform_X at 0x7f496a613370>, 'beta': array([1, 2, 3, 4]), 'uniform_range_x': [-2, 2]}",<function generate_sim_data at 0x7f4967c62050>,1,0,"[{'n_iter': 200, 'patience': 100, 'input_size': 1, 'h_sizes': [40, 40]}]",[<class 'models.NueralNet'>],300,1,False,True,,,0.9,,,,,,,262,288,280,220,1.0,0.9357142857142857,1.0,0.9636363636363636,naive_on_mean
0.9,100,500,False,True,False,False,"{'transform_func': <function transform_X at 0x7f496a613370>, 'beta': array([1, 2, 3, 4]), 'uniform_range_x': [-2, 2]}",<function generate_sim_data at 0x7f4967c62050>,1,0,"[{'n_iter': 200, 'patience': 100, 'input_size': 1, 'h_sizes': [40, 40]}]",[<class 'models.NueralNet'>],300,1,False,True,True,True,0.9000000000000341,0.9833333333333333,0.8333333333333335,0.9000000000000341,0.9833333333333333,0.99,58.0,175,440,279,221,1.0,0.6272401433691757,1.0,0.2714932126696833,CS_on_y
0.9,100,500,False,True,False,False,"{'transform_func': <function transform_X at 0x7f496a613370>, 'beta': array([1, 2, 3, 4]), 'uniform_range_x': [-2, 2]}",<function generate_sim_data at 0x7f4967c62050>,1,0,"[{'n_iter': 200, 'patience': 100, 'input_size': 1, 'h_sizes': [40, 40]}]",[<class 'models.NueralNet'>],300,1,False,False,,,0.9,,,,,,,211,342,279,221,1.0,0.7562724014336918,0.9936708860759493,0.7104072398190044,naive_on_y
0.9,100,500,False,True,False,False,"{'transform_func': <function transform_X at 0x7f496a613370>, 'beta': array([1, 2, 3, 4]), 'uniform_range_x': [-2, 2]}",<function generate_sim_data at 0x7f4967c62050>,1,0,"[{'n_iter': 200, 'patience': 100, 'input_size': 1, 'h_sizes': [40, 40]}]",[<class 'models.NueralNet'>],300,1,False,True,True,True,0.8999999999999773,0.97,0.8599999999999999,0.8999999999999773,0.97,0.99,10.0,234,295,265,235,1.0,0.8830188679245283,1.0,0.8723404255319149,CS_on_mean
0.9,100,500,False,True,False,False,"{'transform_func': <function transform_X at 0x7f496a613370>, 'beta': array([1, 2, 3, 4]), 'uniform_range_x': [-2, 2]}",<function generate_sim_data at 0x7f4967c62050>,1,0,"[{'n_iter': 200, 'patience': 100, 'input_size': 1, 'h_sizes': [40, 40]}]",[<class 'models.NueralNet'>],300,1,False,True,,,0.9,,,,,,,244,290,265,235,1.0,0.9207547169811321,1.0,0.8936170212765957,naive_on_mean
0.9,100,500,False,True,False,False,"{'transform_func': <function transform_X at 0x7f496a613370>, 'beta': array([1, 2, 3, 4]), 'uniform_range_x': [-2, 2]}",<function generate_sim_data at 0x7f4967c62050>,1,0,"[{'n_iter': 200, 'patience': 100, 'input_size': 1, 'h_sizes': [40, 40]}]",[<class 'models.NueralNet'>],300,1,False,True,True,True,0.9000000000000341,0.9766666666666667,0.8799999999999999,0.9000000000000341,0.9766666666666667,0.9966666666666667,131.0,122,472,265,235,1.0,0.46037735849056605,1.0,0.11914893617021272,CS_on_y
0.9,100,500,False,True,False,False,"{'transform_func': <function transform_X at 0x7f496a613370>, 'beta': array([1, 2, 3, 4]), 'uniform_range_x': [-2, 2]}",<function generate_sim_data at 0x7f4967c62050>,1,0,"[{'n_iter': 200, 'patience': 100, 'input_size': 1, 'h_sizes': [40, 40]}]",[<class 'models.NueralNet'>],300,1,False,True,,,0.9,,,,,,,202,375,265,235,1.0,0.7622641509433963,1.0,0.5319148936170213,naive_on_y
0.9,100,500,False,True,False,False,"{'transform_func': <function transform_X at 0x7f496a613370>, 'beta': array([1, 2, 3, 4]), 'uniform_range_x': [-2, 2]}",<function generate_sim_data at 0x7f4967c62050>,1,0,"[{'n_iter': 200, 'patience': 100, 'input_size': 1, 'h_sizes': [40, 40]}]",[<class 'models.NueralNet'>],300,1,False,True,True,True,0.9000000000000341,0.9666666666666667,0.8633333333333333,0.9000000000000341,0.9666666666666667,0.9866666666666667,9.0,238,306,251,249,1.0,0.9482071713147411,1.0,0.7791164658634538,CS_on_mean
0.9,100,500,False,True,False,False,"{'transform_func': <function transform_X at 0x7f496a613370>, 'beta': array([1, 2, 3, 4]), 'uniform_range_x': [-2, 2]}",<function generate_sim_data at 0x7f4967c62050>,1,0,"[{'n_iter': 200, 'patience': 100, 'input_size': 1, 'h_sizes': [40, 40]}]",[<class 'models.NueralNet'>],300,1,False,True,,,0.9,,,,,,,247,293,251,249,1.0,0.9840637450199203,1.0,0.8313253012048193,naive_on_mean
0.9,100,500,False,True,False,False,"{'transform_func': <function transform_X at 0x7f496a613370>, 'beta': array([1, 2, 3, 4]), 'uniform_range_x': [-2, 2]}",<function generate_sim_data at 0x7f4967c62050>,1,0,"[{'n_iter': 200, 'patience': 100, 'input_size': 1, 'h_sizes': [40, 40]}]",[<class 'models.NueralNet'>],300,1,False,True,True,True,0.9000000000000341,0.9733333333333334,0.7733333333333334,0.9000000000000341,0.9733333333333334,0.9933333333333333,37.0,124,500,256,244,1.0,0.484375,1.0,0.0,CS_on_y
0.9,100,500,False,True,False,False,"{'transform_func': <function transform_X at 0x7f496a613370>, 'beta': array([1, 2, 3, 4]), 'uniform_range_x': [-2, 2]}",<function generate_sim_data at 0x7f4967c62050>,1,0,"[{'n_iter': 200, 'patience': 100, 'input_size': 1, 'h_sizes': [40, 40]}]",[<class 'models.NueralNet'>],300,1,False,True,,,0.9,,,,,,,201,359,256,244,1.0,0.78515625,1.0,0.5778688524590163,naive_on_y
0.9,100,500,False,True,False,False,"{'transform_func': <function transform_X at 0x7f496a613370>, 'beta': array([1, 2, 3, 4]), 'uniform_range_x': [-2, 2]}",<function generate_sim_data at 0x7f4967c62050>,1,0,"[{'n_iter': 200, 'patience': 100, 'input_size': 1, 'h_sizes': [40, 40]}]",[<class 'models.NueralNet'>],300,1,False,True,True,True,0.8999999999999773,0.9666666666666667,0.8566666666666667,0.8999999999999773,0.9666666666666667,0.9933333333333333,9.0,227,299,269,231,1.0,0.8438661710037174,1.0,0.8701298701298701,CS_on_mean
0.9,100,500,False,True,False,False,"{'transform_func': <function transform_X at 0x7f496a613370>, 'beta': array([1, 2, 3, 4]), 'uniform_range_x': [-2, 2]}",<function generate_sim_data at 0x7f4967c62050>,1,0,"[{'n_iter': 200, 'patience': 100, 'input_size': 1, 'h_sizes': [40, 40]}]",[<class 'models.NueralNet'>],300,1,False,True,,,0.9,,,,,,,246,293,269,231,1.0,0.9144981412639406,1.0,0.8961038961038961,naive_on_mean
0.9,100,500,False,True,False,False,"{'transform_func': <function transform_X at 0x7f496a613370>, 'beta': array([1, 2, 3, 4]), 'uniform_range_x': [-2, 2]}",<function generate_sim_data at 0x7f4967c62050>,1,0,"[{'n_iter': 200, 'patience': 100, 'input_size': 1, 'h_sizes': [40, 40]}]",[<class 'models.NueralNet'>],300,1,False,True,True,True,0.9000000000000341,0.95,0.81,0.9000000000000341,0.95,0.99,54.0,129,470,277,223,1.0,0.46570397111913353,1.0,0.13452914798206284,CS_on_y
0.9,100,500,False,True,False,False,"{'transform_func': <function transform_X at 0x7f496a613370>, 'beta': array([1, 2, 3, 4]), 'uniform_range_x': [-2, 2]}",<function generate_sim_data at 0x7f4967c62050>,1,0,"[{'n_iter': 200, 'patience': 100, 'input_size': 1, 'h_sizes': [40, 40]}]",[<class 'models.NueralNet'>],300,1,False,True,,,0.9,,,,,,,202,343,277,223,1.0,0.7292418772563176,1.0,0.7040358744394619,naive_on_y
0.9,100,500,False,True,False,False,"{'transform_func': <function transform_X at 0x7f496a613370>, 'beta': array([1, 2, 3, 4]), 'uniform_range_x': [-2, 2]}",<function generate_sim_data at 0x7f4967c62050>,1,0,"[{'n_iter': 200, 'patience': 100, 'input_size': 1, 'h_sizes': [40, 40]}]",[<class 'models.NueralNet'>],300,1,False,True,True,True,0.9000000000000341,0.9633333333333334,0.8233333333333333,0.9000000000000341,0.9633333333333334,0.9866666666666667,9.0,257,317,280,220,1.0,0.9178571428571428,1.0,0.8318181818181818,CS_on_mean
0.9,100,500,False,True,False,False,"{'transform_func': <function transform_X at 0x7f496a613370>, 'beta': array([1, 2, 3, 4]), 'uniform_range_x': [-2, 2]}",<function generate_sim_data at 0x7f4967c62050>,1,0,"[{'n_iter': 200, 'patience': 100, 'input_size': 1, 'h_sizes': [40, 40]}]",[<class 'models.NueralNet'>],300,1,False,True,,,0.9,,,,,,,264,309,280,220,1.0,0.9428571428571428,1.0,0.8681818181818182,naive_on_mean
0.9,100,500,False,True,False,False,"{'transform_func': <function transform_X at 0x7f496a613370>, 'beta': array([1, 2, 3, 4]), 'uniform_range_x': [-2, 2]}",<function generate_sim_data at 0x7f4967c62050>,1,0,"[{'n_iter': 200, 'patience': 100, 'input_size': 1, 'h_sizes': [40, 40]}]",[<class 'models.NueralNet'>],300,1,False,True,True,True,0.9000000000000341,0.9533333333333334,0.7866666666666666,0.9000000000000341,0.9533333333333334,0.9933333333333333,51.0,124,498,286,214,1.0,0.43356643356643354,1.0,0.009345794392523366,CS_on_y
0.9,100,500,False,True,False,False,"{'transform_func': <function transform_X at 0x7f496a613370>, 'beta': array([1, 2, 3, 4]), 'uniform_range_x': [-2, 2]}",<function generate_sim_data at 0x7f4967c62050>,1,0,"[{'n_iter': 200, 'patience': 100, 'input_size': 1, 'h_sizes': [40, 40]}]",[<class 'models.NueralNet'>],300,1,False,True,,,0.9,,,,,,,208,367,286,214,1.0,0.7272727272727273,1.0,0.6214953271028038,naive_on_y
0.9,100,500,False,True,False,False,"{'transform_func': <function transform_X at 0x7f496a613370>, 'beta': array([1, 2, 3, 4]), 'uniform_range_x': [-2, 2]}",<function generate_sim_data at 0x7f4967c62050>,1,0,"[{'n_iter': 200, 'patience': 100, 'input_size': 1, 'h_sizes': [40, 40]}]",[<class 'models.NueralNet'>],300,1,False,True,True,True,0.9000000000000341,0.9766666666666667,0.8333333333333335,0.9000000000000341,0.9766666666666667,0.99,3.0,251,373,269,231,1.0,0.9330855018587361,1.0,0.5497835497835497,CS_on_mean
0.9,100,500,False,True,False,False,"{'transform_func': <function transform_X at 0x7f496a613370>, 'beta': array([1, 2, 3, 4]), 'uniform_range_x': [-2, 2]}",<function generate_sim_data at 0x7f4967c62050>,1,0,"[{'n_iter': 200, 'patience': 100, 'input_size': 1, 'h_sizes': [40, 40]}]",[<class 'models.NueralNet'>],300,1,False,True,,,0.9,,,,,,,256,277,269,231,1.0,0.9516728624535316,1.0,0.9653679653679653,naive_on_mean
0.9,100,500,False,True,False,False,"{'transform_func': <function transform_X at 0x7f496a613370>, 'beta': array([1, 2, 3, 4]), 'uniform_range_x': [-2, 2]}",<function generate_sim_data at 0x7f4967c62050>,1,0,"[{'n_iter': 200, 'patience': 100, 'input_size': 1, 'h_sizes': [40, 40]}]",[<class 'models.NueralNet'>],300,1,False,True,True,True,0.9000000000000341,0.98,0.8733333333333333,0.9000000000000341,0.98,1.0,75.0,100,500,268,232,1.0,0.3731343283582089,1.0,0.0,CS_on_y
0.9,100,500,False,True,False,False,"{'transform_func': <function transform_X at 0x7f496a613370>, 'beta': array([1, 2, 3, 4]), 'uniform_range_x': [-2, 2]}",<function generate_sim_data at 0x7f4967c62050>,1,0,"[{'n_iter': 200, 'patience': 100, 'input_size': 1, 'h_sizes': [40, 40]}]",[<class 'models.NueralNet'>],300,1,False,True,,,0.9,,,,,,,217,330,268,232,1.0,0.8097014925373134,1.0,0.7327586206896552,naive_on_y
0.9,100,500,False,True,False,False,"{'transform_func': <function transform_X at 0x7f496a613370>, 'beta': array([1, 2, 3, 4]), 'uniform_range_x': [-2, 2]}",<function generate_sim_data at 0x7f4967c62050>,1,0,"[{'n_iter': 200, 'patience': 100, 'input_size': 1, 'h_sizes': [40, 40]}]",[<class 'models.NueralNet'>],300,1,False,True,True,True,0.9000000000000341,0.97,0.8666666666666667,0.9000000000000341,0.97,0.99,9.0,250,306,293,207,1.0,0.8532423208191127,1.0,0.9371980676328502,CS_on_mean
0.9,100,500,False,True,False,False,"{'transform_func': <function transform_X at 0x7f496a613370>, 'beta': array([1, 2, 3, 4]), 'uniform_range_x': [-2, 2]}",<function generate_sim_data at 0x7f4967c62050>,1,0,"[{'n_iter': 200, 'patience': 100, 'input_size': 1, 'h_sizes': [40, 40]}]",[<class 'models.NueralNet'>],300,1,False,True,,,0.9,,,,,,,264,304,293,207,1.0,0.9010238907849829,1.0,0.9468599033816425,naive_on_mean
0.9,100,500,False,True,False,False,"{'transform_func': <function transform_X at 0x7f496a613370>, 'beta': array([1, 2, 3, 4]), 'uniform_range_x': [-2, 2]}",<function generate_sim_data at 0x7f4967c62050>,1,0,"[{'n_iter': 200, 'patience': 100, 'input_size': 1, 'h_sizes': [40, 40]}]",[<class 'models.NueralNet'>],300,1,False,True,True,True,0.9000000000000341,0.97,0.71,0.9000000000000341,0.97,0.9966666666666667,25.0,166,449,287,213,1.0,0.578397212543554,1.0,0.23943661971830987,CS_on_y
0.9,100,500,False,True,False,False,"{'transform_func': <function transform_X at 0x7f496a613370>, 'beta': array([1, 2, 3, 4]), 'uniform_range_x': [-2, 2]}",<function generate_sim_data at 0x7f4967c62050>,1,0,"[{'n_iter': 200, 'patience': 100, 'input_size': 1, 'h_sizes': [40, 40]}]",[<class 'models.NueralNet'>],300,1,False,True,,,0.9,,,,,,,219,354,287,213,1.0,0.7630662020905923,1.0,0.6854460093896714,naive_on_y
0.9,100,500,False,True,False,False,"{'transform_func': <function transform_X at 0x7f496a613370>, 'beta': array([1, 2, 3, 4]), 'uniform_range_x': [-2, 2]}",<function generate_sim_data at 0x7f4967c62050>,1,0,"[{'n_iter': 200, 'patience': 100, 'input_size': 1, 'h_sizes': [40, 40]}]",[<class 'models.NueralNet'>],300,1,False,True,True,True,0.9000000000000341,0.9733333333333334,0.8799999999999999,0.9000000000000341,0.9733333333333334,0.99,10.0,253,316,268,232,1.0,0.9440298507462687,1.0,0.7931034482758621,CS_on_mean
0.9,100,500,False,True,False,False,"{'transform_func': <function transform_X at 0x7f496a613370>, 'beta': array([1, 2, 3, 4]), 'uniform_range_x': [-2, 2]}",<function generate_sim_data at 0x7f4967c62050>,1,0,"[{'n_iter': 200, 'patience': 100, 'input_size': 1, 'h_sizes': [40, 40]}]",[<class 'models.NueralNet'>],300,1,False,False,,,0.9,,,,,,,259,297,268,232,0.9961389961389961,0.9626865671641791,1.0,0.875,naive_on_mean
0.9,100,500,False,True,False,False,"{'transform_func': <function transform_X at 0x7f496a613370>, 'beta': array([1, 2, 3, 4]), 'uniform_range_x': [-2, 2]}",<function generate_sim_data at 0x7f4967c62050>,1,0,"[{'n_iter': 200, 'patience': 100, 'input_size': 1, 'h_sizes': [40, 40]}]",[<class 'models.NueralNet'>],300,1,False,True,True,True,0.9000000000000341,0.98,0.8166666666666667,0.9000000000000341,0.98,1.0,16.0,171,462,262,238,1.0,0.6526717557251909,1.0,0.15966386554621848,CS_on_y
0.9,100,500,False,True,False,False,"{'transform_func': <function transform_X at 0x7f496a613370>, 'beta': array([1, 2, 3, 4]), 'uniform_range_x': [-2, 2]}",<function generate_sim_data at 0x7f4967c62050>,1,0,"[{'n_iter': 200, 'patience': 100, 'input_size': 1, 'h_sizes': [40, 40]}]",[<class 'models.NueralNet'>],300,1,False,False,,,0.9,,,,,,,233,360,262,238,0.9871244635193133,0.8778625954198473,0.9928571428571429,0.5840336134453781,naive_on_y
0.9,100,500,False,True,False,False,"{'transform_func': <function transform_X at 0x7f496a613370>, 'beta': array([1, 2, 3, 4]), 'uniform_range_x': [-2, 2]}",<function generate_sim_data at 0x7f4967c62050>,1,0,"[{'n_iter': 200, 'patience': 100, 'input_size': 1, 'h_sizes': [40, 40]}]",[<class 'models.NueralNet'>],300,1,False,True,True,True,0.9000000000000341,0.9733333333333334,0.7533333333333334,0.9000000000000341,0.9733333333333334,0.98,3.0,237,286,266,234,1.0,0.8909774436090225,1.0,0.9145299145299145,CS_on_mean
0.9,100,500,False,True,False,False,"{'transform_func': <function transform_X at 0x7f496a613370>, 'beta': array([1, 2, 3, 4]), 'uniform_range_x': [-2, 2]}",<function generate_sim_data at 0x7f4967c62050>,1,0,"[{'n_iter': 200, 'patience': 100, 'input_size': 1, 'h_sizes': [40, 40]}]",[<class 'models.NueralNet'>],300,1,False,True,,,0.9,,,,,,,240,277,266,234,1.0,0.9022556390977443,1.0,0.9529914529914529,naive_on_mean
0.9,100,500,False,True,False,False,"{'transform_func': <function transform_X at 0x7f496a613370>, 'beta': array([1, 2, 3, 4]), 'uniform_range_x': [-2, 2]}",<function generate_sim_data at 0x7f4967c62050>,1,0,"[{'n_iter': 200, 'patience': 100, 'input_size': 1, 'h_sizes': [40, 40]}]",[<class 'models.NueralNet'>],300,1,False,True,True,True,0.8999999999999773,0.9633333333333334,0.7733333333333334,0.8999999999999773,0.9633333333333334,0.9833333333333333,22.0,140,493,265,235,1.0,0.5283018867924528,1.0,0.029787234042553234,CS_on_y
0.9,100,500,False,True,False,False,"{'transform_func': <function transform_X at 0x7f496a613370>, 'beta': array([1, 2, 3, 4]), 'uniform_range_x': [-2, 2]}",<function generate_sim_data at 0x7f4967c62050>,1,0,"[{'n_iter': 200, 'patience': 100, 'input_size': 1, 'h_sizes': [40, 40]}]",[<class 'models.NueralNet'>],300,1,False,True,,,0.9,,,,,,,190,342,265,235,1.0,0.7169811320754718,1.0,0.672340425531915,naive_on_y
0.9,100,500,False,True,False,False,"{'transform_func': <function transform_X at 0x7f496a613370>, 'beta': array([1, 2, 3, 4]), 'uniform_range_x': [-2, 2]}",<function generate_sim_data at 0x7f4967c62050>,1,0,"[{'n_iter': 200, 'patience': 100, 'input_size': 1, 'h_sizes': [40, 40]}]",[<class 'models.NueralNet'>],300,1,False,True,True,True,0.9000000000000341,0.9966666666666667,0.99,0.9000000000000341,0.9966666666666667,0.9966666666666667,237.0,193,415,273,227,1.0,0.7069597069597069,1.0,0.3744493392070485,CS_on_mean
0.9,100,500,False,True,False,False,"{'transform_func': <function transform_X at 0x7f496a613370>, 'beta': array([1, 2, 3, 4]), 'uniform_range_x': [-2, 2]}",<function generate_sim_data at 0x7f4967c62050>,1,0,"[{'n_iter': 200, 'patience': 100, 'input_size': 1, 'h_sizes': [40, 40]}]",[<class 'models.NueralNet'>],300,1,False,True,,,0.9,,,,,,,252,290,273,227,1.0,0.9230769230769231,1.0,0.9251101321585903,naive_on_mean
0.9,100,500,False,True,False,False,"{'transform_func': <function transform_X at 0x7f496a613370>, 'beta': array([1, 2, 3, 4]), 'uniform_range_x': [-2, 2]}",<function generate_sim_data at 0x7f4967c62050>,1,0,"[{'n_iter': 200, 'patience': 100, 'input_size': 1, 'h_sizes': [40, 40]}]",[<class 'models.NueralNet'>],300,1,False,True,True,True,0.9000000000000341,0.98,0.7933333333333334,0.9000000000000341,0.98,0.9966666666666667,17.0,123,479,280,220,1.0,0.4392857142857143,1.0,0.09545454545454546,CS_on_y
0.9,100,500,False,True,False,False,"{'transform_func': <function transform_X at 0x7f496a613370>, 'beta': array([1, 2, 3, 4]), 'uniform_range_x': [-2, 2]}",<function generate_sim_data at 0x7f4967c62050>,1,0,"[{'n_iter': 200, 'patience': 100, 'input_size': 1, 'h_sizes': [40, 40]}]",[<class 'models.NueralNet'>],300,1,False,True,,,0.9,,,,,,,195,352,280,220,1.0,0.6964285714285714,1.0,0.6727272727272727,naive_on_y
0.9,100,500,False,True,False,False,"{'transform_func': <function transform_X at 0x7f496a613370>, 'beta': array([1, 2, 3, 4]), 'uniform_range_x': [-2, 2]}",<function generate_sim_data at 0x7f4967c62050>,1,0,"[{'n_iter': 200, 'patience': 100, 'input_size': 1, 'h_sizes': [40, 40]}]",[<class 'models.NueralNet'>],300,1,False,True,True,True,0.9000000000000341,0.9766666666666667,0.8666666666666667,0.9000000000000341,0.9766666666666667,0.9966666666666667,8.0,248,292,275,225,1.0,0.9018181818181819,1.0,0.9244444444444444,CS_on_mean
0.9,100,500,False,True,False,False,"{'transform_func': <function transform_X at 0x7f496a613370>, 'beta': array([1, 2, 3, 4]), 'uniform_range_x': [-2, 2]}",<function generate_sim_data at 0x7f4967c62050>,1,0,"[{'n_iter': 200, 'patience': 100, 'input_size': 1, 'h_sizes': [40, 40]}]",[<class 'models.NueralNet'>],300,1,False,True,,,0.9,,,,,,,253,288,275,225,1.0,0.92,1.0,0.9422222222222222,naive_on_mean
0.9,100,500,False,True,False,False,"{'transform_func': <function transform_X at 0x7f496a613370>, 'beta': array([1, 2, 3, 4]), 'uniform_range_x': [-2, 2]}",<function generate_sim_data at 0x7f4967c62050>,1,0,"[{'n_iter': 200, 'patience': 100, 'input_size': 1, 'h_sizes': [40, 40]}]",[<class 'models.NueralNet'>],300,1,False,True,True,True,0.8999999999999773,0.95,0.7799999999999998,0.8999999999999773,0.95,0.9933333333333333,22.0,155,449,277,223,1.0,0.5595667870036101,1.0,0.22869955156950672,CS_on_y
0.9,100,500,False,True,False,False,"{'transform_func': <function transform_X at 0x7f496a613370>, 'beta': array([1, 2, 3, 4]), 'uniform_range_x': [-2, 2]}",<function generate_sim_data at 0x7f4967c62050>,1,0,"[{'n_iter': 200, 'patience': 100, 'input_size': 1, 'h_sizes': [40, 40]}]",[<class 'models.NueralNet'>],300,1,False,True,,,0.9,,,,,,,207,410,277,223,1.0,0.7472924187725631,1.0,0.4035874439461884,naive_on_y
0.9,100,500,False,True,False,False,"{'transform_func': <function transform_X at 0x7f496a613370>, 'beta': array([1, 2, 3, 4]), 'uniform_range_x': [-2, 2]}",<function generate_sim_data at 0x7f4967c62050>,1,0,"[{'n_iter': 200, 'patience': 100, 'input_size': 1, 'h_sizes': [40, 40]}]",[<class 'models.NueralNet'>],300,1,False,True,True,True,0.8999999999999773,0.9566666666666667,0.8133333333333335,0.8999999999999773,0.9566666666666667,0.9833333333333333,14.0,238,298,269,231,1.0,0.8847583643122676,1.0,0.8744588744588745,CS_on_mean
0.9,100,500,False,True,False,False,"{'transform_func': <function transform_X at 0x7f496a613370>, 'beta': array([1, 2, 3, 4]), 'uniform_range_x': [-2, 2]}",<function generate_sim_data at 0x7f4967c62050>,1,0,"[{'n_iter': 200, 'patience': 100, 'input_size': 1, 'h_sizes': [40, 40]}]",[<class 'models.NueralNet'>],300,1,False,True,,,0.9,,,,,,,237,282,269,231,1.0,0.8810408921933086,1.0,0.9437229437229437,naive_on_mean
0.9,100,500,False,True,False,False,"{'transform_func': <function transform_X at 0x7f496a613370>, 'beta': array([1, 2, 3, 4]), 'uniform_range_x': [-2, 2]}",<function generate_sim_data at 0x7f4967c62050>,1,0,"[{'n_iter': 200, 'patience': 100, 'input_size': 1, 'h_sizes': [40, 40]}]",[<class 'models.NueralNet'>],300,1,False,True,True,True,0.9000000000000341,0.9833333333333333,0.8266666666666667,0.9000000000000341,0.9833333333333333,0.9966666666666667,30.0,140,424,264,236,1.0,0.5303030303030303,1.0,0.3220338983050848,CS_on_y
0.9,100,500,False,True,False,False,"{'transform_func': <function transform_X at 0x7f496a613370>, 'beta': array([1, 2, 3, 4]), 'uniform_range_x': [-2, 2]}",<function generate_sim_data at 0x7f4967c62050>,1,0,"[{'n_iter': 200, 'patience': 100, 'input_size': 1, 'h_sizes': [40, 40]}]",[<class 'models.NueralNet'>],300,1,False,True,,,0.9,,,,,,,199,344,264,236,1.0,0.7537878787878788,1.0,0.6610169491525424,naive_on_y
0.9,100,500,False,True,False,False,"{'transform_func': <function transform_X at 0x7f496a613370>, 'beta': array([1, 2, 3, 4]), 'uniform_range_x': [-2, 2]}",<function generate_sim_data at 0x7f4967c62050>,1,0,"[{'n_iter': 200, 'patience': 100, 'input_size': 1, 'h_sizes': [40, 40]}]",[<class 'models.NueralNet'>],300,1,False,True,True,True,0.8999999999999773,0.9733333333333334,0.9199999999999999,0.8999999999999773,0.9733333333333334,0.9966666666666667,12.0,244,359,272,228,1.0,0.8970588235294118,1.0,0.618421052631579,CS_on_mean
0.9,100,500,False,True,False,False,"{'transform_func': <function transform_X at 0x7f496a613370>, 'beta': array([1, 2, 3, 4]), 'uniform_range_x': [-2, 2]}",<function generate_sim_data at 0x7f4967c62050>,1,0,"[{'n_iter': 200, 'patience': 100, 'input_size': 1, 'h_sizes': [40, 40]}]",[<class 'models.NueralNet'>],300,1,False,True,,,0.9,,,,,,,257,301,272,228,1.0,0.9448529411764706,1.0,0.8728070175438596,naive_on_mean
0.9,100,500,False,True,False,False,"{'transform_func': <function transform_X at 0x7f496a613370>, 'beta': array([1, 2, 3, 4]), 'uniform_range_x': [-2, 2]}",<function generate_sim_data at 0x7f4967c62050>,1,0,"[{'n_iter': 200, 'patience': 100, 'input_size': 1, 'h_sizes': [40, 40]}]",[<class 'models.NueralNet'>],300,1,False,True,True,True,0.8999999999999773,0.96,0.6366666666666667,0.8999999999999773,0.96,0.9933333333333333,16.0,148,488,271,229,1.0,0.5461254612546125,1.0,0.05240174672489084,CS_on_y
0.9,100,500,False,True,False,False,"{'transform_func': <function transform_X at 0x7f496a613370>, 'beta': array([1, 2, 3, 4]), 'uniform_range_x': [-2, 2]}",<function generate_sim_data at 0x7f4967c62050>,1,0,"[{'n_iter': 200, 'patience': 100, 'input_size': 1, 'h_sizes': [40, 40]}]",[<class 'models.NueralNet'>],300,1,False,True,,,0.9,,,,,,,202,485,271,229,1.0,0.7453874538745388,1.0,0.06550218340611358,naive_on_y
0.9,100,500,False,True,False,False,"{'transform_func': <function transform_X at 0x7f496a613370>, 'beta': array([1, 2, 3, 4]), 'uniform_range_x': [-2, 2]}",<function generate_sim_data at 0x7f4967c62050>,1,0,"[{'n_iter': 200, 'patience': 100, 'input_size': 1, 'h_sizes': [40, 40]}]",[<class 'models.NueralNet'>],300,1,False,True,False,True,0.9000000000000341,0.9566666666666667,0.8466666666666667,0.9000000000000341,0.9566666666666667,0.9766666666666667,13.0,240,296,272,228,1.0,0.8823529411764706,1.0,0.8947368421052632,CS_on_mean
0.9,100,500,False,True,False,False,"{'transform_func': <function transform_X at 0x7f496a613370>, 'beta': array([1, 2, 3, 4]), 'uniform_range_x': [-2, 2]}",<function generate_sim_data at 0x7f4967c62050>,1,0,"[{'n_iter': 200, 'patience': 100, 'input_size': 1, 'h_sizes': [40, 40]}]",[<class 'models.NueralNet'>],300,1,False,True,,,0.9,,,,,,,252,288,272,228,1.0,0.9264705882352942,1.0,0.9298245614035088,naive_on_mean
0.9,100,500,False,True,False,False,"{'transform_func': <function transform_X at 0x7f496a613370>, 'beta': array([1, 2, 3, 4]), 'uniform_range_x': [-2, 2]}",<function generate_sim_data at 0x7f4967c62050>,1,0,"[{'n_iter': 200, 'patience': 100, 'input_size': 1, 'h_sizes': [40, 40]}]",[<class 'models.NueralNet'>],300,1,False,True,True,True,0.8999999999999773,0.97,0.7866666666666666,0.8999999999999773,0.97,0.9966666666666667,27.0,137,477,270,230,1.0,0.5074074074074074,1.0,0.09999999999999998,CS_on_y
0.9,100,500,False,True,False,False,"{'transform_func': <function transform_X at 0x7f496a613370>, 'beta': array([1, 2, 3, 4]), 'uniform_range_x': [-2, 2]}",<function generate_sim_data at 0x7f4967c62050>,1,0,"[{'n_iter': 200, 'patience': 100, 'input_size': 1, 'h_sizes': [40, 40]}]",[<class 'models.NueralNet'>],300,1,False,True,,,0.9,,,,,,,204,344,270,230,1.0,0.7555555555555555,1.0,0.6782608695652175,naive_on_y
0.9,100,500,False,True,False,False,"{'transform_func': <function transform_X at 0x7f496a613370>, 'beta': array([1, 2, 3, 4]), 'uniform_range_x': [-2, 2]}",<function generate_sim_data at 0x7f4967c62050>,1,0,"[{'n_iter': 200, 'patience': 100, 'input_size': 1, 'h_sizes': [40, 40]}]",[<class 'models.NueralNet'>],300,1,False,True,True,True,0.9000000000000341,0.9733333333333334,0.8366666666666667,0.9000000000000341,0.9733333333333334,0.9933333333333333,13.0,231,290,262,238,1.0,0.8816793893129771,1.0,0.8823529411764706,CS_on_mean
0.9,100,500,False,True,False,False,"{'transform_func': <function transform_X at 0x7f496a613370>, 'beta': array([1, 2, 3, 4]), 'uniform_range_x': [-2, 2]}",<function generate_sim_data at 0x7f4967c62050>,1,0,"[{'n_iter': 200, 'patience': 100, 'input_size': 1, 'h_sizes': [40, 40]}]",[<class 'models.NueralNet'>],300,1,False,True,,,0.9,,,,,,,247,282,262,238,1.0,0.9427480916030534,1.0,0.9159663865546218,naive_on_mean
0.9,100,500,False,True,False,False,"{'transform_func': <function transform_X at 0x7f496a613370>, 'beta': array([1, 2, 3, 4]), 'uniform_range_x': [-2, 2]}",<function generate_sim_data at 0x7f4967c62050>,1,0,"[{'n_iter': 200, 'patience': 100, 'input_size': 1, 'h_sizes': [40, 40]}]",[<class 'models.NueralNet'>],300,1,False,True,True,True,0.9000000000000341,0.96,0.78,0.9000000000000341,0.96,0.9933333333333333,28.0,156,419,268,232,1.0,0.582089552238806,1.0,0.34913793103448276,CS_on_y
0.9,100,500,False,True,False,False,"{'transform_func': <function transform_X at 0x7f496a613370>, 'beta': array([1, 2, 3, 4]), 'uniform_range_x': [-2, 2]}",<function generate_sim_data at 0x7f4967c62050>,1,0,"[{'n_iter': 200, 'patience': 100, 'input_size': 1, 'h_sizes': [40, 40]}]",[<class 'models.NueralNet'>],300,1,False,False,,,0.9,,,,,,,197,332,268,232,1.0,0.7350746268656716,0.9940476190476191,0.7198275862068966,naive_on_y
0.9,100,500,False,True,False,False,"{'transform_func': <function transform_X at 0x7f496a613370>, 'beta': array([1, 2, 3, 4]), 'uniform_range_x': [-2, 2]}",<function generate_sim_data at 0x7f4967c62050>,1,0,"[{'n_iter': 200, 'patience': 100, 'input_size': 1, 'h_sizes': [40, 40]}]",[<class 'models.NueralNet'>],300,1,False,True,True,True,0.9000000000000341,0.95,0.8,0.9000000000000341,0.95,0.9866666666666667,9.0,254,316,274,226,1.0,0.927007299270073,1.0,0.8141592920353982,CS_on_mean
0.9,100,500,False,True,False,False,"{'transform_func': <function transform_X at 0x7f496a613370>, 'beta': array([1, 2, 3, 4]), 'uniform_range_x': [-2, 2]}",<function generate_sim_data at 0x7f4967c62050>,1,0,"[{'n_iter': 200, 'patience': 100, 'input_size': 1, 'h_sizes': [40, 40]}]",[<class 'models.NueralNet'>],300,1,False,True,,,0.9,,,,,,,266,308,274,226,1.0,0.9708029197080292,1.0,0.8495575221238938,naive_on_mean
0.9,100,500,False,True,False,False,"{'transform_func': <function transform_X at 0x7f496a613370>, 'beta': array([1, 2, 3, 4]), 'uniform_range_x': [-2, 2]}",<function generate_sim_data at 0x7f4967c62050>,1,0,"[{'n_iter': 200, 'patience': 100, 'input_size': 1, 'h_sizes': [40, 40]}]",[<class 'models.NueralNet'>],300,1,False,True,True,True,0.9000000000000341,0.96,0.6733333333333333,0.9000000000000341,0.96,0.99,21.0,174,395,270,230,1.0,0.6444444444444444,1.0,0.4565217391304348,CS_on_y
0.9,100,500,False,True,False,False,"{'transform_func': <function transform_X at 0x7f496a613370>, 'beta': array([1, 2, 3, 4]), 'uniform_range_x': [-2, 2]}",<function generate_sim_data at 0x7f4967c62050>,1,0,"[{'n_iter': 200, 'patience': 100, 'input_size': 1, 'h_sizes': [40, 40]}]",[<class 'models.NueralNet'>],300,1,False,False,,,0.9,,,,,,,215,345,270,230,1.0,0.7962962962962963,0.9935483870967742,0.6695652173913044,naive_on_y
0.9,100,500,False,True,False,False,"{'transform_func': <function transform_X at 0x7f496a613370>, 'beta': array([1, 2, 3, 4]), 'uniform_range_x': [-2, 2]}",<function generate_sim_data at 0x7f4967c62050>,1,0,"[{'n_iter': 200, 'patience': 100, 'input_size': 1, 'h_sizes': [40, 40]}]",[<class 'models.NueralNet'>],300,1,False,True,True,True,0.9000000000000341,0.9966666666666667,0.9733333333333332,0.9000000000000341,0.9966666666666667,1.0,202.0,237,351,270,230,1.0,0.8777777777777778,1.0,0.6478260869565218,CS_on_mean
0.9,100,500,False,True,False,False,"{'transform_func': <function transform_X at 0x7f496a613370>, 'beta': array([1, 2, 3, 4]), 'uniform_range_x': [-2, 2]}",<function generate_sim_data at 0x7f4967c62050>,1,0,"[{'n_iter': 200, 'patience': 100, 'input_size': 1, 'h_sizes': [40, 40]}]",[<class 'models.NueralNet'>],300,1,False,True,,,0.9,,,,,,,258,291,270,230,1.0,0.9555555555555556,1.0,0.908695652173913,naive_on_mean
0.9,100,500,False,True,False,False,"{'transform_func': <function transform_X at 0x7f496a613370>, 'beta': array([1, 2, 3, 4]), 'uniform_range_x': [-2, 2]}",<function generate_sim_data at 0x7f4967c62050>,1,0,"[{'n_iter': 200, 'patience': 100, 'input_size': 1, 'h_sizes': [40, 40]}]",[<class 'models.NueralNet'>],300,1,False,True,True,True,0.9000000000000057,0.9966666666666667,0.9933333333333334,0.9000000000000057,0.9966666666666667,1.0,253.0,0,500,270,230,1.0,0.0,1.0,0.0,CS_on_y
0.9,100,500,False,True,False,False,"{'transform_func': <function transform_X at 0x7f496a613370>, 'beta': array([1, 2, 3, 4]), 'uniform_range_x': [-2, 2]}",<function generate_sim_data at 0x7f4967c62050>,1,0,"[{'n_iter': 200, 'patience': 100, 'input_size': 1, 'h_sizes': [40, 40]}]",[<class 'models.NueralNet'>],300,1,False,True,,,0.9,,,,,,,212,343,270,230,1.0,0.7851851851851852,1.0,0.682608695652174,naive_on_y
0.9,100,500,False,True,False,False,"{'transform_func': <function transform_X at 0x7f496a613370>, 'beta': array([1, 2, 3, 4]), 'uniform_range_x': [-2, 2]}",<function generate_sim_data at 0x7f4967c62050>,1,0,"[{'n_iter': 200, 'patience': 100, 'input_size': 1, 'h_sizes': [40, 40]}]",[<class 'models.NueralNet'>],300,1,False,True,True,True,0.8999999999999773,0.96,0.8500000000000001,0.8999999999999773,0.96,0.9833333333333333,9.0,260,308,288,212,1.0,0.9027777777777778,1.0,0.9056603773584906,CS_on_mean
0.9,100,500,False,True,False,False,"{'transform_func': <function transform_X at 0x7f496a613370>, 'beta': array([1, 2, 3, 4]), 'uniform_range_x': [-2, 2]}",<function generate_sim_data at 0x7f4967c62050>,1,0,"[{'n_iter': 200, 'patience': 100, 'input_size': 1, 'h_sizes': [40, 40]}]",[<class 'models.NueralNet'>],300,1,False,False,,,0.9,,,,,,,267,299,288,212,1.0,0.9270833333333334,0.9850746268656716,0.9339622641509434,naive_on_mean
0.9,100,500,False,True,False,False,"{'transform_func': <function transform_X at 0x7f496a613370>, 'beta': array([1, 2, 3, 4]), 'uniform_range_x': [-2, 2]}",<function generate_sim_data at 0x7f4967c62050>,1,0,"[{'n_iter': 200, 'patience': 100, 'input_size': 1, 'h_sizes': [40, 40]}]",[<class 'models.NueralNet'>],300,1,False,True,True,True,0.9000000000000341,0.9633333333333334,0.77,0.9000000000000341,0.9633333333333334,0.9966666666666667,46.0,137,396,290,210,1.0,0.4724137931034482,1.0,0.49523809523809526,CS_on_y
0.9,100,500,False,True,False,False,"{'transform_func': <function transform_X at 0x7f496a613370>, 'beta': array([1, 2, 3, 4]), 'uniform_range_x': [-2, 2]}",<function generate_sim_data at 0x7f4967c62050>,1,0,"[{'n_iter': 200, 'patience': 100, 'input_size': 1, 'h_sizes': [40, 40]}]",[<class 'models.NueralNet'>],300,1,False,False,,,0.9,,,,,,,211,339,290,210,0.995260663507109,0.7241379310344828,1.0,0.7666666666666666,naive_on_y
0.9,100,500,False,True,False,False,"{'transform_func': <function transform_X at 0x7f496a613370>, 'beta': array([1, 2, 3, 4]), 'uniform_range_x': [-2, 2]}",<function generate_sim_data at 0x7f4967c62050>,1,0,"[{'n_iter': 200, 'patience': 100, 'input_size': 1, 'h_sizes': [40, 40]}]",[<class 'models.NueralNet'>],300,1,False,True,True,True,0.9000000000000341,0.9633333333333334,0.8066666666666666,0.9000000000000341,0.9633333333333334,0.9966666666666667,9.0,254,306,275,225,1.0,0.9236363636363636,1.0,0.8622222222222222,CS_on_mean
0.9,100,500,False,True,False,False,"{'transform_func': <function transform_X at 0x7f496a613370>, 'beta': array([1, 2, 3, 4]), 'uniform_range_x': [-2, 2]}",<function generate_sim_data at 0x7f4967c62050>,1,0,"[{'n_iter': 200, 'patience': 100, 'input_size': 1, 'h_sizes': [40, 40]}]",[<class 'models.NueralNet'>],300,1,False,True,,,0.9,,,,,,,258,295,275,225,1.0,0.9381818181818182,1.0,0.9111111111111111,naive_on_mean
0.9,100,500,False,True,False,False,"{'transform_func': <function transform_X at 0x7f496a613370>, 'beta': array([1, 2, 3, 4]), 'uniform_range_x': [-2, 2]}",<function generate_sim_data at 0x7f4967c62050>,1,0,"[{'n_iter': 200, 'patience': 100, 'input_size': 1, 'h_sizes': [40, 40]}]",[<class 'models.NueralNet'>],300,1,False,True,True,True,0.9000000000000341,0.97,0.6266666666666667,0.9000000000000341,0.97,0.9966666666666667,7.0,169,411,271,229,1.0,0.6236162361623616,1.0,0.388646288209607,CS_on_y
0.9,100,500,False,True,False,False,"{'transform_func': <function transform_X at 0x7f496a613370>, 'beta': array([1, 2, 3, 4]), 'uniform_range_x': [-2, 2]}",<function generate_sim_data at 0x7f4967c62050>,1,0,"[{'n_iter': 200, 'patience': 100, 'input_size': 1, 'h_sizes': [40, 40]}]",[<class 'models.NueralNet'>],300,1,False,True,,,0.9,,,,,,,205,345,271,229,1.0,0.7564575645756457,1.0,0.6768558951965066,naive_on_y
0.9,100,500,False,True,False,False,"{'transform_func': <function transform_X at 0x7f496a613370>, 'beta': array([1, 2, 3, 4]), 'uniform_range_x': [-2, 2]}",<function generate_sim_data at 0x7f4967c62050>,1,0,"[{'n_iter': 200, 'patience': 100, 'input_size': 1, 'h_sizes': [40, 40]}]",[<class 'models.NueralNet'>],300,1,False,True,True,True,0.9000000000000341,0.9966666666666667,0.9933333333333334,0.9000000000000341,0.9966666666666667,0.9966666666666667,48.0,163,400,258,242,1.0,0.6317829457364341,1.0,0.4132231404958677,CS_on_mean
0.9,100,500,False,True,False,False,"{'transform_func': <function transform_X at 0x7f496a613370>, 'beta': array([1, 2, 3, 4]), 'uniform_range_x': [-2, 2]}",<function generate_sim_data at 0x7f4967c62050>,1,0,"[{'n_iter': 200, 'patience': 100, 'input_size': 1, 'h_sizes': [40, 40]}]",[<class 'models.NueralNet'>],300,1,False,True,,,0.9,,,,,,,247,280,258,242,1.0,0.9573643410852714,1.0,0.9090909090909091,naive_on_mean
0.9,100,500,False,True,False,False,"{'transform_func': <function transform_X at 0x7f496a613370>, 'beta': array([1, 2, 3, 4]), 'uniform_range_x': [-2, 2]}",<function generate_sim_data at 0x7f4967c62050>,1,0,"[{'n_iter': 200, 'patience': 100, 'input_size': 1, 'h_sizes': [40, 40]}]",[<class 'models.NueralNet'>],300,1,False,True,True,True,0.9000000000000341,0.9866666666666667,0.9566666666666666,0.9000000000000341,0.9866666666666667,1.0,56.0,50,485,255,245,1.0,0.196078431372549,1.0,0.061224489795918324,CS_on_y
0.9,100,500,False,True,False,False,"{'transform_func': <function transform_X at 0x7f496a613370>, 'beta': array([1, 2, 3, 4]), 'uniform_range_x': [-2, 2]}",<function generate_sim_data at 0x7f4967c62050>,1,0,"[{'n_iter': 200, 'patience': 100, 'input_size': 1, 'h_sizes': [40, 40]}]",[<class 'models.NueralNet'>],300,1,False,True,,,0.9,,,,,,,195,335,255,245,1.0,0.7647058823529411,1.0,0.6734693877551021,naive_on_y
0.9,100,500,False,True,False,False,"{'transform_func': <function transform_X at 0x7f496a613370>, 'beta': array([1, 2, 3, 4]), 'uniform_range_x': [-2, 2]}",<function generate_sim_data at 0x7f4967c62050>,1,0,"[{'n_iter': 200, 'patience': 100, 'input_size': 1, 'h_sizes': [40, 40]}]",[<class 'models.NueralNet'>],300,1,False,True,True,True,0.9000000000000341,0.9733333333333334,0.8899999999999999,0.9000000000000341,0.9733333333333334,0.9833333333333333,15.0,255,401,269,231,1.0,0.9479553903345725,1.0,0.4285714285714286,CS_on_mean
0.9,100,500,False,True,False,False,"{'transform_func': <function transform_X at 0x7f496a613370>, 'beta': array([1, 2, 3, 4]), 'uniform_range_x': [-2, 2]}",<function generate_sim_data at 0x7f4967c62050>,1,0,"[{'n_iter': 200, 'patience': 100, 'input_size': 1, 'h_sizes': [40, 40]}]",[<class 'models.NueralNet'>],300,1,False,True,,,0.9,,,,,,,262,294,269,231,1.0,0.9739776951672863,1.0,0.8917748917748918,naive_on_mean
0.9,100,500,False,True,False,False,"{'transform_func': <function transform_X at 0x7f496a613370>, 'beta': array([1, 2, 3, 4]), 'uniform_range_x': [-2, 2]}",<function generate_sim_data at 0x7f4967c62050>,1,0,"[{'n_iter': 200, 'patience': 100, 'input_size': 1, 'h_sizes': [40, 40]}]",[<class 'models.NueralNet'>],300,1,False,True,True,True,0.9000000000000341,0.98,0.8266666666666667,0.9000000000000341,0.98,1.0,16.0,168,461,268,232,1.0,0.6268656716417911,1.0,0.1681034482758621,CS_on_y
0.9,100,500,False,True,False,False,"{'transform_func': <function transform_X at 0x7f496a613370>, 'beta': array([1, 2, 3, 4]), 'uniform_range_x': [-2, 2]}",<function generate_sim_data at 0x7f4967c62050>,1,0,"[{'n_iter': 200, 'patience': 100, 'input_size': 1, 'h_sizes': [40, 40]}]",[<class 'models.NueralNet'>],300,1,False,True,,,0.9,,,,,,,211,393,268,232,1.0,0.7873134328358209,1.0,0.4612068965517241,naive_on_y
0.9,100,500,False,True,False,False,"{'transform_func': <function transform_X at 0x7f496a613370>, 'beta': array([1, 2, 3, 4]), 'uniform_range_x': [-2, 2]}",<function generate_sim_data at 0x7f4967c62050>,1,0,"[{'n_iter': 200, 'patience': 100, 'input_size': 1, 'h_sizes': [40, 40]}]",[<class 'models.NueralNet'>],300,1,False,True,True,True,0.9000000000000341,0.9933333333333333,0.9733333333333334,0.9000000000000341,0.9933333333333333,1.0,65.0,192,329,275,225,1.0,0.6981818181818182,1.0,0.76,CS_on_mean
0.9,100,500,False,True,False,False,"{'transform_func': <function transform_X at 0x7f496a613370>, 'beta': array([1, 2, 3, 4]), 'uniform_range_x': [-2, 2]}",<function generate_sim_data at 0x7f4967c62050>,1,0,"[{'n_iter': 200, 'patience': 100, 'input_size': 1, 'h_sizes': [40, 40]}]",[<class 'models.NueralNet'>],300,1,False,True,,,0.9,,,,,,,256,298,275,225,1.0,0.9309090909090909,1.0,0.8977777777777778,naive_on_mean
0.9,100,500,False,True,False,False,"{'transform_func': <function transform_X at 0x7f496a613370>, 'beta': array([1, 2, 3, 4]), 'uniform_range_x': [-2, 2]}",<function generate_sim_data at 0x7f4967c62050>,1,0,"[{'n_iter': 200, 'patience': 100, 'input_size': 1, 'h_sizes': [40, 40]}]",[<class 'models.NueralNet'>],300,1,False,True,True,True,0.9000000000000341,0.99,0.9366666666666665,0.9000000000000341,0.99,0.9966666666666667,57.0,53,496,277,223,1.0,0.19133574007220222,1.0,0.017937219730941756,CS_on_y
0.9,100,500,False,True,False,False,"{'transform_func': <function transform_X at 0x7f496a613370>, 'beta': array([1, 2, 3, 4]), 'uniform_range_x': [-2, 2]}",<function generate_sim_data at 0x7f4967c62050>,1,0,"[{'n_iter': 200, 'patience': 100, 'input_size': 1, 'h_sizes': [40, 40]}]",[<class 'models.NueralNet'>],300,1,False,True,,,0.9,,,,,,,192,365,277,223,1.0,0.6931407942238268,1.0,0.6053811659192825,naive_on_y
0.9,100,500,False,True,False,False,"{'transform_func': <function transform_X at 0x7f496a613370>, 'beta': array([1, 2, 3, 4]), 'uniform_range_x': [-2, 2]}",<function generate_sim_data at 0x7f4967c62050>,1,0,"[{'n_iter': 200, 'patience': 100, 'input_size': 1, 'h_sizes': [40, 40]}]",[<class 'models.NueralNet'>],300,1,False,True,True,True,0.9000000000000341,0.98,0.8566666666666665,0.9000000000000341,0.98,0.9933333333333333,13.0,242,388,272,228,1.0,0.8897058823529411,1.0,0.49122807017543857,CS_on_mean
0.9,100,500,False,True,False,False,"{'transform_func': <function transform_X at 0x7f496a613370>, 'beta': array([1, 2, 3, 4]), 'uniform_range_x': [-2, 2]}",<function generate_sim_data at 0x7f4967c62050>,1,0,"[{'n_iter': 200, 'patience': 100, 'input_size': 1, 'h_sizes': [40, 40]}]",[<class 'models.NueralNet'>],300,1,False,True,,,0.9,,,,,,,257,292,272,228,1.0,0.9448529411764706,1.0,0.9122807017543859,naive_on_mean
0.9,100,500,False,True,False,False,"{'transform_func': <function transform_X at 0x7f496a613370>, 'beta': array([1, 2, 3, 4]), 'uniform_range_x': [-2, 2]}",<function generate_sim_data at 0x7f4967c62050>,1,0,"[{'n_iter': 200, 'patience': 100, 'input_size': 1, 'h_sizes': [40, 40]}]",[<class 'models.NueralNet'>],300,1,False,True,True,True,0.9000000000000341,0.9666666666666667,0.7666666666666666,0.9000000000000341,0.9666666666666667,1.0,19.0,141,466,269,231,1.0,0.5241635687732342,1.0,0.1471861471861472,CS_on_y
0.9,100,500,False,True,False,False,"{'transform_func': <function transform_X at 0x7f496a613370>, 'beta': array([1, 2, 3, 4]), 'uniform_range_x': [-2, 2]}",<function generate_sim_data at 0x7f4967c62050>,1,0,"[{'n_iter': 200, 'patience': 100, 'input_size': 1, 'h_sizes': [40, 40]}]",[<class 'models.NueralNet'>],300,1,False,True,,,0.9,,,,,,,199,431,269,231,1.0,0.7397769516728625,1.0,0.2987012987012987,naive_on_y
0.9,100,500,False,True,False,False,"{'transform_func': <function transform_X at 0x7f496a613370>, 'beta': array([1, 2, 3, 4]), 'uniform_range_x': [-2, 2]}",<function generate_sim_data at 0x7f4967c62050>,1,0,"[{'n_iter': 200, 'patience': 100, 'input_size': 1, 'h_sizes': [40, 40]}]",[<class 'models.NueralNet'>],300,1,False,True,True,True,0.8999999999999773,0.9766666666666667,0.8533333333333335,0.8999999999999773,0.9766666666666667,0.9966666666666667,7.0,238,386,253,247,1.0,0.9407114624505929,1.0,0.46153846153846156,CS_on_mean
0.9,100,500,False,True,False,False,"{'transform_func': <function transform_X at 0x7f496a613370>, 'beta': array([1, 2, 3, 4]), 'uniform_range_x': [-2, 2]}",<function generate_sim_data at 0x7f4967c62050>,1,0,"[{'n_iter': 200, 'patience': 100, 'input_size': 1, 'h_sizes': [40, 40]}]",[<class 'models.NueralNet'>],300,1,False,True,,,0.9,,,,,,,242,287,253,247,1.0,0.9565217391304348,1.0,0.8623481781376519,naive_on_mean
0.9,100,500,False,True,False,False,"{'transform_func': <function transform_X at 0x7f496a613370>, 'beta': array([1, 2, 3, 4]), 'uniform_range_x': [-2, 2]}",<function generate_sim_data at 0x7f4967c62050>,1,0,"[{'n_iter': 200, 'patience': 100, 'input_size': 1, 'h_sizes': [40, 40]}]",[<class 'models.NueralNet'>],300,1,False,True,True,True,0.9000000000000341,0.98,0.7766666666666668,0.9000000000000341,0.98,0.9966666666666667,9.0,161,468,256,244,1.0,0.62890625,1.0,0.1311475409836066,CS_on_y
0.9,100,500,False,True,False,False,"{'transform_func': <function transform_X at 0x7f496a613370>, 'beta': array([1, 2, 3, 4]), 'uniform_range_x': [-2, 2]}",<function generate_sim_data at 0x7f4967c62050>,1,0,"[{'n_iter': 200, 'patience': 100, 'input_size': 1, 'h_sizes': [40, 40]}]",[<class 'models.NueralNet'>],300,1,False,True,,,0.9,,,,,,,212,392,256,244,1.0,0.828125,1.0,0.4426229508196722,naive_on_y
0.9,100,500,False,True,False,False,"{'transform_func': <function transform_X at 0x7f496a613370>, 'beta': array([1, 2, 3, 4]), 'uniform_range_x': [-2, 2]}",<function generate_sim_data at 0x7f4967c62050>,1,0,"[{'n_iter': 200, 'patience': 100, 'input_size': 1, 'h_sizes': [40, 40]}]",[<class 'models.NueralNet'>],300,1,False,True,True,True,0.9000000000000341,0.9466666666666667,0.7566666666666666,0.9000000000000341,0.9466666666666667,0.9766666666666667,9.0,258,315,282,218,1.0,0.9148936170212766,1.0,0.8486238532110092,CS_on_mean
0.9,100,500,False,True,False,False,"{'transform_func': <function transform_X at 0x7f496a613370>, 'beta': array([1, 2, 3, 4]), 'uniform_range_x': [-2, 2]}",<function generate_sim_data at 0x7f4967c62050>,1,0,"[{'n_iter': 200, 'patience': 100, 'input_size': 1, 'h_sizes': [40, 40]}]",[<class 'models.NueralNet'>],300,1,False,True,,,0.9,,,,,,,272,306,282,218,1.0,0.9645390070921985,1.0,0.8899082568807339,naive_on_mean
0.9,100,500,False,True,False,False,"{'transform_func': <function transform_X at 0x7f496a613370>, 'beta': array([1, 2, 3, 4]), 'uniform_range_x': [-2, 2]}",<function generate_sim_data at 0x7f4967c62050>,1,0,"[{'n_iter': 200, 'patience': 100, 'input_size': 1, 'h_sizes': [40, 40]}]",[<class 'models.NueralNet'>],300,1,False,True,True,True,0.9000000000000341,0.9666666666666667,0.6566666666666667,0.9000000000000341,0.9666666666666667,0.99,10.0,169,397,293,207,1.0,0.5767918088737201,1.0,0.4975845410628019,CS_on_y
0.9,100,500,False,True,False,False,"{'transform_func': <function transform_X at 0x7f496a613370>, 'beta': array([1, 2, 3, 4]), 'uniform_range_x': [-2, 2]}",<function generate_sim_data at 0x7f4967c62050>,1,0,"[{'n_iter': 200, 'patience': 100, 'input_size': 1, 'h_sizes': [40, 40]}]",[<class 'models.NueralNet'>],300,1,False,False,,,0.9,,,,,,,223,355,293,207,1.0,0.7610921501706485,0.993103448275862,0.6956521739130435,naive_on_y
0.9,100,500,False,True,False,False,"{'transform_func': <function transform_X at 0x7f496a613370>, 'beta': array([1, 2, 3, 4]), 'uniform_range_x': [-2, 2]}",<function generate_sim_data at 0x7f4967c62050>,1,0,"[{'n_iter': 200, 'patience': 100, 'input_size': 1, 'h_sizes': [40, 40]}]",[<class 'models.NueralNet'>],300,1,False,True,True,True,0.9000000000000341,0.9933333333333333,0.95,0.9000000000000341,0.9933333333333333,0.9933333333333333,12.0,248,307,270,230,1.0,0.9185185185185185,1.0,0.8391304347826087,CS_on_mean
0.9,100,500,False,True,False,False,"{'transform_func': <function transform_X at 0x7f496a613370>, 'beta': array([1, 2, 3, 4]), 'uniform_range_x': [-2, 2]}",<function generate_sim_data at 0x7f4967c62050>,1,0,"[{'n_iter': 200, 'patience': 100, 'input_size': 1, 'h_sizes': [40, 40]}]",[<class 'models.NueralNet'>],300,1,False,True,,,0.9,,,,,,,259,283,270,230,1.0,0.9592592592592593,1.0,0.9434782608695652,naive_on_mean
0.9,100,500,False,True,False,False,"{'transform_func': <function transform_X at 0x7f496a613370>, 'beta': array([1, 2, 3, 4]), 'uniform_range_x': [-2, 2]}",<function generate_sim_data at 0x7f4967c62050>,1,0,"[{'n_iter': 200, 'patience': 100, 'input_size': 1, 'h_sizes': [40, 40]}]",[<class 'models.NueralNet'>],300,1,False,True,True,True,0.9000000000000341,0.98,0.8766666666666665,0.9000000000000341,0.98,1.0,27.0,148,442,269,231,1.0,0.550185873605948,1.0,0.25108225108225113,CS_on_y
0.9,100,500,False,True,False,False,"{'transform_func': <function transform_X at 0x7f496a613370>, 'beta': array([1, 2, 3, 4]), 'uniform_range_x': [-2, 2]}",<function generate_sim_data at 0x7f4967c62050>,1,0,"[{'n_iter': 200, 'patience': 100, 'input_size': 1, 'h_sizes': [40, 40]}]",[<class 'models.NueralNet'>],300,1,False,True,,,0.9,,,,,,,208,318,269,231,1.0,0.7732342007434945,1.0,0.7878787878787878,naive_on_y
0.9,100,500,False,True,False,False,"{'transform_func': <function transform_X at 0x7f496a613370>, 'beta': array([1, 2, 3, 4]), 'uniform_range_x': [-2, 2]}",<function generate_sim_data at 0x7f4967c62050>,1,0,"[{'n_iter': 200, 'patience': 100, 'input_size': 1, 'h_sizes': [40, 40]}]",[<class 'models.NueralNet'>],300,1,False,True,True,True,0.9000000000000341,0.9633333333333334,0.8266666666666667,0.9000000000000341,0.9633333333333334,0.98,3.0,234,292,257,243,1.0,0.9105058365758755,1.0,0.8559670781893004,CS_on_mean
0.9,100,500,False,True,False,False,"{'transform_func': <function transform_X at 0x7f496a613370>, 'beta': array([1, 2, 3, 4]), 'uniform_range_x': [-2, 2]}",<function generate_sim_data at 0x7f4967c62050>,1,0,"[{'n_iter': 200, 'patience': 100, 'input_size': 1, 'h_sizes': [40, 40]}]",[<class 'models.NueralNet'>],300,1,False,True,,,0.9,,,,,,,244,284,257,243,1.0,0.9494163424124513,1.0,0.8888888888888888,naive_on_mean
0.9,100,500,False,True,False,False,"{'transform_func': <function transform_X at 0x7f496a613370>, 'beta': array([1, 2, 3, 4]), 'uniform_range_x': [-2, 2]}",<function generate_sim_data at 0x7f4967c62050>,1,0,"[{'n_iter': 200, 'patience': 100, 'input_size': 1, 'h_sizes': [40, 40]}]",[<class 'models.NueralNet'>],300,1,False,True,True,True,0.9000000000000341,0.9633333333333334,0.6466666666666667,0.9000000000000341,0.9633333333333334,0.9933333333333333,14.0,160,454,262,238,1.0,0.6106870229007634,1.0,0.19327731092436973,CS_on_y
0.9,100,500,False,True,False,False,"{'transform_func': <function transform_X at 0x7f496a613370>, 'beta': array([1, 2, 3, 4]), 'uniform_range_x': [-2, 2]}",<function generate_sim_data at 0x7f4967c62050>,1,0,"[{'n_iter': 200, 'patience': 100, 'input_size': 1, 'h_sizes': [40, 40]}]",[<class 'models.NueralNet'>],300,1,False,True,,,0.9,,,,,,,205,340,262,238,1.0,0.7824427480916031,1.0,0.6722689075630253,naive_on_y
0.9,100,500,False,True,False,False,"{'transform_func': <function transform_X at 0x7f496a613370>, 'beta': array([1, 2, 3, 4]), 'uniform_range_x': [-2, 2]}",<function generate_sim_data at 0x7f4967c62050>,1,0,"[{'n_iter': 200, 'patience': 100, 'input_size': 1, 'h_sizes': [40, 40]}]",[<class 'models.NueralNet'>],300,1,False,True,True,True,0.9000000000000341,0.97,0.8799999999999999,0.9000000000000341,0.97,0.9733333333333334,4.0,223,303,265,235,1.0,0.8415094339622642,1.0,0.8382978723404255,CS_on_mean
0.9,100,500,False,True,False,False,"{'transform_func': <function transform_X at 0x7f496a613370>, 'beta': array([1, 2, 3, 4]), 'uniform_range_x': [-2, 2]}",<function generate_sim_data at 0x7f4967c62050>,1,0,"[{'n_iter': 200, 'patience': 100, 'input_size': 1, 'h_sizes': [40, 40]}]",[<class 'models.NueralNet'>],300,1,False,True,,,0.9,,,,,,,246,290,265,235,1.0,0.9283018867924528,1.0,0.8936170212765957,naive_on_mean
0.9,100,500,False,True,False,False,"{'transform_func': <function transform_X at 0x7f496a613370>, 'beta': array([1, 2, 3, 4]), 'uniform_range_x': [-2, 2]}",<function generate_sim_data at 0x7f4967c62050>,1,0,"[{'n_iter': 200, 'patience': 100, 'input_size': 1, 'h_sizes': [40, 40]}]",[<class 'models.NueralNet'>],300,1,False,True,True,True,0.9000000000000341,0.9566666666666667,0.7833333333333332,0.9000000000000341,0.9566666666666667,0.9966666666666667,32.0,149,423,262,238,1.0,0.5687022900763359,1.0,0.32352941176470584,CS_on_y
0.9,100,500,False,True,False,False,"{'transform_func': <function transform_X at 0x7f496a613370>, 'beta': array([1, 2, 3, 4]), 'uniform_range_x': [-2, 2]}",<function generate_sim_data at 0x7f4967c62050>,1,0,"[{'n_iter': 200, 'patience': 100, 'input_size': 1, 'h_sizes': [40, 40]}]",[<class 'models.NueralNet'>],300,1,False,True,,,0.9,,,,,,,199,349,262,238,1.0,0.7595419847328244,1.0,0.634453781512605,naive_on_y
0.9,100,500,False,True,False,False,"{'transform_func': <function transform_X at 0x7f496a613370>, 'beta': array([1, 2, 3, 4]), 'uniform_range_x': [-2, 2]}",<function generate_sim_data at 0x7f4967c62050>,1,0,"[{'n_iter': 200, 'patience': 100, 'input_size': 1, 'h_sizes': [40, 40]}]",[<class 'models.NueralNet'>],300,1,False,True,True,True,0.9000000000000341,0.9666666666666667,0.8200000000000001,0.9000000000000341,0.9666666666666667,0.98,12.0,273,317,293,207,1.0,0.931740614334471,1.0,0.8840579710144928,CS_on_mean
0.9,100,500,False,True,False,False,"{'transform_func': <function transform_X at 0x7f496a613370>, 'beta': array([1, 2, 3, 4]), 'uniform_range_x': [-2, 2]}",<function generate_sim_data at 0x7f4967c62050>,1,0,"[{'n_iter': 200, 'patience': 100, 'input_size': 1, 'h_sizes': [40, 40]}]",[<class 'models.NueralNet'>],300,1,False,False,,,0.9,,,,,,,279,311,293,207,0.996415770609319,0.9488054607508533,1.0,0.9130434782608696,naive_on_mean
0.9,100,500,False,True,False,False,"{'transform_func': <function transform_X at 0x7f496a613370>, 'beta': array([1, 2, 3, 4]), 'uniform_range_x': [-2, 2]}",<function generate_sim_data at 0x7f4967c62050>,1,0,"[{'n_iter': 200, 'patience': 100, 'input_size': 1, 'h_sizes': [40, 40]}]",[<class 'models.NueralNet'>],300,1,False,True,True,True,0.8999999999999773,0.97,0.8333333333333333,0.8999999999999773,0.97,1.0,18.0,172,406,289,211,1.0,0.5951557093425606,1.0,0.4454976303317536,CS_on_y
0.9,100,500,False,True,False,False,"{'transform_func': <function transform_X at 0x7f496a613370>, 'beta': array([1, 2, 3, 4]), 'uniform_range_x': [-2, 2]}",<function generate_sim_data at 0x7f4967c62050>,1,0,"[{'n_iter': 200, 'patience': 100, 'input_size': 1, 'h_sizes': [40, 40]}]",[<class 'models.NueralNet'>],300,1,False,True,,,0.9,,,,,,,234,352,289,211,1.0,0.8096885813148789,1.0,0.7014218009478673,naive_on_y
0.9,100,500,False,True,False,False,"{'transform_func': <function transform_X at 0x7f496a613370>, 'beta': array([1, 2, 3, 4]), 'uniform_range_x': [-2, 2]}",<function generate_sim_data at 0x7f4967c62050>,1,0,"[{'n_iter': 200, 'patience': 100, 'input_size': 1, 'h_sizes': [40, 40]}]",[<class 'models.NueralNet'>],300,1,False,True,True,True,0.8999999999999773,0.9833333333333333,0.8999999999999999,0.8999999999999773,0.9833333333333333,0.99,18.0,251,314,281,219,1.0,0.8932384341637011,1.0,0.8493150684931507,CS_on_mean
0.9,100,500,False,True,False,False,"{'transform_func': <function transform_X at 0x7f496a613370>, 'beta': array([1, 2, 3, 4]), 'uniform_range_x': [-2, 2]}",<function generate_sim_data at 0x7f4967c62050>,1,0,"[{'n_iter': 200, 'patience': 100, 'input_size': 1, 'h_sizes': [40, 40]}]",[<class 'models.NueralNet'>],300,1,False,False,,,0.9,,,,,,,275,309,281,219,0.9854545454545455,0.9644128113879004,1.0,0.8721461187214612,naive_on_mean
0.9,100,500,False,True,False,False,"{'transform_func': <function transform_X at 0x7f496a613370>, 'beta': array([1, 2, 3, 4]), 'uniform_range_x': [-2, 2]}",<function generate_sim_data at 0x7f4967c62050>,1,0,"[{'n_iter': 200, 'patience': 100, 'input_size': 1, 'h_sizes': [40, 40]}]",[<class 'models.NueralNet'>],300,1,False,True,True,True,0.8999999999999773,0.9833333333333333,0.8200000000000001,0.8999999999999773,0.9833333333333333,0.9933333333333333,37.0,152,482,284,216,1.0,0.5352112676056338,1.0,0.08333333333333337,CS_on_y
0.9,100,500,False,True,False,False,"{'transform_func': <function transform_X at 0x7f496a613370>, 'beta': array([1, 2, 3, 4]), 'uniform_range_x': [-2, 2]}",<function generate_sim_data at 0x7f4967c62050>,1,0,"[{'n_iter': 200, 'patience': 100, 'input_size': 1, 'h_sizes': [40, 40]}]",[<class 'models.NueralNet'>],300,1,False,True,,,0.9,,,,,,,225,373,284,216,1.0,0.7922535211267605,1.0,0.587962962962963,naive_on_y
0.9,100,500,False,True,False,False,"{'transform_func': <function transform_X at 0x7f496a613370>, 'beta': array([1, 2, 3, 4]), 'uniform_range_x': [-2, 2]}",<function generate_sim_data at 0x7f4967c62050>,1,0,"[{'n_iter': 200, 'patience': 100, 'input_size': 1, 'h_sizes': [40, 40]}]",[<class 'models.NueralNet'>],300,1,False,True,True,True,0.8999999999999773,0.99,0.9299999999999999,0.8999999999999773,0.99,0.9933333333333333,6.0,231,310,273,227,1.0,0.8461538461538461,1.0,0.8370044052863437,CS_on_mean
0.9,100,500,False,True,False,False,"{'transform_func': <function transform_X at 0x7f496a613370>, 'beta': array([1, 2, 3, 4]), 'uniform_range_x': [-2, 2]}",<function generate_sim_data at 0x7f4967c62050>,1,0,"[{'n_iter': 200, 'patience': 100, 'input_size': 1, 'h_sizes': [40, 40]}]",[<class 'models.NueralNet'>],300,1,False,True,,,0.9,,,,,,,253,289,273,227,1.0,0.9267399267399268,1.0,0.9295154185022027,naive_on_mean
0.9,100,500,False,True,False,False,"{'transform_func': <function transform_X at 0x7f496a613370>, 'beta': array([1, 2, 3, 4]), 'uniform_range_x': [-2, 2]}",<function generate_sim_data at 0x7f4967c62050>,1,0,"[{'n_iter': 200, 'patience': 100, 'input_size': 1, 'h_sizes': [40, 40]}]",[<class 'models.NueralNet'>],300,1,False,True,True,True,0.8999999999999773,0.98,0.8700000000000001,0.8999999999999773,0.98,0.99,31.0,135,408,270,230,1.0,0.5,1.0,0.4,CS_on_y
0.9,100,500,False,True,False,False,"{'transform_func': <function transform_X at 0x7f496a613370>, 'beta': array([1, 2, 3, 4]), 'uniform_range_x': [-2, 2]}",<function generate_sim_data at 0x7f4967c62050>,1,0,"[{'n_iter': 200, 'patience': 100, 'input_size': 1, 'h_sizes': [40, 40]}]",[<class 'models.NueralNet'>],300,1,False,True,,,0.9,,,,,,,192,328,270,230,1.0,0.7111111111111111,1.0,0.7478260869565218,naive_on_y
0.9,100,500,False,True,False,False,"{'transform_func': <function transform_X at 0x7f496a613370>, 'beta': array([1, 2, 3, 4]), 'uniform_range_x': [-2, 2]}",<function generate_sim_data at 0x7f4967c62050>,1,0,"[{'n_iter': 200, 'patience': 100, 'input_size': 1, 'h_sizes': [40, 40]}]",[<class 'models.NueralNet'>],300,1,False,True,True,True,0.8999999999999773,0.97,0.8666666666666667,0.8999999999999773,0.97,0.98,14.0,207,297,248,252,1.0,0.8346774193548387,1.0,0.8055555555555556,CS_on_mean
0.9,100,500,False,True,False,False,"{'transform_func': <function transform_X at 0x7f496a613370>, 'beta': array([1, 2, 3, 4]), 'uniform_range_x': [-2, 2]}",<function generate_sim_data at 0x7f4967c62050>,1,0,"[{'n_iter': 200, 'patience': 100, 'input_size': 1, 'h_sizes': [40, 40]}]",[<class 'models.NueralNet'>],300,1,False,True,,,0.9,,,,,,,221,271,248,252,1.0,0.8911290322580645,1.0,0.9087301587301587,naive_on_mean
0.9,100,500,False,True,False,False,"{'transform_func': <function transform_X at 0x7f496a613370>, 'beta': array([1, 2, 3, 4]), 'uniform_range_x': [-2, 2]}",<function generate_sim_data at 0x7f4967c62050>,1,0,"[{'n_iter': 200, 'patience': 100, 'input_size': 1, 'h_sizes': [40, 40]}]",[<class 'models.NueralNet'>],300,1,False,True,True,True,0.9000000000000341,0.9566666666666667,0.7633333333333332,0.9000000000000341,0.9566666666666667,0.9933333333333333,33.0,131,443,252,248,1.0,0.5198412698412698,1.0,0.22983870967741937,CS_on_y
0.9,100,500,False,True,False,False,"{'transform_func': <function transform_X at 0x7f496a613370>, 'beta': array([1, 2, 3, 4]), 'uniform_range_x': [-2, 2]}",<function generate_sim_data at 0x7f4967c62050>,1,0,"[{'n_iter': 200, 'patience': 100, 'input_size': 1, 'h_sizes': [40, 40]}]",[<class 'models.NueralNet'>],300,1,False,True,,,0.9,,,,,,,181,337,252,248,1.0,0.7182539682539683,1.0,0.657258064516129,naive_on_y
0.9,100,500,False,True,False,False,"{'transform_func': <function transform_X at 0x7f496a613370>, 'beta': array([1, 2, 3, 4]), 'uniform_range_x': [-2, 2]}",<function generate_sim_data at 0x7f4967c62050>,1,0,"[{'n_iter': 200, 'patience': 100, 'input_size': 1, 'h_sizes': [40, 40]}]",[<class 'models.NueralNet'>],300,1,False,True,True,True,0.9000000000000341,0.9766666666666667,0.7866666666666666,0.9000000000000341,0.9766666666666667,0.9833333333333333,2.0,261,390,279,221,1.0,0.935483870967742,1.0,0.497737556561086,CS_on_mean
0.9,100,500,False,True,False,False,"{'transform_func': <function transform_X at 0x7f496a613370>, 'beta': array([1, 2, 3, 4]), 'uniform_range_x': [-2, 2]}",<function generate_sim_data at 0x7f4967c62050>,1,0,"[{'n_iter': 200, 'patience': 100, 'input_size': 1, 'h_sizes': [40, 40]}]",[<class 'models.NueralNet'>],300,1,False,True,,,0.9,,,,,,,267,291,279,221,1.0,0.956989247311828,1.0,0.9457013574660633,naive_on_mean
0.9,100,500,False,True,False,False,"{'transform_func': <function transform_X at 0x7f496a613370>, 'beta': array([1, 2, 3, 4]), 'uniform_range_x': [-2, 2]}",<function generate_sim_data at 0x7f4967c62050>,1,0,"[{'n_iter': 200, 'patience': 100, 'input_size': 1, 'h_sizes': [40, 40]}]",[<class 'models.NueralNet'>],300,1,False,True,True,True,0.9000000000000341,0.98,0.8933333333333333,0.9000000000000341,0.98,1.0,147.0,92,484,281,219,1.0,0.32740213523131667,1.0,0.0730593607305936,CS_on_y
0.9,100,500,False,True,False,False,"{'transform_func': <function transform_X at 0x7f496a613370>, 'beta': array([1, 2, 3, 4]), 'uniform_range_x': [-2, 2]}",<function generate_sim_data at 0x7f4967c62050>,1,0,"[{'n_iter': 200, 'patience': 100, 'input_size': 1, 'h_sizes': [40, 40]}]",[<class 'models.NueralNet'>],300,1,False,True,,,0.9,,,,,,,211,375,281,219,1.0,0.7508896797153025,1.0,0.5707762557077626,naive_on_y
0.9,100,500,False,True,False,False,"{'transform_func': <function transform_X at 0x7f496a613370>, 'beta': array([1, 2, 3, 4]), 'uniform_range_x': [-2, 2]}",<function generate_sim_data at 0x7f4967c62050>,1,0,"[{'n_iter': 200, 'patience': 100, 'input_size': 1, 'h_sizes': [40, 40]}]",[<class 'models.NueralNet'>],300,1,False,True,True,True,0.9000000000000341,0.98,0.9033333333333333,0.9000000000000341,0.98,0.9866666666666667,5.0,207,359,232,268,1.0,0.8922413793103449,1.0,0.5261194029850746,CS_on_mean
0.9,100,500,False,True,False,False,"{'transform_func': <function transform_X at 0x7f496a613370>, 'beta': array([1, 2, 3, 4]), 'uniform_range_x': [-2, 2]}",<function generate_sim_data at 0x7f4967c62050>,1,0,"[{'n_iter': 200, 'patience': 100, 'input_size': 1, 'h_sizes': [40, 40]}]",[<class 'models.NueralNet'>],300,1,False,True,,,0.9,,,,,,,221,260,232,268,1.0,0.9525862068965517,1.0,0.8955223880597015,naive_on_mean
0.9,100,500,False,True,False,False,"{'transform_func': <function transform_X at 0x7f496a613370>, 'beta': array([1, 2, 3, 4]), 'uniform_range_x': [-2, 2]}",<function generate_sim_data at 0x7f4967c62050>,1,0,"[{'n_iter': 200, 'patience': 100, 'input_size': 1, 'h_sizes': [40, 40]}]",[<class 'models.NueralNet'>],300,1,False,True,True,True,0.9000000000000341,0.9566666666666667,0.8033333333333332,0.9000000000000341,0.9566666666666667,0.9966666666666667,28.0,118,500,239,261,1.0,0.4937238493723849,1.0,0.0,CS_on_y
0.9,100,500,False,True,False,False,"{'transform_func': <function transform_X at 0x7f496a613370>, 'beta': array([1, 2, 3, 4]), 'uniform_range_x': [-2, 2]}",<function generate_sim_data at 0x7f4967c62050>,1,0,"[{'n_iter': 200, 'patience': 100, 'input_size': 1, 'h_sizes': [40, 40]}]",[<class 'models.NueralNet'>],300,1,False,True,,,0.9,,,,,,,181,417,239,261,1.0,0.7573221757322176,1.0,0.31800766283524906,naive_on_y
0.9,100,500,False,True,False,False,"{'transform_func': <function transform_X at 0x7f496a613370>, 'beta': array([1, 2, 3, 4]), 'uniform_range_x': [-2, 2]}",<function generate_sim_data at 0x7f4967c62050>,1,0,"[{'n_iter': 200, 'patience': 100, 'input_size': 1, 'h_sizes': [40, 40]}]",[<class 'models.NueralNet'>],300,1,False,True,True,True,0.8999999999999773,0.97,0.8700000000000001,0.8999999999999773,0.97,0.9866666666666667,6.0,230,334,260,240,1.0,0.8846153846153846,1.0,0.6916666666666667,CS_on_mean
0.9,100,500,False,True,False,False,"{'transform_func': <function transform_X at 0x7f496a613370>, 'beta': array([1, 2, 3, 4]), 'uniform_range_x': [-2, 2]}",<function generate_sim_data at 0x7f4967c62050>,1,0,"[{'n_iter': 200, 'patience': 100, 'input_size': 1, 'h_sizes': [40, 40]}]",[<class 'models.NueralNet'>],300,1,False,True,,,0.9,,,,,,,234,286,260,240,1.0,0.9,1.0,0.8916666666666666,naive_on_mean
0.9,100,500,False,True,False,False,"{'transform_func': <function transform_X at 0x7f496a613370>, 'beta': array([1, 2, 3, 4]), 'uniform_range_x': [-2, 2]}",<function generate_sim_data at 0x7f4967c62050>,1,0,"[{'n_iter': 200, 'patience': 100, 'input_size': 1, 'h_sizes': [40, 40]}]",[<class 'models.NueralNet'>],300,1,False,True,True,True,0.8999999999999773,0.9633333333333334,0.7,0.8999999999999773,0.9633333333333334,0.9966666666666667,16.0,137,500,253,247,1.0,0.541501976284585,1.0,0.0,CS_on_y
0.9,100,500,False,True,False,False,"{'transform_func': <function transform_X at 0x7f496a613370>, 'beta': array([1, 2, 3, 4]), 'uniform_range_x': [-2, 2]}",<function generate_sim_data at 0x7f4967c62050>,1,0,"[{'n_iter': 200, 'patience': 100, 'input_size': 1, 'h_sizes': [40, 40]}]",[<class 'models.NueralNet'>],300,1,False,True,,,0.9,,,,,,,179,432,253,247,1.0,0.7075098814229249,1.0,0.2753036437246964,naive_on_y
0.9,100,500,False,True,False,False,"{'transform_func': <function transform_X at 0x7f496a613370>, 'beta': array([1, 2, 3, 4]), 'uniform_range_x': [-2, 2]}",<function generate_sim_data at 0x7f4967c62050>,1,0,"[{'n_iter': 200, 'patience': 100, 'input_size': 1, 'h_sizes': [40, 40]}]",[<class 'models.NueralNet'>],300,1,False,True,True,True,0.9000000000000341,0.97,0.78,0.9000000000000341,0.97,0.9866666666666667,15.0,230,283,252,248,1.0,0.9126984126984127,1.0,0.875,CS_on_mean
0.9,100,500,False,True,False,False,"{'transform_func': <function transform_X at 0x7f496a613370>, 'beta': array([1, 2, 3, 4]), 'uniform_range_x': [-2, 2]}",<function generate_sim_data at 0x7f4967c62050>,1,0,"[{'n_iter': 200, 'patience': 100, 'input_size': 1, 'h_sizes': [40, 40]}]",[<class 'models.NueralNet'>],300,1,False,True,,,0.9,,,,,,,233,274,252,248,1.0,0.9246031746031746,1.0,0.9112903225806451,naive_on_mean
0.9,100,500,False,True,False,False,"{'transform_func': <function transform_X at 0x7f496a613370>, 'beta': array([1, 2, 3, 4]), 'uniform_range_x': [-2, 2]}",<function generate_sim_data at 0x7f4967c62050>,1,0,"[{'n_iter': 200, 'patience': 100, 'input_size': 1, 'h_sizes': [40, 40]}]",[<class 'models.NueralNet'>],300,1,False,True,True,True,0.9000000000000341,0.9666666666666667,0.6200000000000001,0.9000000000000341,0.9666666666666667,0.9833333333333333,7.0,171,397,263,237,1.0,0.6501901140684411,1.0,0.4345991561181435,CS_on_y
0.9,100,500,False,True,False,False,"{'transform_func': <function transform_X at 0x7f496a613370>, 'beta': array([1, 2, 3, 4]), 'uniform_range_x': [-2, 2]}",<function generate_sim_data at 0x7f4967c62050>,1,0,"[{'n_iter': 200, 'patience': 100, 'input_size': 1, 'h_sizes': [40, 40]}]",[<class 'models.NueralNet'>],300,1,False,False,,,0.9,,,,,,,197,339,263,237,1.0,0.7490494296577948,0.9937888198757764,0.6751054852320675,naive_on_y
0.9,100,500,False,True,False,False,"{'transform_func': <function transform_X at 0x7f496a613370>, 'beta': array([1, 2, 3, 4]), 'uniform_range_x': [-2, 2]}",<function generate_sim_data at 0x7f4967c62050>,1,0,"[{'n_iter': 200, 'patience': 100, 'input_size': 1, 'h_sizes': [40, 40]}]",[<class 'models.NueralNet'>],300,1,False,True,True,True,0.8999999999999773,0.9666666666666667,0.8599999999999999,0.8999999999999773,0.9666666666666667,0.98,12.0,233,394,256,244,1.0,0.91015625,1.0,0.43442622950819676,CS_on_mean
0.9,100,500,False,True,False,False,"{'transform_func': <function transform_X at 0x7f496a613370>, 'beta': array([1, 2, 3, 4]), 'uniform_range_x': [-2, 2]}",<function generate_sim_data at 0x7f4967c62050>,1,0,"[{'n_iter': 200, 'patience': 100, 'input_size': 1, 'h_sizes': [40, 40]}]",[<class 'models.NueralNet'>],300,1,False,True,,,0.9,,,,,,,241,286,256,244,1.0,0.94140625,1.0,0.8770491803278688,naive_on_mean
0.9,100,500,False,True,False,False,"{'transform_func': <function transform_X at 0x7f496a613370>, 'beta': array([1, 2, 3, 4]), 'uniform_range_x': [-2, 2]}",<function generate_sim_data at 0x7f4967c62050>,1,0,"[{'n_iter': 200, 'patience': 100, 'input_size': 1, 'h_sizes': [40, 40]}]",[<class 'models.NueralNet'>],300,1,False,True,True,True,0.9000000000000341,0.97,0.8366666666666667,0.9000000000000341,0.97,0.9966666666666667,44.0,142,481,265,235,1.0,0.5358490566037736,1.0,0.08085106382978724,CS_on_y
0.9,100,500,False,True,False,False,"{'transform_func': <function transform_X at 0x7f496a613370>, 'beta': array([1, 2, 3, 4]), 'uniform_range_x': [-2, 2]}",<function generate_sim_data at 0x7f4967c62050>,1,0,"[{'n_iter': 200, 'patience': 100, 'input_size': 1, 'h_sizes': [40, 40]}]",[<class 'models.NueralNet'>],300,1,False,True,,,0.9,,,,,,,194,416,265,235,1.0,0.7320754716981133,1.0,0.35744680851063826,naive_on_y
0.9,100,500,False,True,False,False,"{'transform_func': <function transform_X at 0x7f496a613370>, 'beta': array([1, 2, 3, 4]), 'uniform_range_x': [-2, 2]}",<function generate_sim_data at 0x7f4967c62050>,1,0,"[{'n_iter': 200, 'patience': 100, 'input_size': 1, 'h_sizes': [40, 40]}]",[<class 'models.NueralNet'>],300,1,False,True,True,True,0.9000000000000341,0.97,0.8733333333333333,0.9000000000000341,0.97,0.9833333333333333,13.0,260,323,285,215,1.0,0.9122807017543859,1.0,0.8232558139534883,CS_on_mean
0.9,100,500,False,True,False,False,"{'transform_func': <function transform_X at 0x7f496a613370>, 'beta': array([1, 2, 3, 4]), 'uniform_range_x': [-2, 2]}",<function generate_sim_data at 0x7f4967c62050>,1,0,"[{'n_iter': 200, 'patience': 100, 'input_size': 1, 'h_sizes': [40, 40]}]",[<class 'models.NueralNet'>],300,1,False,True,,,0.9,,,,,,,273,313,285,215,1.0,0.9578947368421052,1.0,0.8697674418604651,naive_on_mean
0.9,100,500,False,True,False,False,"{'transform_func': <function transform_X at 0x7f496a613370>, 'beta': array([1, 2, 3, 4]), 'uniform_range_x': [-2, 2]}",<function generate_sim_data at 0x7f4967c62050>,1,0,"[{'n_iter': 200, 'patience': 100, 'input_size': 1, 'h_sizes': [40, 40]}]",[<class 'models.NueralNet'>],300,1,False,True,True,True,0.8999999999999773,0.9666666666666667,0.73,0.8999999999999773,0.9666666666666667,0.9966666666666667,32.0,155,500,278,222,1.0,0.5575539568345323,1.0,0.0,CS_on_y
0.9,100,500,False,True,False,False,"{'transform_func': <function transform_X at 0x7f496a613370>, 'beta': array([1, 2, 3, 4]), 'uniform_range_x': [-2, 2]}",<function generate_sim_data at 0x7f4967c62050>,1,0,"[{'n_iter': 200, 'patience': 100, 'input_size': 1, 'h_sizes': [40, 40]}]",[<class 'models.NueralNet'>],300,1,False,True,,,0.9,,,,,,,227,431,278,222,1.0,0.8165467625899281,1.0,0.31081081081081086,naive_on_y
0.9,100,500,False,True,False,False,"{'transform_func': <function transform_X at 0x7f496a613370>, 'beta': array([1, 2, 3, 4]), 'uniform_range_x': [-2, 2]}",<function generate_sim_data at 0x7f4967c62050>,1,0,"[{'n_iter': 200, 'patience': 100, 'input_size': 1, 'h_sizes': [40, 40]}]",[<class 'models.NueralNet'>],300,1,False,True,True,True,0.8999999999999773,0.9833333333333333,0.9066666666666667,0.8999999999999773,0.9833333333333333,0.9933333333333333,6.0,248,313,276,224,1.0,0.8985507246376812,1.0,0.8348214285714286,CS_on_mean
0.9,100,500,False,True,False,False,"{'transform_func': <function transform_X at 0x7f496a613370>, 'beta': array([1, 2, 3, 4]), 'uniform_range_x': [-2, 2]}",<function generate_sim_data at 0x7f4967c62050>,1,0,"[{'n_iter': 200, 'patience': 100, 'input_size': 1, 'h_sizes': [40, 40]}]",[<class 'models.NueralNet'>],300,1,False,True,,,0.9,,,,,,,262,296,276,224,1.0,0.9492753623188406,1.0,0.9107142857142857,naive_on_mean
0.9,100,500,False,True,False,False,"{'transform_func': <function transform_X at 0x7f496a613370>, 'beta': array([1, 2, 3, 4]), 'uniform_range_x': [-2, 2]}",<function generate_sim_data at 0x7f4967c62050>,1,0,"[{'n_iter': 200, 'patience': 100, 'input_size': 1, 'h_sizes': [40, 40]}]",[<class 'models.NueralNet'>],300,1,False,True,True,True,0.8999999999999773,0.9766666666666667,0.8233333333333333,0.8999999999999773,0.9766666666666667,0.9966666666666667,28.0,160,435,275,225,1.0,0.5818181818181818,1.0,0.28888888888888886,CS_on_y
0.9,100,500,False,True,False,False,"{'transform_func': <function transform_X at 0x7f496a613370>, 'beta': array([1, 2, 3, 4]), 'uniform_range_x': [-2, 2]}",<function generate_sim_data at 0x7f4967c62050>,1,0,"[{'n_iter': 200, 'patience': 100, 'input_size': 1, 'h_sizes': [40, 40]}]",[<class 'models.NueralNet'>],300,1,False,True,,,0.9,,,,,,,223,336,275,225,1.0,0.8109090909090909,1.0,0.7288888888888889,naive_on_y
0.9,100,500,False,True,False,False,"{'transform_func': <function transform_X at 0x7f496a613370>, 'beta': array([1, 2, 3, 4]), 'uniform_range_x': [-2, 2]}",<function generate_sim_data at 0x7f4967c62050>,1,0,"[{'n_iter': 200, 'patience': 100, 'input_size': 1, 'h_sizes': [40, 40]}]",[<class 'models.NueralNet'>],300,1,False,True,True,True,0.9000000000000341,0.9466666666666667,0.77,0.9000000000000341,0.9466666666666667,0.9833333333333333,7.0,253,305,284,216,1.0,0.8908450704225352,1.0,0.9027777777777778,CS_on_mean
0.9,100,500,False,True,False,False,"{'transform_func': <function transform_X at 0x7f496a613370>, 'beta': array([1, 2, 3, 4]), 'uniform_range_x': [-2, 2]}",<function generate_sim_data at 0x7f4967c62050>,1,0,"[{'n_iter': 200, 'patience': 100, 'input_size': 1, 'h_sizes': [40, 40]}]",[<class 'models.NueralNet'>],300,1,False,True,,,0.9,,,,,,,261,296,284,216,1.0,0.9190140845070423,1.0,0.9444444444444444,naive_on_mean
0.9,100,500,False,True,False,False,"{'transform_func': <function transform_X at 0x7f496a613370>, 'beta': array([1, 2, 3, 4]), 'uniform_range_x': [-2, 2]}",<function generate_sim_data at 0x7f4967c62050>,1,0,"[{'n_iter': 200, 'patience': 100, 'input_size': 1, 'h_sizes': [40, 40]}]",[<class 'models.NueralNet'>],300,1,False,True,True,True,0.8999999999999773,0.9533333333333334,0.6299999999999999,0.8999999999999773,0.9533333333333334,0.9866666666666667,8.0,150,487,272,228,1.0,0.5514705882352942,1.0,0.05701754385964908,CS_on_y
0.9,100,500,False,True,False,False,"{'transform_func': <function transform_X at 0x7f496a613370>, 'beta': array([1, 2, 3, 4]), 'uniform_range_x': [-2, 2]}",<function generate_sim_data at 0x7f4967c62050>,1,0,"[{'n_iter': 200, 'patience': 100, 'input_size': 1, 'h_sizes': [40, 40]}]",[<class 'models.NueralNet'>],300,1,False,False,,,0.9,,,,,,,204,433,272,228,0.9950980392156863,0.7463235294117647,1.0,0.29385964912280704,naive_on_y
0.9,100,500,False,True,False,False,"{'transform_func': <function transform_X at 0x7f496a613370>, 'beta': array([1, 2, 3, 4]), 'uniform_range_x': [-2, 2]}",<function generate_sim_data at 0x7f4967c62050>,1,0,"[{'n_iter': 200, 'patience': 100, 'input_size': 1, 'h_sizes': [40, 40]}]",[<class 'models.NueralNet'>],300,1,False,True,False,True,0.9000000000000341,0.9933333333333333,0.8466666666666667,0.9000000000000341,0.9933333333333333,0.9966666666666667,4.0,267,358,291,209,1.0,0.9175257731958762,1.0,0.6794258373205742,CS_on_mean
0.9,100,500,False,True,False,False,"{'transform_func': <function transform_X at 0x7f496a613370>, 'beta': array([1, 2, 3, 4]), 'uniform_range_x': [-2, 2]}",<function generate_sim_data at 0x7f4967c62050>,1,0,"[{'n_iter': 200, 'patience': 100, 'input_size': 1, 'h_sizes': [40, 40]}]",[<class 'models.NueralNet'>],300,1,False,True,,,0.9,,,,,,,279,329,291,209,1.0,0.9587628865979382,1.0,0.8181818181818181,naive_on_mean
0.9,100,500,False,True,False,False,"{'transform_func': <function transform_X at 0x7f496a613370>, 'beta': array([1, 2, 3, 4]), 'uniform_range_x': [-2, 2]}",<function generate_sim_data at 0x7f4967c62050>,1,0,"[{'n_iter': 200, 'patience': 100, 'input_size': 1, 'h_sizes': [40, 40]}]",[<class 'models.NueralNet'>],300,1,False,True,True,True,0.8999999999999773,0.9766666666666667,0.8666666666666667,0.8999999999999773,0.9766666666666667,1.0,36.0,143,493,297,203,1.0,0.4814814814814815,1.0,0.03448275862068961,CS_on_y
0.9,100,500,False,True,False,False,"{'transform_func': <function transform_X at 0x7f496a613370>, 'beta': array([1, 2, 3, 4]), 'uniform_range_x': [-2, 2]}",<function generate_sim_data at 0x7f4967c62050>,1,0,"[{'n_iter': 200, 'patience': 100, 'input_size': 1, 'h_sizes': [40, 40]}]",[<class 'models.NueralNet'>],300,1,False,True,,,0.9,,,,,,,236,433,297,203,1.0,0.7946127946127945,1.0,0.3300492610837439,naive_on_y
0.9,100,500,False,True,False,False,"{'transform_func': <function transform_X at 0x7f496a613370>, 'beta': array([1, 2, 3, 4]), 'uniform_range_x': [-2, 2]}",<function generate_sim_data at 0x7f4967c62050>,1,0,"[{'n_iter': 200, 'patience': 100, 'input_size': 1, 'h_sizes': [40, 40]}]",[<class 'models.NueralNet'>],300,1,False,True,True,True,0.9000000000000341,0.98,0.8466666666666667,0.9000000000000341,0.98,0.9866666666666667,3.0,264,334,283,217,1.0,0.9328621908127208,1.0,0.7649769585253456,CS_on_mean
0.9,100,500,False,True,False,False,"{'transform_func': <function transform_X at 0x7f496a613370>, 'beta': array([1, 2, 3, 4]), 'uniform_range_x': [-2, 2]}",<function generate_sim_data at 0x7f4967c62050>,1,0,"[{'n_iter': 200, 'patience': 100, 'input_size': 1, 'h_sizes': [40, 40]}]",[<class 'models.NueralNet'>],300,1,False,True,,,0.9,,,,,,,272,298,283,217,1.0,0.9611307420494699,1.0,0.9308755760368663,naive_on_mean
0.9,100,500,False,True,False,False,"{'transform_func': <function transform_X at 0x7f496a613370>, 'beta': array([1, 2, 3, 4]), 'uniform_range_x': [-2, 2]}",<function generate_sim_data at 0x7f4967c62050>,1,0,"[{'n_iter': 200, 'patience': 100, 'input_size': 1, 'h_sizes': [40, 40]}]",[<class 'models.NueralNet'>],300,1,False,True,True,True,0.9000000000000341,0.9733333333333334,0.8766666666666665,0.9000000000000341,0.9733333333333334,0.9966666666666667,39.0,121,473,285,215,1.0,0.4245614035087719,1.0,0.12558139534883717,CS_on_y
0.9,100,500,False,True,False,False,"{'transform_func': <function transform_X at 0x7f496a613370>, 'beta': array([1, 2, 3, 4]), 'uniform_range_x': [-2, 2]}",<function generate_sim_data at 0x7f4967c62050>,1,0,"[{'n_iter': 200, 'patience': 100, 'input_size': 1, 'h_sizes': [40, 40]}]",[<class 'models.NueralNet'>],300,1,False,True,,,0.9,,,,,,,214,347,285,215,1.0,0.7508771929824561,1.0,0.7116279069767442,naive_on_y
0.9,100,500,False,True,False,False,"{'transform_func': <function transform_X at 0x7f496a613370>, 'beta': array([1, 2, 3, 4]), 'uniform_range_x': [-2, 2]}",<function generate_sim_data at 0x7f4967c62050>,1,0,"[{'n_iter': 200, 'patience': 100, 'input_size': 1, 'h_sizes': [40, 40]}]",[<class 'models.NueralNet'>],300,1,False,False,True,True,0.9000000000000341,0.9566666666666667,0.8833333333333333,0.9000000000000341,0.9566666666666667,0.9833333333333333,14.0,223,289,262,238,1.0,0.851145038167939,0.990521327014218,0.8781512605042017,CS_on_mean
0.9,100,500,False,True,False,False,"{'transform_func': <function transform_X at 0x7f496a613370>, 'beta': array([1, 2, 3, 4]), 'uniform_range_x': [-2, 2]}",<function generate_sim_data at 0x7f4967c62050>,1,0,"[{'n_iter': 200, 'patience': 100, 'input_size': 1, 'h_sizes': [40, 40]}]",[<class 'models.NueralNet'>],300,1,False,True,,,0.9,,,,,,,241,290,262,238,1.0,0.9198473282442748,1.0,0.8823529411764706,naive_on_mean
0.9,100,500,False,True,False,False,"{'transform_func': <function transform_X at 0x7f496a613370>, 'beta': array([1, 2, 3, 4]), 'uniform_range_x': [-2, 2]}",<function generate_sim_data at 0x7f4967c62050>,1,0,"[{'n_iter': 200, 'patience': 100, 'input_size': 1, 'h_sizes': [40, 40]}]",[<class 'models.NueralNet'>],300,1,False,True,True,True,0.9000000000000341,0.9633333333333334,0.7366666666666668,0.9000000000000341,0.9633333333333334,1.0,22.0,142,419,271,229,1.0,0.5239852398523985,1.0,0.35371179039301315,CS_on_y
0.9,100,500,False,True,False,False,"{'transform_func': <function transform_X at 0x7f496a613370>, 'beta': array([1, 2, 3, 4]), 'uniform_range_x': [-2, 2]}",<function generate_sim_data at 0x7f4967c62050>,1,0,"[{'n_iter': 200, 'patience': 100, 'input_size': 1, 'h_sizes': [40, 40]}]",[<class 'models.NueralNet'>],300,1,False,True,,,0.9,,,,,,,202,329,271,229,1.0,0.7453874538745388,1.0,0.7467248908296944,naive_on_y
0.9,100,500,False,True,False,False,"{'transform_func': <function transform_X at 0x7f496a613370>, 'beta': array([1, 2, 3, 4]), 'uniform_range_x': [-2, 2]}",<function generate_sim_data at 0x7f4967c62050>,1,0,"[{'n_iter': 200, 'patience': 100, 'input_size': 1, 'h_sizes': [40, 40]}]",[<class 'models.NueralNet'>],300,1,False,True,True,True,0.8999999999999773,0.98,0.9566666666666666,0.8999999999999773,0.98,0.99,15.0,233,401,275,225,1.0,0.8472727272727273,1.0,0.43999999999999995,CS_on_mean
0.9,100,500,False,True,False,False,"{'transform_func': <function transform_X at 0x7f496a613370>, 'beta': array([1, 2, 3, 4]), 'uniform_range_x': [-2, 2]}",<function generate_sim_data at 0x7f4967c62050>,1,0,"[{'n_iter': 200, 'patience': 100, 'input_size': 1, 'h_sizes': [40, 40]}]",[<class 'models.NueralNet'>],300,1,False,True,,,0.9,,,,,,,253,305,275,225,1.0,0.92,1.0,0.8666666666666667,naive_on_mean
0.9,100,500,False,True,False,False,"{'transform_func': <function transform_X at 0x7f496a613370>, 'beta': array([1, 2, 3, 4]), 'uniform_range_x': [-2, 2]}",<function generate_sim_data at 0x7f4967c62050>,1,0,"[{'n_iter': 200, 'patience': 100, 'input_size': 1, 'h_sizes': [40, 40]}]",[<class 'models.NueralNet'>],300,1,False,True,True,True,0.9000000000000341,0.9633333333333334,0.8333333333333333,0.9000000000000341,0.9633333333333334,0.9966666666666667,47.0,113,500,270,230,1.0,0.4185185185185185,1.0,0.0,CS_on_y
0.9,100,500,False,True,False,False,"{'transform_func': <function transform_X at 0x7f496a613370>, 'beta': array([1, 2, 3, 4]), 'uniform_range_x': [-2, 2]}",<function generate_sim_data at 0x7f4967c62050>,1,0,"[{'n_iter': 200, 'patience': 100, 'input_size': 1, 'h_sizes': [40, 40]}]",[<class 'models.NueralNet'>],300,1,False,True,,,0.9,,,,,,,204,390,270,230,1.0,0.7555555555555555,1.0,0.4782608695652174,naive_on_y
0.9,100,500,False,True,False,False,"{'transform_func': <function transform_X at 0x7f496a613370>, 'beta': array([1, 2, 3, 4]), 'uniform_range_x': [-2, 2]}",<function generate_sim_data at 0x7f4967c62050>,1,0,"[{'n_iter': 200, 'patience': 100, 'input_size': 1, 'h_sizes': [40, 40]}]",[<class 'models.NueralNet'>],300,1,False,True,True,True,0.8999999999999773,0.9933333333333333,0.9666666666666668,0.8999999999999773,0.9933333333333333,1.0,7.0,188,322,263,237,1.0,0.714828897338403,1.0,0.751054852320675,CS_on_mean
0.9,100,500,False,True,False,False,"{'transform_func': <function transform_X at 0x7f496a613370>, 'beta': array([1, 2, 3, 4]), 'uniform_range_x': [-2, 2]}",<function generate_sim_data at 0x7f4967c62050>,1,0,"[{'n_iter': 200, 'patience': 100, 'input_size': 1, 'h_sizes': [40, 40]}]",[<class 'models.NueralNet'>],300,1,False,True,,,0.9,,,,,,,242,286,263,237,1.0,0.9201520912547528,1.0,0.9029535864978903,naive_on_mean
0.9,100,500,False,True,False,False,"{'transform_func': <function transform_X at 0x7f496a613370>, 'beta': array([1, 2, 3, 4]), 'uniform_range_x': [-2, 2]}",<function generate_sim_data at 0x7f4967c62050>,1,0,"[{'n_iter': 200, 'patience': 100, 'input_size': 1, 'h_sizes': [40, 40]}]",[<class 'models.NueralNet'>],300,1,False,True,True,True,0.9000000000000341,0.9766666666666667,0.9266666666666667,0.9000000000000341,0.9766666666666667,1.0,41.0,73,500,264,236,1.0,0.2765151515151515,1.0,0.0,CS_on_y
0.9,100,500,False,True,False,False,"{'transform_func': <function transform_X at 0x7f496a613370>, 'beta': array([1, 2, 3, 4]), 'uniform_range_x': [-2, 2]}",<function generate_sim_data at 0x7f4967c62050>,1,0,"[{'n_iter': 200, 'patience': 100, 'input_size': 1, 'h_sizes': [40, 40]}]",[<class 'models.NueralNet'>],300,1,False,True,,,0.9,,,,,,,194,344,264,236,1.0,0.7348484848484849,1.0,0.6610169491525424,naive_on_y
0.9,100,500,False,True,False,False,"{'transform_func': <function transform_X at 0x7f496a613370>, 'beta': array([1, 2, 3, 4]), 'uniform_range_x': [-2, 2]}",<function generate_sim_data at 0x7f4967c62050>,1,0,"[{'n_iter': 200, 'patience': 100, 'input_size': 1, 'h_sizes': [40, 40]}]",[<class 'models.NueralNet'>],300,1,False,True,True,True,0.9000000000000341,0.96,0.8366666666666667,0.9000000000000341,0.96,0.9866666666666667,11.0,254,318,276,224,1.0,0.9202898550724637,1.0,0.8125,CS_on_mean
0.9,100,500,False,True,False,False,"{'transform_func': <function transform_X at 0x7f496a613370>, 'beta': array([1, 2, 3, 4]), 'uniform_range_x': [-2, 2]}",<function generate_sim_data at 0x7f4967c62050>,1,0,"[{'n_iter': 200, 'patience': 100, 'input_size': 1, 'h_sizes': [40, 40]}]",[<class 'models.NueralNet'>],300,1,False,True,,,0.9,,,,,,,256,310,276,224,1.0,0.927536231884058,1.0,0.8482142857142857,naive_on_mean
0.9,100,500,False,True,False,False,"{'transform_func': <function transform_X at 0x7f496a613370>, 'beta': array([1, 2, 3, 4]), 'uniform_range_x': [-2, 2]}",<function generate_sim_data at 0x7f4967c62050>,1,0,"[{'n_iter': 200, 'patience': 100, 'input_size': 1, 'h_sizes': [40, 40]}]",[<class 'models.NueralNet'>],300,1,False,True,True,True,0.9000000000000341,0.9466666666666667,0.6699999999999999,0.9000000000000341,0.9466666666666667,0.9833333333333333,15.0,153,411,271,229,1.0,0.5645756457564576,1.0,0.388646288209607,CS_on_y
0.9,100,500,False,True,False,False,"{'transform_func': <function transform_X at 0x7f496a613370>, 'beta': array([1, 2, 3, 4]), 'uniform_range_x': [-2, 2]}",<function generate_sim_data at 0x7f4967c62050>,1,0,"[{'n_iter': 200, 'patience': 100, 'input_size': 1, 'h_sizes': [40, 40]}]",[<class 'models.NueralNet'>],300,1,False,True,,,0.9,,,,,,,208,356,271,229,1.0,0.7675276752767528,1.0,0.62882096069869,naive_on_y
0.9,100,500,False,True,False,False,"{'transform_func': <function transform_X at 0x7f496a613370>, 'beta': array([1, 2, 3, 4]), 'uniform_range_x': [-2, 2]}",<function generate_sim_data at 0x7f4967c62050>,1,0,"[{'n_iter': 200, 'patience': 100, 'input_size': 1, 'h_sizes': [40, 40]}]",[<class 'models.NueralNet'>],300,1,False,True,True,True,0.9000000000000341,0.9833333333333333,0.9033333333333333,0.9000000000000341,0.9833333333333333,0.9966666666666667,12.0,224,313,271,229,1.0,0.8265682656826568,1.0,0.8165938864628821,CS_on_mean
0.9,100,500,False,True,False,False,"{'transform_func': <function transform_X at 0x7f496a613370>, 'beta': array([1, 2, 3, 4]), 'uniform_range_x': [-2, 2]}",<function generate_sim_data at 0x7f4967c62050>,1,0,"[{'n_iter': 200, 'patience': 100, 'input_size': 1, 'h_sizes': [40, 40]}]",[<class 'models.NueralNet'>],300,1,False,True,,,0.9,,,,,,,250,292,271,229,1.0,0.9225092250922509,1.0,0.9082969432314411,naive_on_mean
0.9,100,500,False,True,False,False,"{'transform_func': <function transform_X at 0x7f496a613370>, 'beta': array([1, 2, 3, 4]), 'uniform_range_x': [-2, 2]}",<function generate_sim_data at 0x7f4967c62050>,1,0,"[{'n_iter': 200, 'patience': 100, 'input_size': 1, 'h_sizes': [40, 40]}]",[<class 'models.NueralNet'>],300,1,False,True,True,True,0.9000000000000341,0.98,0.8366666666666667,0.9000000000000341,0.98,1.0,29.0,113,479,265,235,1.0,0.42641509433962266,1.0,0.08936170212765959,CS_on_y
0.9,100,500,False,True,False,False,"{'transform_func': <function transform_X at 0x7f496a613370>, 'beta': array([1, 2, 3, 4]), 'uniform_range_x': [-2, 2]}",<function generate_sim_data at 0x7f4967c62050>,1,0,"[{'n_iter': 200, 'patience': 100, 'input_size': 1, 'h_sizes': [40, 40]}]",[<class 'models.NueralNet'>],300,1,False,True,,,0.9,,,,,,,196,336,265,235,1.0,0.739622641509434,1.0,0.6978723404255319,naive_on_y
0.9,100,500,False,True,False,False,"{'transform_func': <function transform_X at 0x7f496a613370>, 'beta': array([1, 2, 3, 4]), 'uniform_range_x': [-2, 2]}",<function generate_sim_data at 0x7f4967c62050>,1,0,"[{'n_iter': 200, 'patience': 100, 'input_size': 1, 'h_sizes': [40, 40]}]",[<class 'models.NueralNet'>],300,1,False,True,True,True,0.9000000000000341,0.9766666666666667,0.8033333333333332,0.9000000000000341,0.9766666666666667,0.9766666666666667,2.0,245,379,271,229,1.0,0.9040590405904059,1.0,0.5283842794759825,CS_on_mean
0.9,100,500,False,True,False,False,"{'transform_func': <function transform_X at 0x7f496a613370>, 'beta': array([1, 2, 3, 4]), 'uniform_range_x': [-2, 2]}",<function generate_sim_data at 0x7f4967c62050>,1,0,"[{'n_iter': 200, 'patience': 100, 'input_size': 1, 'h_sizes': [40, 40]}]",[<class 'models.NueralNet'>],300,1,False,True,,,0.9,,,,,,,254,290,271,229,1.0,0.9372693726937269,1.0,0.9170305676855895,naive_on_mean
0.9,100,500,False,True,False,False,"{'transform_func': <function transform_X at 0x7f496a613370>, 'beta': array([1, 2, 3, 4]), 'uniform_range_x': [-2, 2]}",<function generate_sim_data at 0x7f4967c62050>,1,0,"[{'n_iter': 200, 'patience': 100, 'input_size': 1, 'h_sizes': [40, 40]}]",[<class 'models.NueralNet'>],300,1,False,True,True,True,0.8999999999999773,0.9766666666666667,0.8566666666666667,0.8999999999999773,0.9766666666666667,0.9966666666666667,47.0,129,482,278,222,1.0,0.46402877697841727,1.0,0.08108108108108103,CS_on_y
0.9,100,500,False,True,False,False,"{'transform_func': <function transform_X at 0x7f496a613370>, 'beta': array([1, 2, 3, 4]), 'uniform_range_x': [-2, 2]}",<function generate_sim_data at 0x7f4967c62050>,1,0,"[{'n_iter': 200, 'patience': 100, 'input_size': 1, 'h_sizes': [40, 40]}]",[<class 'models.NueralNet'>],300,1,False,True,,,0.9,,,,,,,211,383,278,222,1.0,0.7589928057553956,1.0,0.527027027027027,naive_on_y
0.9,100,500,False,True,False,False,"{'transform_func': <function transform_X at 0x7f496a613370>, 'beta': array([1, 2, 3, 4]), 'uniform_range_x': [-2, 2]}",<function generate_sim_data at 0x7f4967c62050>,1,0,"[{'n_iter': 200, 'patience': 100, 'input_size': 1, 'h_sizes': [40, 40]}]",[<class 'models.NueralNet'>],300,1,False,False,False,True,0.9000000000000341,0.96,0.7866666666666666,0.9000000000000341,0.96,0.98,6.0,227,377,280,220,1.0,0.8107142857142857,0.967479674796748,0.5409090909090909,CS_on_mean
0.9,100,500,False,True,False,False,"{'transform_func': <function transform_X at 0x7f496a613370>, 'beta': array([1, 2, 3, 4]), 'uniform_range_x': [-2, 2]}",<function generate_sim_data at 0x7f4967c62050>,1,0,"[{'n_iter': 200, 'patience': 100, 'input_size': 1, 'h_sizes': [40, 40]}]",[<class 'models.NueralNet'>],300,1,False,True,,,0.9,,,,,,,254,294,280,220,1.0,0.9071428571428571,1.0,0.9363636363636364,naive_on_mean
0.9,100,500,False,True,False,False,"{'transform_func': <function transform_X at 0x7f496a613370>, 'beta': array([1, 2, 3, 4]), 'uniform_range_x': [-2, 2]}",<function generate_sim_data at 0x7f4967c62050>,1,0,"[{'n_iter': 200, 'patience': 100, 'input_size': 1, 'h_sizes': [40, 40]}]",[<class 'models.NueralNet'>],300,1,False,True,True,True,0.9000000000000341,0.9566666666666667,0.8266666666666667,0.9000000000000341,0.9566666666666667,0.9966666666666667,41.0,100,500,276,224,1.0,0.3623188405797102,1.0,0.0,CS_on_y
0.9,100,500,False,True,False,False,"{'transform_func': <function transform_X at 0x7f496a613370>, 'beta': array([1, 2, 3, 4]), 'uniform_range_x': [-2, 2]}",<function generate_sim_data at 0x7f4967c62050>,1,0,"[{'n_iter': 200, 'patience': 100, 'input_size': 1, 'h_sizes': [40, 40]}]",[<class 'models.NueralNet'>],300,1,False,True,,,0.9,,,,,,,199,420,276,224,1.0,0.7210144927536232,1.0,0.3571428571428571,naive_on_y
0.9,100,500,False,True,False,False,"{'transform_func': <function transform_X at 0x7f496a613370>, 'beta': array([1, 2, 3, 4]), 'uniform_range_x': [-2, 2]}",<function generate_sim_data at 0x7f4967c62050>,1,0,"[{'n_iter': 200, 'patience': 100, 'input_size': 1, 'h_sizes': [40, 40]}]",[<class 'models.NueralNet'>],300,1,False,True,True,True,0.9000000000000341,0.9666666666666667,0.8200000000000001,0.9000000000000341,0.9666666666666667,0.99,8.0,263,330,272,228,1.0,0.9669117647058824,1.0,0.7456140350877193,CS_on_mean
0.9,100,500,False,True,False,False,"{'transform_func': <function transform_X at 0x7f496a613370>, 'beta': array([1, 2, 3, 4]), 'uniform_range_x': [-2, 2]}",<function generate_sim_data at 0x7f4967c62050>,1,0,"[{'n_iter': 200, 'patience': 100, 'input_size': 1, 'h_sizes': [40, 40]}]",[<class 'models.NueralNet'>],300,1,False,True,,,0.9,,,,,,,262,305,272,228,1.0,0.9632352941176471,1.0,0.8552631578947368,naive_on_mean
0.9,100,500,False,True,False,False,"{'transform_func': <function transform_X at 0x7f496a613370>, 'beta': array([1, 2, 3, 4]), 'uniform_range_x': [-2, 2]}",<function generate_sim_data at 0x7f4967c62050>,1,0,"[{'n_iter': 200, 'patience': 100, 'input_size': 1, 'h_sizes': [40, 40]}]",[<class 'models.NueralNet'>],300,1,False,True,True,True,0.9000000000000341,0.9633333333333334,0.5866666666666667,0.9000000000000341,0.9633333333333334,0.9966666666666667,15.0,172,405,271,229,1.0,0.6346863468634687,1.0,0.41484716157205237,CS_on_y
0.9,100,500,False,True,False,False,"{'transform_func': <function transform_X at 0x7f496a613370>, 'beta': array([1, 2, 3, 4]), 'uniform_range_x': [-2, 2]}",<function generate_sim_data at 0x7f4967c62050>,1,0,"[{'n_iter': 200, 'patience': 100, 'input_size': 1, 'h_sizes': [40, 40]}]",[<class 'models.NueralNet'>],300,1,False,True,,,0.9,,,,,,,213,350,271,229,1.0,0.7859778597785978,1.0,0.6550218340611353,naive_on_y
0.9,100,500,False,True,False,False,"{'transform_func': <function transform_X at 0x7f496a613370>, 'beta': array([1, 2, 3, 4]), 'uniform_range_x': [-2, 2]}",<function generate_sim_data at 0x7f4967c62050>,1,0,"[{'n_iter': 200, 'patience': 100, 'input_size': 1, 'h_sizes': [40, 40]}]",[<class 'models.NueralNet'>],300,1,False,True,True,True,0.9000000000000341,0.9733333333333334,0.8199999999999998,0.9000000000000341,0.9733333333333334,0.98,7.0,263,315,278,222,1.0,0.9460431654676259,1.0,0.8333333333333334,CS_on_mean
0.9,100,500,False,True,False,False,"{'transform_func': <function transform_X at 0x7f496a613370>, 'beta': array([1, 2, 3, 4]), 'uniform_range_x': [-2, 2]}",<function generate_sim_data at 0x7f4967c62050>,1,0,"[{'n_iter': 200, 'patience': 100, 'input_size': 1, 'h_sizes': [40, 40]}]",[<class 'models.NueralNet'>],300,1,False,True,,,0.9,,,,,,,271,303,278,222,1.0,0.9748201438848921,1.0,0.8873873873873874,naive_on_mean
0.9,100,500,False,True,False,False,"{'transform_func': <function transform_X at 0x7f496a613370>, 'beta': array([1, 2, 3, 4]), 'uniform_range_x': [-2, 2]}",<function generate_sim_data at 0x7f4967c62050>,1,0,"[{'n_iter': 200, 'patience': 100, 'input_size': 1, 'h_sizes': [40, 40]}]",[<class 'models.NueralNet'>],300,1,False,True,True,True,0.8999999999999773,0.9566666666666667,0.7466666666666666,0.8999999999999773,0.9566666666666667,0.9966666666666667,33.0,157,466,277,223,1.0,0.5667870036101084,1.0,0.15246636771300448,CS_on_y
0.9,100,500,False,True,False,False,"{'transform_func': <function transform_X at 0x7f496a613370>, 'beta': array([1, 2, 3, 4]), 'uniform_range_x': [-2, 2]}",<function generate_sim_data at 0x7f4967c62050>,1,0,"[{'n_iter': 200, 'patience': 100, 'input_size': 1, 'h_sizes': [40, 40]}]",[<class 'models.NueralNet'>],300,1,False,True,,,0.9,,,,,,,228,344,277,223,1.0,0.8231046931407943,1.0,0.6995515695067265,naive_on_y
0.9,100,500,False,True,False,False,"{'transform_func': <function transform_X at 0x7f496a613370>, 'beta': array([1, 2, 3, 4]), 'uniform_range_x': [-2, 2]}",<function generate_sim_data at 0x7f4967c62050>,1,0,"[{'n_iter': 200, 'patience': 100, 'input_size': 1, 'h_sizes': [40, 40]}]",[<class 'models.NueralNet'>],300,1,False,True,True,True,0.9000000000000341,0.9833333333333333,0.9066666666666667,0.9000000000000341,0.9833333333333333,0.99,7.0,256,344,287,213,1.0,0.89198606271777,1.0,0.7323943661971831,CS_on_mean
0.9,100,500,False,True,False,False,"{'transform_func': <function transform_X at 0x7f496a613370>, 'beta': array([1, 2, 3, 4]), 'uniform_range_x': [-2, 2]}",<function generate_sim_data at 0x7f4967c62050>,1,0,"[{'n_iter': 200, 'patience': 100, 'input_size': 1, 'h_sizes': [40, 40]}]",[<class 'models.NueralNet'>],300,1,False,True,,,0.9,,,,,,,266,309,287,213,1.0,0.926829268292683,1.0,0.8967136150234741,naive_on_mean
0.9,100,500,False,True,False,False,"{'transform_func': <function transform_X at 0x7f496a613370>, 'beta': array([1, 2, 3, 4]), 'uniform_range_x': [-2, 2]}",<function generate_sim_data at 0x7f4967c62050>,1,0,"[{'n_iter': 200, 'patience': 100, 'input_size': 1, 'h_sizes': [40, 40]}]",[<class 'models.NueralNet'>],300,1,False,True,True,True,0.9000000000000341,0.97,0.8199999999999998,0.9000000000000341,0.97,0.9933333333333333,19.0,150,447,291,209,1.0,0.5154639175257731,1.0,0.2535885167464115,CS_on_y
0.9,100,500,False,True,False,False,"{'transform_func': <function transform_X at 0x7f496a613370>, 'beta': array([1, 2, 3, 4]), 'uniform_range_x': [-2, 2]}",<function generate_sim_data at 0x7f4967c62050>,1,0,"[{'n_iter': 200, 'patience': 100, 'input_size': 1, 'h_sizes': [40, 40]}]",[<class 'models.NueralNet'>],300,1,False,True,,,0.9,,,,,,,225,389,291,209,1.0,0.7731958762886598,1.0,0.5311004784688995,naive_on_y
0.9,100,500,False,True,False,False,"{'transform_func': <function transform_X at 0x7f496a613370>, 'beta': array([1, 2, 3, 4]), 'uniform_range_x': [-2, 2]}",<function generate_sim_data at 0x7f4967c62050>,1,0,"[{'n_iter': 200, 'patience': 100, 'input_size': 1, 'h_sizes': [40, 40]}]",[<class 'models.NueralNet'>],300,1,False,True,True,True,0.9000000000000341,0.9733333333333334,0.8833333333333333,0.9000000000000341,0.9733333333333334,0.9833333333333333,4.0,242,300,271,229,1.0,0.8929889298892989,1.0,0.8733624454148472,CS_on_mean
0.9,100,500,False,True,False,False,"{'transform_func': <function transform_X at 0x7f496a613370>, 'beta': array([1, 2, 3, 4]), 'uniform_range_x': [-2, 2]}",<function generate_sim_data at 0x7f4967c62050>,1,0,"[{'n_iter': 200, 'patience': 100, 'input_size': 1, 'h_sizes': [40, 40]}]",[<class 'models.NueralNet'>],300,1,False,True,,,0.9,,,,,,,255,297,271,229,1.0,0.940959409594096,1.0,0.8864628820960698,naive_on_mean
0.9,100,500,False,True,False,False,"{'transform_func': <function transform_X at 0x7f496a613370>, 'beta': array([1, 2, 3, 4]), 'uniform_range_x': [-2, 2]}",<function generate_sim_data at 0x7f4967c62050>,1,0,"[{'n_iter': 200, 'patience': 100, 'input_size': 1, 'h_sizes': [40, 40]}]",[<class 'models.NueralNet'>],300,1,False,True,True,True,0.9000000000000341,0.9566666666666667,0.6499999999999999,0.9000000000000341,0.9566666666666667,0.9933333333333333,25.0,150,457,271,229,1.0,0.5535055350553506,1.0,0.18777292576419213,CS_on_y
0.9,100,500,False,True,False,False,"{'transform_func': <function transform_X at 0x7f496a613370>, 'beta': array([1, 2, 3, 4]), 'uniform_range_x': [-2, 2]}",<function generate_sim_data at 0x7f4967c62050>,1,0,"[{'n_iter': 200, 'patience': 100, 'input_size': 1, 'h_sizes': [40, 40]}]",[<class 'models.NueralNet'>],300,1,False,True,,,0.9,,,,,,,206,366,271,229,1.0,0.7601476014760148,1.0,0.5851528384279476,naive_on_y
0.9,100,500,False,True,False,False,"{'transform_func': <function transform_X at 0x7f496a613370>, 'beta': array([1, 2, 3, 4]), 'uniform_range_x': [-2, 2]}",<function generate_sim_data at 0x7f4967c62050>,1,0,"[{'n_iter': 200, 'patience': 100, 'input_size': 1, 'h_sizes': [40, 40]}]",[<class 'models.NueralNet'>],300,1,False,True,True,True,0.8999999999999773,0.9733333333333334,0.8233333333333333,0.8999999999999773,0.9733333333333334,0.98,4.0,244,291,260,240,1.0,0.9384615384615385,1.0,0.8708333333333333,CS_on_mean
0.9,100,500,False,True,False,False,"{'transform_func': <function transform_X at 0x7f496a613370>, 'beta': array([1, 2, 3, 4]), 'uniform_range_x': [-2, 2]}",<function generate_sim_data at 0x7f4967c62050>,1,0,"[{'n_iter': 200, 'patience': 100, 'input_size': 1, 'h_sizes': [40, 40]}]",[<class 'models.NueralNet'>],300,1,False,True,,,0.9,,,,,,,247,270,260,240,1.0,0.95,1.0,0.9583333333333334,naive_on_mean
0.9,100,500,False,True,False,False,"{'transform_func': <function transform_X at 0x7f496a613370>, 'beta': array([1, 2, 3, 4]), 'uniform_range_x': [-2, 2]}",<function generate_sim_data at 0x7f4967c62050>,1,0,"[{'n_iter': 200, 'patience': 100, 'input_size': 1, 'h_sizes': [40, 40]}]",[<class 'models.NueralNet'>],300,1,False,True,True,True,0.8999999999999773,0.98,0.8433333333333333,0.8999999999999773,0.98,0.9966666666666667,64.0,141,420,262,238,1.0,0.5381679389312977,1.0,0.33613445378151263,CS_on_y
0.9,100,500,False,True,False,False,"{'transform_func': <function transform_X at 0x7f496a613370>, 'beta': array([1, 2, 3, 4]), 'uniform_range_x': [-2, 2]}",<function generate_sim_data at 0x7f4967c62050>,1,0,"[{'n_iter': 200, 'patience': 100, 'input_size': 1, 'h_sizes': [40, 40]}]",[<class 'models.NueralNet'>],300,1,False,False,,,0.9,,,,,,,202,327,262,238,0.995049504950495,0.767175572519084,1.0,0.7268907563025211,naive_on_y
0.9,100,500,False,True,False,False,"{'transform_func': <function transform_X at 0x7f496a613370>, 'beta': array([1, 2, 3, 4]), 'uniform_range_x': [-2, 2]}",<function generate_sim_data at 0x7f4967c62050>,1,0,"[{'n_iter': 200, 'patience': 100, 'input_size': 1, 'h_sizes': [40, 40]}]",[<class 'models.NueralNet'>],300,1,False,True,True,True,0.9000000000000341,0.9733333333333334,0.8999999999999999,0.9000000000000341,0.9733333333333334,0.99,23.0,216,466,249,251,1.0,0.8674698795180723,1.0,0.13545816733067728,CS_on_mean
0.9,100,500,False,True,False,False,"{'transform_func': <function transform_X at 0x7f496a613370>, 'beta': array([1, 2, 3, 4]), 'uniform_range_x': [-2, 2]}",<function generate_sim_data at 0x7f4967c62050>,1,0,"[{'n_iter': 200, 'patience': 100, 'input_size': 1, 'h_sizes': [40, 40]}]",[<class 'models.NueralNet'>],300,1,False,True,,,0.9,,,,,,,228,270,249,251,1.0,0.9156626506024097,1.0,0.9163346613545816,naive_on_mean
0.9,100,500,False,True,False,False,"{'transform_func': <function transform_X at 0x7f496a613370>, 'beta': array([1, 2, 3, 4]), 'uniform_range_x': [-2, 2]}",<function generate_sim_data at 0x7f4967c62050>,1,0,"[{'n_iter': 200, 'patience': 100, 'input_size': 1, 'h_sizes': [40, 40]}]",[<class 'models.NueralNet'>],300,1,False,True,True,True,0.9000000000000341,0.9733333333333334,0.7166666666666666,0.9000000000000341,0.9733333333333334,0.99,26.0,119,500,260,240,1.0,0.45769230769230773,1.0,0.0,CS_on_y
0.9,100,500,False,True,False,False,"{'transform_func': <function transform_X at 0x7f496a613370>, 'beta': array([1, 2, 3, 4]), 'uniform_range_x': [-2, 2]}",<function generate_sim_data at 0x7f4967c62050>,1,0,"[{'n_iter': 200, 'patience': 100, 'input_size': 1, 'h_sizes': [40, 40]}]",[<class 'models.NueralNet'>],300,1,False,True,,,0.9,,,,,,,183,450,260,240,1.0,0.7038461538461538,1.0,0.20833333333333337,naive_on_y
0.9,100,500,False,True,False,False,"{'transform_func': <function transform_X at 0x7f496a613370>, 'beta': array([1, 2, 3, 4]), 'uniform_range_x': [-2, 2]}",<function generate_sim_data at 0x7f4967c62050>,1,0,"[{'n_iter': 200, 'patience': 100, 'input_size': 1, 'h_sizes': [40, 40]}]",[<class 'models.NueralNet'>],300,1,False,True,True,True,0.8999999999999773,0.9666666666666667,0.8333333333333335,0.8999999999999773,0.9666666666666667,0.9833333333333333,6.0,247,292,263,237,1.0,0.9391634980988594,1.0,0.8776371308016877,CS_on_mean
0.9,100,500,False,True,False,False,"{'transform_func': <function transform_X at 0x7f496a613370>, 'beta': array([1, 2, 3, 4]), 'uniform_range_x': [-2, 2]}",<function generate_sim_data at 0x7f4967c62050>,1,0,"[{'n_iter': 200, 'patience': 100, 'input_size': 1, 'h_sizes': [40, 40]}]",[<class 'models.NueralNet'>],300,1,False,True,,,0.9,,,,,,,252,282,263,237,1.0,0.9581749049429658,1.0,0.919831223628692,naive_on_mean
0.9,100,500,False,True,False,False,"{'transform_func': <function transform_X at 0x7f496a613370>, 'beta': array([1, 2, 3, 4]), 'uniform_range_x': [-2, 2]}",<function generate_sim_data at 0x7f4967c62050>,1,0,"[{'n_iter': 200, 'patience': 100, 'input_size': 1, 'h_sizes': [40, 40]}]",[<class 'models.NueralNet'>],300,1,False,True,True,True,0.9000000000000341,0.97,0.7433333333333334,0.9000000000000341,0.97,0.9933333333333333,13.0,172,449,266,234,1.0,0.6466165413533835,1.0,0.21794871794871795,CS_on_y
0.9,100,500,False,True,False,False,"{'transform_func': <function transform_X at 0x7f496a613370>, 'beta': array([1, 2, 3, 4]), 'uniform_range_x': [-2, 2]}",<function generate_sim_data at 0x7f4967c62050>,1,0,"[{'n_iter': 200, 'patience': 100, 'input_size': 1, 'h_sizes': [40, 40]}]",[<class 'models.NueralNet'>],300,1,False,True,,,0.9,,,,,,,211,357,266,234,1.0,0.793233082706767,1.0,0.6111111111111112,naive_on_y
0.9,100,500,False,True,False,False,"{'transform_func': <function transform_X at 0x7f496a613370>, 'beta': array([1, 2, 3, 4]), 'uniform_range_x': [-2, 2]}",<function generate_sim_data at 0x7f4967c62050>,1,0,"[{'n_iter': 200, 'patience': 100, 'input_size': 1, 'h_sizes': [40, 40]}]",[<class 'models.NueralNet'>],300,1,False,True,True,True,0.9000000000000341,0.9866666666666667,0.9199999999999999,0.9000000000000341,0.9866666666666667,0.9966666666666667,6.0,192,304,249,251,1.0,0.7710843373493976,1.0,0.7808764940239044,CS_on_mean
0.9,100,500,False,True,False,False,"{'transform_func': <function transform_X at 0x7f496a613370>, 'beta': array([1, 2, 3, 4]), 'uniform_range_x': [-2, 2]}",<function generate_sim_data at 0x7f4967c62050>,1,0,"[{'n_iter': 200, 'patience': 100, 'input_size': 1, 'h_sizes': [40, 40]}]",[<class 'models.NueralNet'>],300,1,False,True,,,0.9,,,,,,,213,270,249,251,1.0,0.8554216867469879,1.0,0.9163346613545816,naive_on_mean
0.9,100,500,False,True,False,False,"{'transform_func': <function transform_X at 0x7f496a613370>, 'beta': array([1, 2, 3, 4]), 'uniform_range_x': [-2, 2]}",<function generate_sim_data at 0x7f4967c62050>,1,0,"[{'n_iter': 200, 'patience': 100, 'input_size': 1, 'h_sizes': [40, 40]}]",[<class 'models.NueralNet'>],300,1,False,True,True,True,0.8999999999999773,0.9733333333333334,0.7566666666666668,0.8999999999999773,0.9733333333333334,0.9966666666666667,22.0,125,429,252,248,1.0,0.49603174603174605,1.0,0.28629032258064513,CS_on_y
0.9,100,500,False,True,False,False,"{'transform_func': <function transform_X at 0x7f496a613370>, 'beta': array([1, 2, 3, 4]), 'uniform_range_x': [-2, 2]}",<function generate_sim_data at 0x7f4967c62050>,1,0,"[{'n_iter': 200, 'patience': 100, 'input_size': 1, 'h_sizes': [40, 40]}]",[<class 'models.NueralNet'>],300,1,False,False,,,0.9,,,,,,,178,333,252,248,1.0,0.7063492063492063,0.9940119760479041,0.6693548387096775,naive_on_y
0.9,100,500,False,True,False,False,"{'transform_func': <function transform_X at 0x7f496a613370>, 'beta': array([1, 2, 3, 4]), 'uniform_range_x': [-2, 2]}",<function generate_sim_data at 0x7f4967c62050>,1,0,"[{'n_iter': 200, 'patience': 100, 'input_size': 1, 'h_sizes': [40, 40]}]",[<class 'models.NueralNet'>],300,1,False,True,True,True,0.9000000000000341,0.9766666666666667,0.8400000000000001,0.9000000000000341,0.9766666666666667,0.9966666666666667,14.0,260,310,283,217,1.0,0.9187279151943463,1.0,0.8755760368663594,CS_on_mean
0.9,100,500,False,True,False,False,"{'transform_func': <function transform_X at 0x7f496a613370>, 'beta': array([1, 2, 3, 4]), 'uniform_range_x': [-2, 2]}",<function generate_sim_data at 0x7f4967c62050>,1,0,"[{'n_iter': 200, 'patience': 100, 'input_size': 1, 'h_sizes': [40, 40]}]",[<class 'models.NueralNet'>],300,1,False,True,,,0.9,,,,,,,266,301,283,217,1.0,0.9399293286219081,1.0,0.9170506912442397,naive_on_mean
0.9,100,500,False,True,False,False,"{'transform_func': <function transform_X at 0x7f496a613370>, 'beta': array([1, 2, 3, 4]), 'uniform_range_x': [-2, 2]}",<function generate_sim_data at 0x7f4967c62050>,1,0,"[{'n_iter': 200, 'patience': 100, 'input_size': 1, 'h_sizes': [40, 40]}]",[<class 'models.NueralNet'>],300,1,False,True,True,True,0.8999999999999773,0.9633333333333334,0.7933333333333334,0.8999999999999773,0.9633333333333334,1.0,32.0,153,481,282,218,1.0,0.5425531914893618,1.0,0.08715596330275233,CS_on_y
0.9,100,500,False,True,False,False,"{'transform_func': <function transform_X at 0x7f496a613370>, 'beta': array([1, 2, 3, 4]), 'uniform_range_x': [-2, 2]}",<function generate_sim_data at 0x7f4967c62050>,1,0,"[{'n_iter': 200, 'patience': 100, 'input_size': 1, 'h_sizes': [40, 40]}]",[<class 'models.NueralNet'>],300,1,False,True,,,0.9,,,,,,,220,367,282,218,1.0,0.7801418439716312,1.0,0.6100917431192661,naive_on_y
0.9,100,500,False,True,False,False,"{'transform_func': <function transform_X at 0x7f496a613370>, 'beta': array([1, 2, 3, 4]), 'uniform_range_x': [-2, 2]}",<function generate_sim_data at 0x7f4967c62050>,1,0,"[{'n_iter': 200, 'patience': 100, 'input_size': 1, 'h_sizes': [40, 40]}]",[<class 'models.NueralNet'>],300,1,False,True,True,True,0.9000000000000341,0.9666666666666667,0.8566666666666665,0.9000000000000341,0.9666666666666667,0.98,8.0,210,273,246,254,1.0,0.8536585365853658,1.0,0.8937007874015748,CS_on_mean
0.9,100,500,False,True,False,False,"{'transform_func': <function transform_X at 0x7f496a613370>, 'beta': array([1, 2, 3, 4]), 'uniform_range_x': [-2, 2]}",<function generate_sim_data at 0x7f4967c62050>,1,0,"[{'n_iter': 200, 'patience': 100, 'input_size': 1, 'h_sizes': [40, 40]}]",[<class 'models.NueralNet'>],300,1,False,True,,,0.9,,,,,,,225,262,246,254,1.0,0.9146341463414634,1.0,0.937007874015748,naive_on_mean
0.9,100,500,False,True,False,False,"{'transform_func': <function transform_X at 0x7f496a613370>, 'beta': array([1, 2, 3, 4]), 'uniform_range_x': [-2, 2]}",<function generate_sim_data at 0x7f4967c62050>,1,0,"[{'n_iter': 200, 'patience': 100, 'input_size': 1, 'h_sizes': [40, 40]}]",[<class 'models.NueralNet'>],300,1,False,True,True,True,0.8999999999999773,0.97,0.7866666666666666,0.8999999999999773,0.97,1.0,25.0,126,379,250,250,1.0,0.504,1.0,0.484,CS_on_y
0.9,100,500,False,True,False,False,"{'transform_func': <function transform_X at 0x7f496a613370>, 'beta': array([1, 2, 3, 4]), 'uniform_range_x': [-2, 2]}",<function generate_sim_data at 0x7f4967c62050>,1,0,"[{'n_iter': 200, 'patience': 100, 'input_size': 1, 'h_sizes': [40, 40]}]",[<class 'models.NueralNet'>],300,1,False,True,,,0.9,,,,,,,172,319,250,250,1.0,0.688,1.0,0.724,naive_on_y
0.9,100,500,False,True,False,False,"{'transform_func': <function transform_X at 0x7f496a613370>, 'beta': array([1, 2, 3, 4]), 'uniform_range_x': [-2, 2]}",<function generate_sim_data at 0x7f4967c62050>,1,0,"[{'n_iter': 200, 'patience': 100, 'input_size': 1, 'h_sizes': [40, 40]}]",[<class 'models.NueralNet'>],300,1,False,True,False,True,0.9000000000000341,0.9766666666666667,0.8866666666666667,0.9000000000000341,0.9766666666666667,0.9833333333333333,15.0,246,303,274,226,1.0,0.8978102189781022,1.0,0.8716814159292036,CS_on_mean
0.9,100,500,False,True,False,False,"{'transform_func': <function transform_X at 0x7f496a613370>, 'beta': array([1, 2, 3, 4]), 'uniform_range_x': [-2, 2]}",<function generate_sim_data at 0x7f4967c62050>,1,0,"[{'n_iter': 200, 'patience': 100, 'input_size': 1, 'h_sizes': [40, 40]}]",[<class 'models.NueralNet'>],300,1,False,True,,,0.9,,,,,,,254,300,274,226,1.0,0.927007299270073,1.0,0.8849557522123894,naive_on_mean
0.9,100,500,False,True,False,False,"{'transform_func': <function transform_X at 0x7f496a613370>, 'beta': array([1, 2, 3, 4]), 'uniform_range_x': [-2, 2]}",<function generate_sim_data at 0x7f4967c62050>,1,0,"[{'n_iter': 200, 'patience': 100, 'input_size': 1, 'h_sizes': [40, 40]}]",[<class 'models.NueralNet'>],300,1,False,True,True,True,0.9000000000000341,0.97,0.6966666666666668,0.9000000000000341,0.97,0.9933333333333333,20.0,159,433,276,224,1.0,0.5760869565217391,1.0,0.2991071428571429,CS_on_y
0.9,100,500,False,True,False,False,"{'transform_func': <function transform_X at 0x7f496a613370>, 'beta': array([1, 2, 3, 4]), 'uniform_range_x': [-2, 2]}",<function generate_sim_data at 0x7f4967c62050>,1,0,"[{'n_iter': 200, 'patience': 100, 'input_size': 1, 'h_sizes': [40, 40]}]",[<class 'models.NueralNet'>],300,1,False,True,,,0.9,,,,,,,195,377,276,224,1.0,0.7065217391304348,1.0,0.5491071428571428,naive_on_y
0.9,100,500,False,True,False,False,"{'transform_func': <function transform_X at 0x7f496a613370>, 'beta': array([1, 2, 3, 4]), 'uniform_range_x': [-2, 2]}",<function generate_sim_data at 0x7f4967c62050>,1,0,"[{'n_iter': 200, 'patience': 100, 'input_size': 1, 'h_sizes': [40, 40]}]",[<class 'models.NueralNet'>],300,1,False,True,True,True,0.9000000000000341,0.97,0.8766666666666667,0.9000000000000341,0.97,0.9966666666666667,18.0,275,329,301,199,1.0,0.9136212624584718,1.0,0.8592964824120604,CS_on_mean
0.9,100,500,False,True,False,False,"{'transform_func': <function transform_X at 0x7f496a613370>, 'beta': array([1, 2, 3, 4]), 'uniform_range_x': [-2, 2]}",<function generate_sim_data at 0x7f4967c62050>,1,0,"[{'n_iter': 200, 'patience': 100, 'input_size': 1, 'h_sizes': [40, 40]}]",[<class 'models.NueralNet'>],300,1,False,True,,,0.9,,,,,,,283,322,301,199,1.0,0.9401993355481728,1.0,0.8944723618090452,naive_on_mean
0.9,100,500,False,True,False,False,"{'transform_func': <function transform_X at 0x7f496a613370>, 'beta': array([1, 2, 3, 4]), 'uniform_range_x': [-2, 2]}",<function generate_sim_data at 0x7f4967c62050>,1,0,"[{'n_iter': 200, 'patience': 100, 'input_size': 1, 'h_sizes': [40, 40]}]",[<class 'models.NueralNet'>],300,1,False,True,True,True,0.9000000000000341,0.9466666666666667,0.7266666666666666,0.9000000000000341,0.9466666666666667,1.0,27.0,168,479,308,192,1.0,0.5454545454545454,1.0,0.109375,CS_on_y
0.9,100,500,False,True,False,False,"{'transform_func': <function transform_X at 0x7f496a613370>, 'beta': array([1, 2, 3, 4]), 'uniform_range_x': [-2, 2]}",<function generate_sim_data at 0x7f4967c62050>,1,0,"[{'n_iter': 200, 'patience': 100, 'input_size': 1, 'h_sizes': [40, 40]}]",[<class 'models.NueralNet'>],300,1,False,True,,,0.9,,,,,,,236,378,308,192,1.0,0.7662337662337663,1.0,0.6354166666666667,naive_on_y
0.9,100,500,False,True,False,False,"{'transform_func': <function transform_X at 0x7f496a613370>, 'beta': array([1, 2, 3, 4]), 'uniform_range_x': [-2, 2]}",<function generate_sim_data at 0x7f4967c62050>,1,0,"[{'n_iter': 200, 'patience': 100, 'input_size': 1, 'h_sizes': [40, 40]}]",[<class 'models.NueralNet'>],300,1,False,True,True,True,0.9000000000000341,0.9766666666666667,0.9100000000000001,0.9000000000000341,0.9766666666666667,0.9833333333333333,3.0,248,408,269,231,1.0,0.9219330855018587,1.0,0.3982683982683982,CS_on_mean
0.9,100,500,False,True,False,False,"{'transform_func': <function transform_X at 0x7f496a613370>, 'beta': array([1, 2, 3, 4]), 'uniform_range_x': [-2, 2]}",<function generate_sim_data at 0x7f4967c62050>,1,0,"[{'n_iter': 200, 'patience': 100, 'input_size': 1, 'h_sizes': [40, 40]}]",[<class 'models.NueralNet'>],300,1,False,True,,,0.9,,,,,,,254,292,269,231,1.0,0.9442379182156134,1.0,0.9004329004329005,naive_on_mean
0.9,100,500,False,True,False,False,"{'transform_func': <function transform_X at 0x7f496a613370>, 'beta': array([1, 2, 3, 4]), 'uniform_range_x': [-2, 2]}",<function generate_sim_data at 0x7f4967c62050>,1,0,"[{'n_iter': 200, 'patience': 100, 'input_size': 1, 'h_sizes': [40, 40]}]",[<class 'models.NueralNet'>],300,1,False,True,True,True,0.9000000000000341,0.9733333333333334,0.8733333333333335,0.9000000000000341,0.9733333333333334,1.0,91.0,109,500,273,227,1.0,0.3992673992673993,1.0,0.0,CS_on_y
0.9,100,500,False,True,False,False,"{'transform_func': <function transform_X at 0x7f496a613370>, 'beta': array([1, 2, 3, 4]), 'uniform_range_x': [-2, 2]}",<function generate_sim_data at 0x7f4967c62050>,1,0,"[{'n_iter': 200, 'patience': 100, 'input_size': 1, 'h_sizes': [40, 40]}]",[<class 'models.NueralNet'>],300,1,False,True,,,0.9,,,,,,,210,425,273,227,1.0,0.7692307692307692,1.0,0.3303964757709251,naive_on_y
0.9,100,500,False,True,False,False,"{'transform_func': <function transform_X at 0x7f496a613370>, 'beta': array([1, 2, 3, 4]), 'uniform_range_x': [-2, 2]}",<function generate_sim_data at 0x7f4967c62050>,1,0,"[{'n_iter': 200, 'patience': 100, 'input_size': 1, 'h_sizes': [40, 40]}]",[<class 'models.NueralNet'>],300,1,False,True,True,True,0.9000000000000341,0.9733333333333334,0.8766666666666665,0.9000000000000341,0.9733333333333334,0.98,10.0,230,288,264,236,1.0,0.8712121212121212,1.0,0.8983050847457628,CS_on_mean
0.9,100,500,False,True,False,False,"{'transform_func': <function transform_X at 0x7f496a613370>, 'beta': array([1, 2, 3, 4]), 'uniform_range_x': [-2, 2]}",<function generate_sim_data at 0x7f4967c62050>,1,0,"[{'n_iter': 200, 'patience': 100, 'input_size': 1, 'h_sizes': [40, 40]}]",[<class 'models.NueralNet'>],300,1,False,True,,,0.9,,,,,,,243,287,264,236,1.0,0.9204545454545454,1.0,0.902542372881356,naive_on_mean
0.9,100,500,False,True,False,False,"{'transform_func': <function transform_X at 0x7f496a613370>, 'beta': array([1, 2, 3, 4]), 'uniform_range_x': [-2, 2]}",<function generate_sim_data at 0x7f4967c62050>,1,0,"[{'n_iter': 200, 'patience': 100, 'input_size': 1, 'h_sizes': [40, 40]}]",[<class 'models.NueralNet'>],300,1,False,True,True,True,0.8999999999999773,0.9666666666666667,0.6399999999999999,0.8999999999999773,0.9666666666666667,0.9933333333333333,19.0,142,408,259,241,1.0,0.5482625482625483,1.0,0.3817427385892116,CS_on_y
0.9,100,500,False,True,False,False,"{'transform_func': <function transform_X at 0x7f496a613370>, 'beta': array([1, 2, 3, 4]), 'uniform_range_x': [-2, 2]}",<function generate_sim_data at 0x7f4967c62050>,1,0,"[{'n_iter': 200, 'patience': 100, 'input_size': 1, 'h_sizes': [40, 40]}]",[<class 'models.NueralNet'>],300,1,False,True,,,0.9,,,,,,,199,347,259,241,1.0,0.7683397683397684,1.0,0.6348547717842323,naive_on_y
0.9,100,500,False,True,False,False,"{'transform_func': <function transform_X at 0x7f496a613370>, 'beta': array([1, 2, 3, 4]), 'uniform_range_x': [-2, 2]}",<function generate_sim_data at 0x7f4967c62050>,1,0,"[{'n_iter': 200, 'patience': 100, 'input_size': 1, 'h_sizes': [40, 40]}]",[<class 'models.NueralNet'>],300,1,False,True,True,True,0.8999999999999773,0.97,0.8433333333333333,0.8999999999999773,0.97,0.9866666666666667,5.0,237,293,272,228,1.0,0.8713235294117647,1.0,0.9078947368421053,CS_on_mean
0.9,100,500,False,True,False,False,"{'transform_func': <function transform_X at 0x7f496a613370>, 'beta': array([1, 2, 3, 4]), 'uniform_range_x': [-2, 2]}",<function generate_sim_data at 0x7f4967c62050>,1,0,"[{'n_iter': 200, 'patience': 100, 'input_size': 1, 'h_sizes': [40, 40]}]",[<class 'models.NueralNet'>],300,1,False,False,,,0.9,,,,,,,257,288,272,228,0.9883268482490273,0.9338235294117647,0.9952830188679245,0.9254385964912281,naive_on_mean
0.9,100,500,False,True,False,False,"{'transform_func': <function transform_X at 0x7f496a613370>, 'beta': array([1, 2, 3, 4]), 'uniform_range_x': [-2, 2]}",<function generate_sim_data at 0x7f4967c62050>,1,0,"[{'n_iter': 200, 'patience': 100, 'input_size': 1, 'h_sizes': [40, 40]}]",[<class 'models.NueralNet'>],300,1,False,True,True,True,0.8999999999999773,0.97,0.7933333333333334,0.8999999999999773,0.97,0.99,15.0,141,451,277,223,1.0,0.5090252707581228,1.0,0.21973094170403584,CS_on_y
0.9,100,500,False,True,False,False,"{'transform_func': <function transform_X at 0x7f496a613370>, 'beta': array([1, 2, 3, 4]), 'uniform_range_x': [-2, 2]}",<function generate_sim_data at 0x7f4967c62050>,1,0,"[{'n_iter': 200, 'patience': 100, 'input_size': 1, 'h_sizes': [40, 40]}]",[<class 'models.NueralNet'>],300,1,False,True,,,0.9,,,,,,,215,336,277,223,1.0,0.776173285198556,1.0,0.7354260089686099,naive_on_y
0.9,100,500,False,True,False,False,"{'transform_func': <function transform_X at 0x7f496a613370>, 'beta': array([1, 2, 3, 4]), 'uniform_range_x': [-2, 2]}",<function generate_sim_data at 0x7f4967c62050>,1,0,"[{'n_iter': 200, 'patience': 100, 'input_size': 1, 'h_sizes': [40, 40]}]",[<class 'models.NueralNet'>],300,1,False,True,True,True,0.9000000000000341,0.9633333333333334,0.8233333333333333,0.9000000000000341,0.9633333333333334,0.9866666666666667,64.0,189,294,270,230,1.0,0.7,1.0,0.8956521739130435,CS_on_mean
0.9,100,500,False,True,False,False,"{'transform_func': <function transform_X at 0x7f496a613370>, 'beta': array([1, 2, 3, 4]), 'uniform_range_x': [-2, 2]}",<function generate_sim_data at 0x7f4967c62050>,1,0,"[{'n_iter': 200, 'patience': 100, 'input_size': 1, 'h_sizes': [40, 40]}]",[<class 'models.NueralNet'>],300,1,False,True,,,0.9,,,,,,,244,290,270,230,1.0,0.9037037037037037,1.0,0.9130434782608696,naive_on_mean
0.9,100,500,False,True,False,False,"{'transform_func': <function transform_X at 0x7f496a613370>, 'beta': array([1, 2, 3, 4]), 'uniform_range_x': [-2, 2]}",<function generate_sim_data at 0x7f4967c62050>,1,0,"[{'n_iter': 200, 'patience': 100, 'input_size': 1, 'h_sizes': [40, 40]}]",[<class 'models.NueralNet'>],300,1,False,True,True,True,0.8999999999999773,0.9733333333333334,0.8966666666666667,0.8999999999999773,0.9733333333333334,0.9933333333333333,107.0,91,466,266,234,1.0,0.3421052631578947,1.0,0.14529914529914534,CS_on_y
0.9,100,500,False,True,False,False,"{'transform_func': <function transform_X at 0x7f496a613370>, 'beta': array([1, 2, 3, 4]), 'uniform_range_x': [-2, 2]}",<function generate_sim_data at 0x7f4967c62050>,1,0,"[{'n_iter': 200, 'patience': 100, 'input_size': 1, 'h_sizes': [40, 40]}]",[<class 'models.NueralNet'>],300,1,False,False,,,0.9,,,,,,,218,332,266,234,0.9908256880733946,0.8120300751879699,1.0,0.717948717948718,naive_on_y
0.9,100,500,False,True,False,False,"{'transform_func': <function transform_X at 0x7f496a613370>, 'beta': array([1, 2, 3, 4]), 'uniform_range_x': [-2, 2]}",<function generate_sim_data at 0x7f4967c62050>,1,0,"[{'n_iter': 200, 'patience': 100, 'input_size': 1, 'h_sizes': [40, 40]}]",[<class 'models.NueralNet'>],300,1,False,True,True,True,0.8999999999999773,0.97,0.8966666666666667,0.8999999999999773,0.97,0.9966666666666667,20.0,250,474,266,234,1.0,0.9398496240601504,1.0,0.11111111111111116,CS_on_mean
0.9,100,500,False,True,False,False,"{'transform_func': <function transform_X at 0x7f496a613370>, 'beta': array([1, 2, 3, 4]), 'uniform_range_x': [-2, 2]}",<function generate_sim_data at 0x7f4967c62050>,1,0,"[{'n_iter': 200, 'patience': 100, 'input_size': 1, 'h_sizes': [40, 40]}]",[<class 'models.NueralNet'>],300,1,False,True,,,0.9,,,,,,,259,297,266,234,1.0,0.9736842105263158,1.0,0.8675213675213675,naive_on_mean
0.9,100,500,False,True,False,False,"{'transform_func': <function transform_X at 0x7f496a613370>, 'beta': array([1, 2, 3, 4]), 'uniform_range_x': [-2, 2]}",<function generate_sim_data at 0x7f4967c62050>,1,0,"[{'n_iter': 200, 'patience': 100, 'input_size': 1, 'h_sizes': [40, 40]}]",[<class 'models.NueralNet'>],300,1,False,True,True,True,0.9000000000000341,0.96,0.7000000000000002,0.9000000000000341,0.96,0.9966666666666667,21.0,141,500,274,226,1.0,0.5145985401459854,1.0,0.0,CS_on_y
0.9,100,500,False,True,False,False,"{'transform_func': <function transform_X at 0x7f496a613370>, 'beta': array([1, 2, 3, 4]), 'uniform_range_x': [-2, 2]}",<function generate_sim_data at 0x7f4967c62050>,1,0,"[{'n_iter': 200, 'patience': 100, 'input_size': 1, 'h_sizes': [40, 40]}]",[<class 'models.NueralNet'>],300,1,False,True,,,0.9,,,,,,,218,480,274,226,1.0,0.7956204379562044,1.0,0.08849557522123896,naive_on_y
0.9,100,500,False,True,False,False,"{'transform_func': <function transform_X at 0x7f496a613370>, 'beta': array([1, 2, 3, 4]), 'uniform_range_x': [-2, 2]}",<function generate_sim_data at 0x7f4967c62050>,1,0,"[{'n_iter': 200, 'patience': 100, 'input_size': 1, 'h_sizes': [40, 40]}]",[<class 'models.NueralNet'>],300,1,False,True,True,True,0.9000000000000341,0.9733333333333334,0.7366666666666668,0.9000000000000341,0.9733333333333334,0.98,9.0,273,318,284,216,1.0,0.9612676056338029,1.0,0.8425925925925926,CS_on_mean
0.9,100,500,False,True,False,False,"{'transform_func': <function transform_X at 0x7f496a613370>, 'beta': array([1, 2, 3, 4]), 'uniform_range_x': [-2, 2]}",<function generate_sim_data at 0x7f4967c62050>,1,0,"[{'n_iter': 200, 'patience': 100, 'input_size': 1, 'h_sizes': [40, 40]}]",[<class 'models.NueralNet'>],300,1,False,True,,,0.9,,,,,,,271,305,284,216,1.0,0.954225352112676,1.0,0.9027777777777778,naive_on_mean
0.9,100,500,False,True,False,False,"{'transform_func': <function transform_X at 0x7f496a613370>, 'beta': array([1, 2, 3, 4]), 'uniform_range_x': [-2, 2]}",<function generate_sim_data at 0x7f4967c62050>,1,0,"[{'n_iter': 200, 'patience': 100, 'input_size': 1, 'h_sizes': [40, 40]}]",[<class 'models.NueralNet'>],300,1,False,True,True,True,0.9000000000000341,0.9666666666666667,0.8300000000000001,0.9000000000000341,0.9666666666666667,0.9966666666666667,25.0,179,428,282,218,1.0,0.6347517730496454,1.0,0.3302752293577982,CS_on_y
0.9,100,500,False,True,False,False,"{'transform_func': <function transform_X at 0x7f496a613370>, 'beta': array([1, 2, 3, 4]), 'uniform_range_x': [-2, 2]}",<function generate_sim_data at 0x7f4967c62050>,1,0,"[{'n_iter': 200, 'patience': 100, 'input_size': 1, 'h_sizes': [40, 40]}]",[<class 'models.NueralNet'>],300,1,False,False,,,0.9,,,,,,,230,345,282,218,0.9956521739130435,0.8120567375886525,1.0,0.7110091743119267,naive_on_y
0.9,100,500,False,True,False,False,"{'transform_func': <function transform_X at 0x7f496a613370>, 'beta': array([1, 2, 3, 4]), 'uniform_range_x': [-2, 2]}",<function generate_sim_data at 0x7f4967c62050>,1,0,"[{'n_iter': 200, 'patience': 100, 'input_size': 1, 'h_sizes': [40, 40]}]",[<class 'models.NueralNet'>],300,1,False,True,True,True,0.8999999999999773,0.9733333333333334,0.8866666666666667,0.8999999999999773,0.9733333333333334,0.9866666666666667,8.0,230,292,263,237,1.0,0.8745247148288974,1.0,0.8776371308016877,CS_on_mean
0.9,100,500,False,True,False,False,"{'transform_func': <function transform_X at 0x7f496a613370>, 'beta': array([1, 2, 3, 4]), 'uniform_range_x': [-2, 2]}",<function generate_sim_data at 0x7f4967c62050>,1,0,"[{'n_iter': 200, 'patience': 100, 'input_size': 1, 'h_sizes': [40, 40]}]",[<class 'models.NueralNet'>],300,1,False,True,,,0.9,,,,,,,248,288,263,237,1.0,0.9429657794676806,1.0,0.8945147679324894,naive_on_mean
0.9,100,500,False,True,False,False,"{'transform_func': <function transform_X at 0x7f496a613370>, 'beta': array([1, 2, 3, 4]), 'uniform_range_x': [-2, 2]}",<function generate_sim_data at 0x7f4967c62050>,1,0,"[{'n_iter': 200, 'patience': 100, 'input_size': 1, 'h_sizes': [40, 40]}]",[<class 'models.NueralNet'>],300,1,False,True,True,True,0.9000000000000341,0.9533333333333334,0.6800000000000002,0.9000000000000341,0.9533333333333334,0.99,23.0,129,500,268,232,1.0,0.48134328358208955,1.0,0.0,CS_on_y
0.9,100,500,False,True,False,False,"{'transform_func': <function transform_X at 0x7f496a613370>, 'beta': array([1, 2, 3, 4]), 'uniform_range_x': [-2, 2]}",<function generate_sim_data at 0x7f4967c62050>,1,0,"[{'n_iter': 200, 'patience': 100, 'input_size': 1, 'h_sizes': [40, 40]}]",[<class 'models.NueralNet'>],300,1,False,True,,,0.9,,,,,,,198,410,268,232,1.0,0.7388059701492538,1.0,0.3879310344827587,naive_on_y
0.9,100,500,False,True,False,False,"{'transform_func': <function transform_X at 0x7f496a613370>, 'beta': array([1, 2, 3, 4]), 'uniform_range_x': [-2, 2]}",<function generate_sim_data at 0x7f4967c62050>,1,0,"[{'n_iter': 200, 'patience': 100, 'input_size': 1, 'h_sizes': [40, 40]}]",[<class 'models.NueralNet'>],300,1,False,True,True,True,0.9000000000000341,0.9733333333333334,0.8500000000000001,0.9000000000000341,0.9733333333333334,0.97,21.0,234,293,245,255,1.0,0.9551020408163265,1.0,0.8117647058823529,CS_on_mean
0.9,100,500,False,True,False,False,"{'transform_func': <function transform_X at 0x7f496a613370>, 'beta': array([1, 2, 3, 4]), 'uniform_range_x': [-2, 2]}",<function generate_sim_data at 0x7f4967c62050>,1,0,"[{'n_iter': 200, 'patience': 100, 'input_size': 1, 'h_sizes': [40, 40]}]",[<class 'models.NueralNet'>],300,1,False,True,,,0.9,,,,,,,233,275,245,255,1.0,0.9510204081632653,1.0,0.8823529411764706,naive_on_mean
0.9,100,500,False,True,False,False,"{'transform_func': <function transform_X at 0x7f496a613370>, 'beta': array([1, 2, 3, 4]), 'uniform_range_x': [-2, 2]}",<function generate_sim_data at 0x7f4967c62050>,1,0,"[{'n_iter': 200, 'patience': 100, 'input_size': 1, 'h_sizes': [40, 40]}]",[<class 'models.NueralNet'>],300,1,False,True,True,True,0.9000000000000341,0.9766666666666667,0.7966666666666666,0.9000000000000341,0.9766666666666667,1.0,28.0,134,486,256,244,1.0,0.5234375,1.0,0.05737704918032782,CS_on_y
0.9,100,500,False,True,False,False,"{'transform_func': <function transform_X at 0x7f496a613370>, 'beta': array([1, 2, 3, 4]), 'uniform_range_x': [-2, 2]}",<function generate_sim_data at 0x7f4967c62050>,1,0,"[{'n_iter': 200, 'patience': 100, 'input_size': 1, 'h_sizes': [40, 40]}]",[<class 'models.NueralNet'>],300,1,False,True,,,0.9,,,,,,,195,338,256,244,1.0,0.76171875,1.0,0.6639344262295082,naive_on_y
0.9,100,500,False,True,False,False,"{'transform_func': <function transform_X at 0x7f496a613370>, 'beta': array([1, 2, 3, 4]), 'uniform_range_x': [-2, 2]}",<function generate_sim_data at 0x7f4967c62050>,1,0,"[{'n_iter': 200, 'patience': 100, 'input_size': 1, 'h_sizes': [40, 40]}]",[<class 'models.NueralNet'>],300,1,False,True,True,True,0.8999999999999773,0.9666666666666667,0.8999999999999999,0.8999999999999773,0.9666666666666667,0.9766666666666667,11.0,232,299,277,223,1.0,0.8375451263537906,1.0,0.9013452914798207,CS_on_mean
0.9,100,500,False,True,False,False,"{'transform_func': <function transform_X at 0x7f496a613370>, 'beta': array([1, 2, 3, 4]), 'uniform_range_x': [-2, 2]}",<function generate_sim_data at 0x7f4967c62050>,1,0,"[{'n_iter': 200, 'patience': 100, 'input_size': 1, 'h_sizes': [40, 40]}]",[<class 'models.NueralNet'>],300,1,False,True,,,0.9,,,,,,,252,289,277,223,1.0,0.9097472924187726,1.0,0.9461883408071748,naive_on_mean
0.9,100,500,False,True,False,False,"{'transform_func': <function transform_X at 0x7f496a613370>, 'beta': array([1, 2, 3, 4]), 'uniform_range_x': [-2, 2]}",<function generate_sim_data at 0x7f4967c62050>,1,0,"[{'n_iter': 200, 'patience': 100, 'input_size': 1, 'h_sizes': [40, 40]}]",[<class 'models.NueralNet'>],300,1,False,True,True,True,0.9000000000000341,0.9833333333333333,0.8799999999999999,0.9000000000000341,0.9833333333333333,0.9966666666666667,59.0,139,438,275,225,1.0,0.5054545454545454,1.0,0.27555555555555555,CS_on_y
0.9,100,500,False,True,False,False,"{'transform_func': <function transform_X at 0x7f496a613370>, 'beta': array([1, 2, 3, 4]), 'uniform_range_x': [-2, 2]}",<function generate_sim_data at 0x7f4967c62050>,1,0,"[{'n_iter': 200, 'patience': 100, 'input_size': 1, 'h_sizes': [40, 40]}]",[<class 'models.NueralNet'>],300,1,False,True,,,0.9,,,,,,,203,341,275,225,1.0,0.7381818181818182,1.0,0.7066666666666667,naive_on_y
0.9,100,500,False,True,False,False,"{'transform_func': <function transform_X at 0x7f496a613370>, 'beta': array([1, 2, 3, 4]), 'uniform_range_x': [-2, 2]}",<function generate_sim_data at 0x7f4967c62050>,1,0,"[{'n_iter': 200, 'patience': 100, 'input_size': 1, 'h_sizes': [40, 40]}]",[<class 'models.NueralNet'>],300,1,False,True,True,True,0.9000000000000341,0.99,0.9300000000000002,0.9000000000000341,0.99,1.0,7.0,255,414,265,235,1.0,0.9622641509433962,1.0,0.3659574468085106,CS_on_mean
0.9,100,500,False,True,False,False,"{'transform_func': <function transform_X at 0x7f496a613370>, 'beta': array([1, 2, 3, 4]), 'uniform_range_x': [-2, 2]}",<function generate_sim_data at 0x7f4967c62050>,1,0,"[{'n_iter': 200, 'patience': 100, 'input_size': 1, 'h_sizes': [40, 40]}]",[<class 'models.NueralNet'>],300,1,False,True,,,0.9,,,,,,,255,288,265,235,1.0,0.9622641509433962,1.0,0.902127659574468,naive_on_mean
0.9,100,500,False,True,False,False,"{'transform_func': <function transform_X at 0x7f496a613370>, 'beta': array([1, 2, 3, 4]), 'uniform_range_x': [-2, 2]}",<function generate_sim_data at 0x7f4967c62050>,1,0,"[{'n_iter': 200, 'patience': 100, 'input_size': 1, 'h_sizes': [40, 40]}]",[<class 'models.NueralNet'>],300,1,False,True,True,True,0.8999999999999773,0.9866666666666667,0.8966666666666665,0.8999999999999773,0.9866666666666667,1.0,46.0,131,500,269,231,1.0,0.48698884758364314,1.0,0.0,CS_on_y
0.9,100,500,False,True,False,False,"{'transform_func': <function transform_X at 0x7f496a613370>, 'beta': array([1, 2, 3, 4]), 'uniform_range_x': [-2, 2]}",<function generate_sim_data at 0x7f4967c62050>,1,0,"[{'n_iter': 200, 'patience': 100, 'input_size': 1, 'h_sizes': [40, 40]}]",[<class 'models.NueralNet'>],300,1,False,False,,,0.9,,,,,,,212,364,269,231,0.9952830188679245,0.7843866171003717,1.0,0.5887445887445888,naive_on_y
0.9,100,500,False,True,False,False,"{'transform_func': <function transform_X at 0x7f496a613370>, 'beta': array([1, 2, 3, 4]), 'uniform_range_x': [-2, 2]}",<function generate_sim_data at 0x7f4967c62050>,1,0,"[{'n_iter': 200, 'patience': 100, 'input_size': 1, 'h_sizes': [40, 40]}]",[<class 'models.NueralNet'>],300,1,False,True,True,True,0.9000000000000341,0.9566666666666667,0.7866666666666666,0.9000000000000341,0.9566666666666667,0.9766666666666667,9.0,242,361,262,238,1.0,0.9236641221374046,1.0,0.5840336134453781,CS_on_mean
0.9,100,500,False,True,False,False,"{'transform_func': <function transform_X at 0x7f496a613370>, 'beta': array([1, 2, 3, 4]), 'uniform_range_x': [-2, 2]}",<function generate_sim_data at 0x7f4967c62050>,1,0,"[{'n_iter': 200, 'patience': 100, 'input_size': 1, 'h_sizes': [40, 40]}]",[<class 'models.NueralNet'>],300,1,False,True,,,0.9,,,,,,,242,281,262,238,1.0,0.9236641221374046,1.0,0.9201680672268908,naive_on_mean
0.9,100,500,False,True,False,False,"{'transform_func': <function transform_X at 0x7f496a613370>, 'beta': array([1, 2, 3, 4]), 'uniform_range_x': [-2, 2]}",<function generate_sim_data at 0x7f4967c62050>,1,0,"[{'n_iter': 200, 'patience': 100, 'input_size': 1, 'h_sizes': [40, 40]}]",[<class 'models.NueralNet'>],300,1,False,True,True,True,0.9000000000000341,0.9833333333333333,0.8433333333333333,0.9000000000000341,0.9833333333333333,1.0,34.0,135,500,267,233,1.0,0.5056179775280899,1.0,0.0,CS_on_y
0.9,100,500,False,True,False,False,"{'transform_func': <function transform_X at 0x7f496a613370>, 'beta': array([1, 2, 3, 4]), 'uniform_range_x': [-2, 2]}",<function generate_sim_data at 0x7f4967c62050>,1,0,"[{'n_iter': 200, 'patience': 100, 'input_size': 1, 'h_sizes': [40, 40]}]",[<class 'models.NueralNet'>],300,1,False,False,,,0.9,,,,,,,207,334,267,233,0.9951690821256038,0.7715355805243446,1.0,0.7124463519313304,naive_on_y
0.9,100,500,False,True,False,False,"{'transform_func': <function transform_X at 0x7f496a613370>, 'beta': array([1, 2, 3, 4]), 'uniform_range_x': [-2, 2]}",<function generate_sim_data at 0x7f4967c62050>,1,0,"[{'n_iter': 200, 'patience': 100, 'input_size': 1, 'h_sizes': [40, 40]}]",[<class 'models.NueralNet'>],300,1,False,True,True,True,0.9000000000000341,0.96,0.8233333333333333,0.9000000000000341,0.96,0.9766666666666667,4.0,233,300,267,233,1.0,0.8726591760299626,1.0,0.8583690987124464,CS_on_mean
0.9,100,500,False,True,False,False,"{'transform_func': <function transform_X at 0x7f496a613370>, 'beta': array([1, 2, 3, 4]), 'uniform_range_x': [-2, 2]}",<function generate_sim_data at 0x7f4967c62050>,1,0,"[{'n_iter': 200, 'patience': 100, 'input_size': 1, 'h_sizes': [40, 40]}]",[<class 'models.NueralNet'>],300,1,False,True,,,0.9,,,,,,,232,291,267,233,1.0,0.8689138576779026,1.0,0.8969957081545065,naive_on_mean
0.9,100,500,False,True,False,False,"{'transform_func': <function transform_X at 0x7f496a613370>, 'beta': array([1, 2, 3, 4]), 'uniform_range_x': [-2, 2]}",<function generate_sim_data at 0x7f4967c62050>,1,0,"[{'n_iter': 200, 'patience': 100, 'input_size': 1, 'h_sizes': [40, 40]}]",[<class 'models.NueralNet'>],300,1,False,True,True,True,0.9000000000000341,0.9666666666666667,0.6933333333333334,0.9000000000000341,0.9666666666666667,0.9933333333333333,42.0,108,500,267,233,1.0,0.4044943820224719,1.0,0.0,CS_on_y
0.9,100,500,False,True,False,False,"{'transform_func': <function transform_X at 0x7f496a613370>, 'beta': array([1, 2, 3, 4]), 'uniform_range_x': [-2, 2]}",<function generate_sim_data at 0x7f4967c62050>,1,0,"[{'n_iter': 200, 'patience': 100, 'input_size': 1, 'h_sizes': [40, 40]}]",[<class 'models.NueralNet'>],300,1,False,True,,,0.9,,,,,,,187,374,267,233,1.0,0.7003745318352059,1.0,0.5407725321888412,naive_on_y
0.9,100,500,False,True,False,False,"{'transform_func': <function transform_X at 0x7f496a613370>, 'beta': array([1, 2, 3, 4]), 'uniform_range_x': [-2, 2]}",<function generate_sim_data at 0x7f4967c62050>,1,0,"[{'n_iter': 200, 'patience': 100, 'input_size': 1, 'h_sizes': [40, 40]}]",[<class 'models.NueralNet'>],300,1,False,True,True,True,0.9000000000000341,0.97,0.8566666666666667,0.9000000000000341,0.97,0.9933333333333333,22.0,244,303,273,227,1.0,0.8937728937728938,1.0,0.8678414096916299,CS_on_mean
0.9,100,500,False,True,False,False,"{'transform_func': <function transform_X at 0x7f496a613370>, 'beta': array([1, 2, 3, 4]), 'uniform_range_x': [-2, 2]}",<function generate_sim_data at 0x7f4967c62050>,1,0,"[{'n_iter': 200, 'patience': 100, 'input_size': 1, 'h_sizes': [40, 40]}]",[<class 'models.NueralNet'>],300,1,False,True,,,0.9,,,,,,,255,305,273,227,1.0,0.9340659340659341,1.0,0.8590308370044053,naive_on_mean
0.9,100,500,False,True,False,False,"{'transform_func': <function transform_X at 0x7f496a613370>, 'beta': array([1, 2, 3, 4]), 'uniform_range_x': [-2, 2]}",<function generate_sim_data at 0x7f4967c62050>,1,0,"[{'n_iter': 200, 'patience': 100, 'input_size': 1, 'h_sizes': [40, 40]}]",[<class 'models.NueralNet'>],300,1,False,True,True,True,0.9000000000000341,0.9666666666666667,0.8,0.9000000000000341,0.9666666666666667,0.9933333333333333,26.0,150,373,275,225,1.0,0.5454545454545454,1.0,0.5644444444444445,CS_on_y
0.9,100,500,False,True,False,False,"{'transform_func': <function transform_X at 0x7f496a613370>, 'beta': array([1, 2, 3, 4]), 'uniform_range_x': [-2, 2]}",<function generate_sim_data at 0x7f4967c62050>,1,0,"[{'n_iter': 200, 'patience': 100, 'input_size': 1, 'h_sizes': [40, 40]}]",[<class 'models.NueralNet'>],300,1,False,True,,,0.9,,,,,,,208,348,275,225,1.0,0.7563636363636363,1.0,0.6755555555555556,naive_on_y
0.9,100,500,False,True,False,False,"{'transform_func': <function transform_X at 0x7f496a613370>, 'beta': array([1, 2, 3, 4]), 'uniform_range_x': [-2, 2]}",<function generate_sim_data at 0x7f4967c62050>,1,0,"[{'n_iter': 200, 'patience': 100, 'input_size': 1, 'h_sizes': [40, 40]}]",[<class 'models.NueralNet'>],300,1,False,True,True,True,0.8999999999999773,0.97,0.8533333333333333,0.8999999999999773,0.97,0.97,9.0,240,301,274,226,1.0,0.8759124087591241,1.0,0.8805309734513275,CS_on_mean
0.9,100,500,False,True,False,False,"{'transform_func': <function transform_X at 0x7f496a613370>, 'beta': array([1, 2, 3, 4]), 'uniform_range_x': [-2, 2]}",<function generate_sim_data at 0x7f4967c62050>,1,0,"[{'n_iter': 200, 'patience': 100, 'input_size': 1, 'h_sizes': [40, 40]}]",[<class 'models.NueralNet'>],300,1,False,True,,,0.9,,,,,,,247,294,274,226,1.0,0.9014598540145985,1.0,0.911504424778761,naive_on_mean
0.9,100,500,False,True,False,False,"{'transform_func': <function transform_X at 0x7f496a613370>, 'beta': array([1, 2, 3, 4]), 'uniform_range_x': [-2, 2]}",<function generate_sim_data at 0x7f4967c62050>,1,0,"[{'n_iter': 200, 'patience': 100, 'input_size': 1, 'h_sizes': [40, 40]}]",[<class 'models.NueralNet'>],300,1,False,True,True,True,0.9000000000000341,0.9633333333333334,0.7766666666666668,0.9000000000000341,0.9633333333333334,0.9933333333333333,36.0,134,476,277,223,1.0,0.48375451263537905,1.0,0.1076233183856502,CS_on_y
0.9,100,500,False,True,False,False,"{'transform_func': <function transform_X at 0x7f496a613370>, 'beta': array([1, 2, 3, 4]), 'uniform_range_x': [-2, 2]}",<function generate_sim_data at 0x7f4967c62050>,1,0,"[{'n_iter': 200, 'patience': 100, 'input_size': 1, 'h_sizes': [40, 40]}]",[<class 'models.NueralNet'>],300,1,False,True,,,0.9,,,,,,,202,365,277,223,1.0,0.7292418772563176,1.0,0.6053811659192825,naive_on_y
0.9,100,500,False,True,False,False,"{'transform_func': <function transform_X at 0x7f496a613370>, 'beta': array([1, 2, 3, 4]), 'uniform_range_x': [-2, 2]}",<function generate_sim_data at 0x7f4967c62050>,1,0,"[{'n_iter': 200, 'patience': 100, 'input_size': 1, 'h_sizes': [40, 40]}]",[<class 'models.NueralNet'>],300,1,False,True,True,True,0.9000000000000341,0.9633333333333334,0.8300000000000001,0.9000000000000341,0.9633333333333334,0.9866666666666667,8.0,235,312,274,226,1.0,0.8576642335766423,1.0,0.831858407079646,CS_on_mean
0.9,100,500,False,True,False,False,"{'transform_func': <function transform_X at 0x7f496a613370>, 'beta': array([1, 2, 3, 4]), 'uniform_range_x': [-2, 2]}",<function generate_sim_data at 0x7f4967c62050>,1,0,"[{'n_iter': 200, 'patience': 100, 'input_size': 1, 'h_sizes': [40, 40]}]",[<class 'models.NueralNet'>],300,1,False,True,,,0.9,,,,,,,249,301,274,226,1.0,0.9087591240875912,1.0,0.8805309734513275,naive_on_mean
0.9,100,500,False,True,False,False,"{'transform_func': <function transform_X at 0x7f496a613370>, 'beta': array([1, 2, 3, 4]), 'uniform_range_x': [-2, 2]}",<function generate_sim_data at 0x7f4967c62050>,1,0,"[{'n_iter': 200, 'patience': 100, 'input_size': 1, 'h_sizes': [40, 40]}]",[<class 'models.NueralNet'>],300,1,False,True,True,True,0.9000000000000341,0.9633333333333334,0.7833333333333332,0.9000000000000341,0.9633333333333334,0.9966666666666667,16.0,145,480,282,218,1.0,0.5141843971631206,1.0,0.09174311926605505,CS_on_y
0.9,100,500,False,True,False,False,"{'transform_func': <function transform_X at 0x7f496a613370>, 'beta': array([1, 2, 3, 4]), 'uniform_range_x': [-2, 2]}",<function generate_sim_data at 0x7f4967c62050>,1,0,"[{'n_iter': 200, 'patience': 100, 'input_size': 1, 'h_sizes': [40, 40]}]",[<class 'models.NueralNet'>],300,1,False,True,,,0.9,,,,,,,212,418,282,218,1.0,0.75177304964539,1.0,0.37614678899082565,naive_on_y
0.9,100,500,False,True,False,False,"{'transform_func': <function transform_X at 0x7f496a613370>, 'beta': array([1, 2, 3, 4]), 'uniform_range_x': [-2, 2]}",<function generate_sim_data at 0x7f4967c62050>,1,0,"[{'n_iter': 200, 'patience': 100, 'input_size': 1, 'h_sizes': [40, 40]}]",[<class 'models.NueralNet'>],300,1,False,True,True,True,0.9000000000000341,0.98,0.8666666666666667,0.9000000000000341,0.98,0.9866666666666667,4.0,216,264,233,267,1.0,0.927038626609442,1.0,0.8838951310861423,CS_on_mean
0.9,100,500,False,True,False,False,"{'transform_func': <function transform_X at 0x7f496a613370>, 'beta': array([1, 2, 3, 4]), 'uniform_range_x': [-2, 2]}",<function generate_sim_data at 0x7f4967c62050>,1,0,"[{'n_iter': 200, 'patience': 100, 'input_size': 1, 'h_sizes': [40, 40]}]",[<class 'models.NueralNet'>],300,1,False,True,,,0.9,,,,,,,220,250,233,267,1.0,0.944206008583691,1.0,0.9363295880149812,naive_on_mean
0.9,100,500,False,True,False,False,"{'transform_func': <function transform_X at 0x7f496a613370>, 'beta': array([1, 2, 3, 4]), 'uniform_range_x': [-2, 2]}",<function generate_sim_data at 0x7f4967c62050>,1,0,"[{'n_iter': 200, 'patience': 100, 'input_size': 1, 'h_sizes': [40, 40]}]",[<class 'models.NueralNet'>],300,1,False,True,True,True,0.9000000000000341,0.9566666666666667,0.7733333333333334,0.9000000000000341,0.9566666666666667,0.9966666666666667,26.0,140,420,232,268,1.0,0.603448275862069,1.0,0.29850746268656714,CS_on_y
0.9,100,500,False,True,False,False,"{'transform_func': <function transform_X at 0x7f496a613370>, 'beta': array([1, 2, 3, 4]), 'uniform_range_x': [-2, 2]}",<function generate_sim_data at 0x7f4967c62050>,1,0,"[{'n_iter': 200, 'patience': 100, 'input_size': 1, 'h_sizes': [40, 40]}]",[<class 'models.NueralNet'>],300,1,False,True,,,0.9,,,,,,,187,309,232,268,1.0,0.8060344827586207,1.0,0.7126865671641791,naive_on_y
0.9,100,500,False,True,False,False,"{'transform_func': <function transform_X at 0x7f496a613370>, 'beta': array([1, 2, 3, 4]), 'uniform_range_x': [-2, 2]}",<function generate_sim_data at 0x7f4967c62050>,1,0,"[{'n_iter': 200, 'patience': 100, 'input_size': 1, 'h_sizes': [40, 40]}]",[<class 'models.NueralNet'>],300,1,False,True,True,True,0.9000000000000341,0.9666666666666667,0.7799999999999998,0.9000000000000341,0.9666666666666667,0.9733333333333334,3.0,241,286,259,241,1.0,0.9305019305019305,1.0,0.8879668049792531,CS_on_mean
0.9,100,500,False,True,False,False,"{'transform_func': <function transform_X at 0x7f496a613370>, 'beta': array([1, 2, 3, 4]), 'uniform_range_x': [-2, 2]}",<function generate_sim_data at 0x7f4967c62050>,1,0,"[{'n_iter': 200, 'patience': 100, 'input_size': 1, 'h_sizes': [40, 40]}]",[<class 'models.NueralNet'>],300,1,False,True,,,0.9,,,,,,,250,278,259,241,1.0,0.9652509652509652,1.0,0.9211618257261411,naive_on_mean
0.9,100,500,False,True,False,False,"{'transform_func': <function transform_X at 0x7f496a613370>, 'beta': array([1, 2, 3, 4]), 'uniform_range_x': [-2, 2]}",<function generate_sim_data at 0x7f4967c62050>,1,0,"[{'n_iter': 200, 'patience': 100, 'input_size': 1, 'h_sizes': [40, 40]}]",[<class 'models.NueralNet'>],300,1,False,True,True,True,0.8999999999999773,0.9833333333333333,0.8266666666666667,0.8999999999999773,0.9833333333333333,1.0,14.0,120,421,263,237,1.0,0.45627376425855515,1.0,0.33333333333333337,CS_on_y
0.9,100,500,False,True,False,False,"{'transform_func': <function transform_X at 0x7f496a613370>, 'beta': array([1, 2, 3, 4]), 'uniform_range_x': [-2, 2]}",<function generate_sim_data at 0x7f4967c62050>,1,0,"[{'n_iter': 200, 'patience': 100, 'input_size': 1, 'h_sizes': [40, 40]}]",[<class 'models.NueralNet'>],300,1,False,True,,,0.9,,,,,,,208,320,263,237,1.0,0.7908745247148289,1.0,0.759493670886076,naive_on_y
0.9,100,500,False,True,False,False,"{'transform_func': <function transform_X at 0x7f496a613370>, 'beta': array([1, 2, 3, 4]), 'uniform_range_x': [-2, 2]}",<function generate_sim_data at 0x7f4967c62050>,1,0,"[{'n_iter': 200, 'patience': 100, 'input_size': 1, 'h_sizes': [40, 40]}]",[<class 'models.NueralNet'>],300,1,False,True,True,True,0.9000000000000341,0.9766666666666667,0.81,0.9000000000000341,0.9766666666666667,0.9866666666666667,13.0,249,302,272,228,1.0,0.9154411764705882,1.0,0.868421052631579,CS_on_mean
0.9,100,500,False,True,False,False,"{'transform_func': <function transform_X at 0x7f496a613370>, 'beta': array([1, 2, 3, 4]), 'uniform_range_x': [-2, 2]}",<function generate_sim_data at 0x7f4967c62050>,1,0,"[{'n_iter': 200, 'patience': 100, 'input_size': 1, 'h_sizes': [40, 40]}]",[<class 'models.NueralNet'>],300,1,False,True,,,0.9,,,,,,,258,291,272,228,1.0,0.9485294117647058,1.0,0.9166666666666666,naive_on_mean
0.9,100,500,False,True,False,False,"{'transform_func': <function transform_X at 0x7f496a613370>, 'beta': array([1, 2, 3, 4]), 'uniform_range_x': [-2, 2]}",<function generate_sim_data at 0x7f4967c62050>,1,0,"[{'n_iter': 200, 'patience': 100, 'input_size': 1, 'h_sizes': [40, 40]}]",[<class 'models.NueralNet'>],300,1,False,True,True,True,0.9000000000000341,0.96,0.77,0.9000000000000341,0.96,0.99,23.0,166,399,267,233,1.0,0.6217228464419475,1.0,0.4334763948497854,CS_on_y
0.9,100,500,False,True,False,False,"{'transform_func': <function transform_X at 0x7f496a613370>, 'beta': array([1, 2, 3, 4]), 'uniform_range_x': [-2, 2]}",<function generate_sim_data at 0x7f4967c62050>,1,0,"[{'n_iter': 200, 'patience': 100, 'input_size': 1, 'h_sizes': [40, 40]}]",[<class 'models.NueralNet'>],300,1,False,True,,,0.9,,,,,,,209,344,267,233,1.0,0.7827715355805244,1.0,0.6695278969957081,naive_on_y
0.9,100,500,False,True,False,False,"{'transform_func': <function transform_X at 0x7f496a613370>, 'beta': array([1, 2, 3, 4]), 'uniform_range_x': [-2, 2]}",<function generate_sim_data at 0x7f4967c62050>,1,0,"[{'n_iter': 200, 'patience': 100, 'input_size': 1, 'h_sizes': [40, 40]}]",[<class 'models.NueralNet'>],300,1,False,True,True,True,0.8999999999999773,0.9933333333333333,0.9333333333333331,0.8999999999999773,0.9933333333333333,0.9966666666666667,4.0,237,338,284,216,1.0,0.8345070422535211,1.0,0.75,CS_on_mean
0.9,100,500,False,True,False,False,"{'transform_func': <function transform_X at 0x7f496a613370>, 'beta': array([1, 2, 3, 4]), 'uniform_range_x': [-2, 2]}",<function generate_sim_data at 0x7f4967c62050>,1,0,"[{'n_iter': 200, 'patience': 100, 'input_size': 1, 'h_sizes': [40, 40]}]",[<class 'models.NueralNet'>],300,1,False,False,,,0.9,,,,,,,268,293,284,216,1.0,0.9436619718309859,0.9951690821256038,0.9537037037037037,naive_on_mean
0.9,100,500,False,True,False,False,"{'transform_func': <function transform_X at 0x7f496a613370>, 'beta': array([1, 2, 3, 4]), 'uniform_range_x': [-2, 2]}",<function generate_sim_data at 0x7f4967c62050>,1,0,"[{'n_iter': 200, 'patience': 100, 'input_size': 1, 'h_sizes': [40, 40]}]",[<class 'models.NueralNet'>],300,1,False,True,True,True,0.8999999999999204,0.98,0.8966666666666667,0.8999999999999204,0.98,1.0,35.0,133,407,289,211,1.0,0.46020761245674735,1.0,0.44075829383886256,CS_on_y
0.9,100,500,False,True,False,False,"{'transform_func': <function transform_X at 0x7f496a613370>, 'beta': array([1, 2, 3, 4]), 'uniform_range_x': [-2, 2]}",<function generate_sim_data at 0x7f4967c62050>,1,0,"[{'n_iter': 200, 'patience': 100, 'input_size': 1, 'h_sizes': [40, 40]}]",[<class 'models.NueralNet'>],300,1,False,False,,,0.9,,,,,,,222,339,289,211,1.0,0.7681660899653979,0.9937888198757764,0.7582938388625593,naive_on_y
0.9,100,500,False,True,False,False,"{'transform_func': <function transform_X at 0x7f496a613370>, 'beta': array([1, 2, 3, 4]), 'uniform_range_x': [-2, 2]}",<function generate_sim_data at 0x7f4967c62050>,1,0,"[{'n_iter': 200, 'patience': 100, 'input_size': 1, 'h_sizes': [40, 40]}]",[<class 'models.NueralNet'>],300,1,False,True,True,True,0.8999999999999773,0.97,0.7799999999999998,0.8999999999999773,0.97,0.9733333333333334,3.0,226,272,251,249,1.0,0.900398406374502,1.0,0.9156626506024097,CS_on_mean
0.9,100,500,False,True,False,False,"{'transform_func': <function transform_X at 0x7f496a613370>, 'beta': array([1, 2, 3, 4]), 'uniform_range_x': [-2, 2]}",<function generate_sim_data at 0x7f4967c62050>,1,0,"[{'n_iter': 200, 'patience': 100, 'input_size': 1, 'h_sizes': [40, 40]}]",[<class 'models.NueralNet'>],300,1,False,True,,,0.9,,,,,,,232,268,251,249,1.0,0.9243027888446215,1.0,0.9317269076305221,naive_on_mean
0.9,100,500,False,True,False,False,"{'transform_func': <function transform_X at 0x7f496a613370>, 'beta': array([1, 2, 3, 4]), 'uniform_range_x': [-2, 2]}",<function generate_sim_data at 0x7f4967c62050>,1,0,"[{'n_iter': 200, 'patience': 100, 'input_size': 1, 'h_sizes': [40, 40]}]",[<class 'models.NueralNet'>],300,1,False,True,True,True,0.9000000000000341,0.9566666666666667,0.8033333333333332,0.9000000000000341,0.9566666666666667,1.0,55.0,123,413,256,244,1.0,0.48046875,1.0,0.35655737704918034,CS_on_y
0.9,100,500,False,True,False,False,"{'transform_func': <function transform_X at 0x7f496a613370>, 'beta': array([1, 2, 3, 4]), 'uniform_range_x': [-2, 2]}",<function generate_sim_data at 0x7f4967c62050>,1,0,"[{'n_iter': 200, 'patience': 100, 'input_size': 1, 'h_sizes': [40, 40]}]",[<class 'models.NueralNet'>],300,1,False,True,,,0.9,,,,,,,191,315,256,244,1.0,0.74609375,1.0,0.7581967213114754,naive_on_y
0.9,100,500,False,True,False,False,"{'transform_func': <function transform_X at 0x7f496a613370>, 'beta': array([1, 2, 3, 4]), 'uniform_range_x': [-2, 2]}",<function generate_sim_data at 0x7f4967c62050>,1,0,"[{'n_iter': 200, 'patience': 100, 'input_size': 1, 'h_sizes': [40, 40]}]",[<class 'models.NueralNet'>],300,1,False,True,True,True,0.900000000000091,0.9833333333333333,0.9366666666666665,0.900000000000091,0.9833333333333333,1.0,34.0,250,396,275,225,1.0,0.9090909090909091,1.0,0.4622222222222222,CS_on_mean
0.9,100,500,False,True,False,False,"{'transform_func': <function transform_X at 0x7f496a613370>, 'beta': array([1, 2, 3, 4]), 'uniform_range_x': [-2, 2]}",<function generate_sim_data at 0x7f4967c62050>,1,0,"[{'n_iter': 200, 'patience': 100, 'input_size': 1, 'h_sizes': [40, 40]}]",[<class 'models.NueralNet'>],300,1,False,True,,,0.9,,,,,,,263,298,275,225,1.0,0.9563636363636363,1.0,0.8977777777777778,naive_on_mean
0.9,100,500,False,True,False,False,"{'transform_func': <function transform_X at 0x7f496a613370>, 'beta': array([1, 2, 3, 4]), 'uniform_range_x': [-2, 2]}",<function generate_sim_data at 0x7f4967c62050>,1,0,"[{'n_iter': 200, 'patience': 100, 'input_size': 1, 'h_sizes': [40, 40]}]",[<class 'models.NueralNet'>],300,1,False,True,True,True,0.9000000000000341,0.96,0.8733333333333333,0.9000000000000341,0.96,1.0,108.0,111,500,275,225,1.0,0.4036363636363637,1.0,0.0,CS_on_y
0.9,100,500,False,True,False,False,"{'transform_func': <function transform_X at 0x7f496a613370>, 'beta': array([1, 2, 3, 4]), 'uniform_range_x': [-2, 2]}",<function generate_sim_data at 0x7f4967c62050>,1,0,"[{'n_iter': 200, 'patience': 100, 'input_size': 1, 'h_sizes': [40, 40]}]",[<class 'models.NueralNet'>],300,1,False,True,,,0.9,,,,,,,215,372,275,225,1.0,0.7818181818181819,1.0,0.5688888888888889,naive_on_y
0.9,100,500,False,True,False,False,"{'transform_func': <function transform_X at 0x7f496a613370>, 'beta': array([1, 2, 3, 4]), 'uniform_range_x': [-2, 2]}",<function generate_sim_data at 0x7f4967c62050>,1,0,"[{'n_iter': 200, 'patience': 100, 'input_size': 1, 'h_sizes': [40, 40]}]",[<class 'models.NueralNet'>],300,1,False,True,True,True,0.9000000000000341,0.9866666666666667,0.8533333333333335,0.9000000000000341,0.9866666666666667,0.9966666666666667,28.0,222,294,250,250,1.0,0.888,1.0,0.8240000000000001,CS_on_mean
0.9,100,500,False,True,False,False,"{'transform_func': <function transform_X at 0x7f496a613370>, 'beta': array([1, 2, 3, 4]), 'uniform_range_x': [-2, 2]}",<function generate_sim_data at 0x7f4967c62050>,1,0,"[{'n_iter': 200, 'patience': 100, 'input_size': 1, 'h_sizes': [40, 40]}]",[<class 'models.NueralNet'>],300,1,False,True,,,0.9,,,,,,,229,286,250,250,1.0,0.916,1.0,0.856,naive_on_mean
0.9,100,500,False,True,False,False,"{'transform_func': <function transform_X at 0x7f496a613370>, 'beta': array([1, 2, 3, 4]), 'uniform_range_x': [-2, 2]}",<function generate_sim_data at 0x7f4967c62050>,1,0,"[{'n_iter': 200, 'patience': 100, 'input_size': 1, 'h_sizes': [40, 40]}]",[<class 'models.NueralNet'>],300,1,False,True,True,True,0.9000000000000341,0.97,0.7166666666666668,0.9000000000000341,0.97,0.9966666666666667,11.0,119,414,248,252,1.0,0.4798387096774194,1.0,0.3412698412698413,CS_on_y
0.9,100,500,False,True,False,False,"{'transform_func': <function transform_X at 0x7f496a613370>, 'beta': array([1, 2, 3, 4]), 'uniform_range_x': [-2, 2]}",<function generate_sim_data at 0x7f4967c62050>,1,0,"[{'n_iter': 200, 'patience': 100, 'input_size': 1, 'h_sizes': [40, 40]}]",[<class 'models.NueralNet'>],300,1,False,False,,,0.9,,,,,,,178,342,248,252,0.9943820224719101,0.7137096774193548,1.0,0.626984126984127,naive_on_y
0.9,100,500,False,True,False,False,"{'transform_func': <function transform_X at 0x7f496a613370>, 'beta': array([1, 2, 3, 4]), 'uniform_range_x': [-2, 2]}",<function generate_sim_data at 0x7f4967c62050>,1,0,"[{'n_iter': 200, 'patience': 100, 'input_size': 1, 'h_sizes': [40, 40]}]",[<class 'models.NueralNet'>],300,1,False,True,True,True,0.8999999999999773,0.9766666666666667,0.8966666666666667,0.8999999999999773,0.9766666666666667,0.9933333333333333,7.0,256,285,274,226,1.0,0.9343065693430657,1.0,0.9513274336283186,CS_on_mean
0.9,100,500,False,True,False,False,"{'transform_func': <function transform_X at 0x7f496a613370>, 'beta': array([1, 2, 3, 4]), 'uniform_range_x': [-2, 2]}",<function generate_sim_data at 0x7f4967c62050>,1,0,"[{'n_iter': 200, 'patience': 100, 'input_size': 1, 'h_sizes': [40, 40]}]",[<class 'models.NueralNet'>],300,1,False,True,,,0.9,,,,,,,267,285,274,226,1.0,0.9744525547445255,1.0,0.9513274336283186,naive_on_mean
0.9,100,500,False,True,False,False,"{'transform_func': <function transform_X at 0x7f496a613370>, 'beta': array([1, 2, 3, 4]), 'uniform_range_x': [-2, 2]}",<function generate_sim_data at 0x7f4967c62050>,1,0,"[{'n_iter': 200, 'patience': 100, 'input_size': 1, 'h_sizes': [40, 40]}]",[<class 'models.NueralNet'>],300,1,False,True,True,True,0.9000000000000341,0.98,0.7033333333333334,0.9000000000000341,0.98,0.9933333333333333,7.0,185,359,271,229,1.0,0.6826568265682658,1.0,0.6157205240174672,CS_on_y
0.9,100,500,False,True,False,False,"{'transform_func': <function transform_X at 0x7f496a613370>, 'beta': array([1, 2, 3, 4]), 'uniform_range_x': [-2, 2]}",<function generate_sim_data at 0x7f4967c62050>,1,0,"[{'n_iter': 200, 'patience': 100, 'input_size': 1, 'h_sizes': [40, 40]}]",[<class 'models.NueralNet'>],300,1,False,True,,,0.9,,,,,,,224,337,271,229,1.0,0.8265682656826568,1.0,0.7117903930131004,naive_on_y
0.9,100,500,False,True,False,False,"{'transform_func': <function transform_X at 0x7f496a613370>, 'beta': array([1, 2, 3, 4]), 'uniform_range_x': [-2, 2]}",<function generate_sim_data at 0x7f4967c62050>,1,0,"[{'n_iter': 200, 'patience': 100, 'input_size': 1, 'h_sizes': [40, 40]}]",[<class 'models.NueralNet'>],300,1,False,True,True,True,0.8999999999999773,0.9733333333333334,0.8966666666666665,0.8999999999999773,0.9733333333333334,0.9966666666666667,9.0,225,286,261,239,1.0,0.8620689655172413,1.0,0.895397489539749,CS_on_mean
0.9,100,500,False,True,False,False,"{'transform_func': <function transform_X at 0x7f496a613370>, 'beta': array([1, 2, 3, 4]), 'uniform_range_x': [-2, 2]}",<function generate_sim_data at 0x7f4967c62050>,1,0,"[{'n_iter': 200, 'patience': 100, 'input_size': 1, 'h_sizes': [40, 40]}]",[<class 'models.NueralNet'>],300,1,False,True,,,0.9,,,,,,,236,279,261,239,1.0,0.9042145593869731,1.0,0.9246861924686193,naive_on_mean
0.9,100,500,False,True,False,False,"{'transform_func': <function transform_X at 0x7f496a613370>, 'beta': array([1, 2, 3, 4]), 'uniform_range_x': [-2, 2]}",<function generate_sim_data at 0x7f4967c62050>,1,0,"[{'n_iter': 200, 'patience': 100, 'input_size': 1, 'h_sizes': [40, 40]}]",[<class 'models.NueralNet'>],300,1,False,True,True,True,0.9000000000000341,0.9533333333333334,0.7366666666666666,0.9000000000000341,0.9533333333333334,0.99,22.0,131,500,267,233,1.0,0.49063670411985016,1.0,0.0,CS_on_y
0.9,100,500,False,True,False,False,"{'transform_func': <function transform_X at 0x7f496a613370>, 'beta': array([1, 2, 3, 4]), 'uniform_range_x': [-2, 2]}",<function generate_sim_data at 0x7f4967c62050>,1,0,"[{'n_iter': 200, 'patience': 100, 'input_size': 1, 'h_sizes': [40, 40]}]",[<class 'models.NueralNet'>],300,1,False,True,,,0.9,,,,,,,196,349,267,233,1.0,0.7340823970037453,1.0,0.648068669527897,naive_on_y
0.9,100,500,False,True,False,False,"{'transform_func': <function transform_X at 0x7f496a613370>, 'beta': array([1, 2, 3, 4]), 'uniform_range_x': [-2, 2]}",<function generate_sim_data at 0x7f4967c62050>,1,0,"[{'n_iter': 200, 'patience': 100, 'input_size': 1, 'h_sizes': [40, 40]}]",[<class 'models.NueralNet'>],300,1,False,True,True,True,0.9000000000000341,0.9833333333333333,0.9199999999999999,0.9000000000000341,0.9833333333333333,0.9966666666666667,4.0,237,351,258,242,1.0,0.9186046511627907,1.0,0.615702479338843,CS_on_mean
0.9,100,500,False,True,False,False,"{'transform_func': <function transform_X at 0x7f496a613370>, 'beta': array([1, 2, 3, 4]), 'uniform_range_x': [-2, 2]}",<function generate_sim_data at 0x7f4967c62050>,1,0,"[{'n_iter': 200, 'patience': 100, 'input_size': 1, 'h_sizes': [40, 40]}]",[<class 'models.NueralNet'>],300,1,False,True,,,0.9,,,,,,,240,268,258,242,1.0,0.9302325581395349,1.0,0.9586776859504132,naive_on_mean
0.9,100,500,False,True,False,False,"{'transform_func': <function transform_X at 0x7f496a613370>, 'beta': array([1, 2, 3, 4]), 'uniform_range_x': [-2, 2]}",<function generate_sim_data at 0x7f4967c62050>,1,0,"[{'n_iter': 200, 'patience': 100, 'input_size': 1, 'h_sizes': [40, 40]}]",[<class 'models.NueralNet'>],300,1,False,True,True,True,0.9000000000000341,0.97,0.8666666666666667,0.9000000000000341,0.97,0.9966666666666667,43.0,142,440,256,244,1.0,0.5546875,1.0,0.24590163934426235,CS_on_y
0.9,100,500,False,True,False,False,"{'transform_func': <function transform_X at 0x7f496a613370>, 'beta': array([1, 2, 3, 4]), 'uniform_range_x': [-2, 2]}",<function generate_sim_data at 0x7f4967c62050>,1,0,"[{'n_iter': 200, 'patience': 100, 'input_size': 1, 'h_sizes': [40, 40]}]",[<class 'models.NueralNet'>],300,1,False,True,,,0.9,,,,,,,206,323,256,244,1.0,0.8046875,1.0,0.7254098360655737,naive_on_y
0.9,100,500,False,True,False,False,"{'transform_func': <function transform_X at 0x7f496a613370>, 'beta': array([1, 2, 3, 4]), 'uniform_range_x': [-2, 2]}",<function generate_sim_data at 0x7f4967c62050>,1,0,"[{'n_iter': 200, 'patience': 100, 'input_size': 1, 'h_sizes': [40, 40]}]",[<class 'models.NueralNet'>],300,1,False,True,True,True,0.9000000000000341,0.9833333333333333,0.9333333333333333,0.9000000000000341,0.9833333333333333,0.9866666666666667,27.0,220,317,267,233,1.0,0.8239700374531835,1.0,0.7854077253218884,CS_on_mean
0.9,100,500,False,True,False,False,"{'transform_func': <function transform_X at 0x7f496a613370>, 'beta': array([1, 2, 3, 4]), 'uniform_range_x': [-2, 2]}",<function generate_sim_data at 0x7f4967c62050>,1,0,"[{'n_iter': 200, 'patience': 100, 'input_size': 1, 'h_sizes': [40, 40]}]",[<class 'models.NueralNet'>],300,1,False,True,,,0.9,,,,,,,239,290,267,233,1.0,0.8951310861423221,1.0,0.9012875536480687,naive_on_mean
0.9,100,500,False,True,False,False,"{'transform_func': <function transform_X at 0x7f496a613370>, 'beta': array([1, 2, 3, 4]), 'uniform_range_x': [-2, 2]}",<function generate_sim_data at 0x7f4967c62050>,1,0,"[{'n_iter': 200, 'patience': 100, 'input_size': 1, 'h_sizes': [40, 40]}]",[<class 'models.NueralNet'>],300,1,False,True,True,True,0.8999999999999773,0.9733333333333334,0.8433333333333333,0.8999999999999773,0.9733333333333334,0.9966666666666667,53.0,132,458,265,235,1.0,0.4981132075471698,1.0,0.17872340425531918,CS_on_y
0.9,100,500,False,True,False,False,"{'transform_func': <function transform_X at 0x7f496a613370>, 'beta': array([1, 2, 3, 4]), 'uniform_range_x': [-2, 2]}",<function generate_sim_data at 0x7f4967c62050>,1,0,"[{'n_iter': 200, 'patience': 100, 'input_size': 1, 'h_sizes': [40, 40]}]",[<class 'models.NueralNet'>],300,1,False,True,,,0.9,,,,,,,183,373,265,235,1.0,0.6905660377358491,1.0,0.5404255319148936,naive_on_y
0.9,100,500,False,True,False,False,"{'transform_func': <function transform_X at 0x7f496a613370>, 'beta': array([1, 2, 3, 4]), 'uniform_range_x': [-2, 2]}",<function generate_sim_data at 0x7f4967c62050>,1,0,"[{'n_iter': 200, 'patience': 100, 'input_size': 1, 'h_sizes': [40, 40]}]",[<class 'models.NueralNet'>],300,1,False,True,True,True,0.9000000000000341,0.9966666666666667,0.98,0.9000000000000341,0.9966666666666667,1.0,63.0,200,442,276,224,1.0,0.7246376811594203,1.0,0.2589285714285714,CS_on_mean
0.9,100,500,False,True,False,False,"{'transform_func': <function transform_X at 0x7f496a613370>, 'beta': array([1, 2, 3, 4]), 'uniform_range_x': [-2, 2]}",<function generate_sim_data at 0x7f4967c62050>,1,0,"[{'n_iter': 200, 'patience': 100, 'input_size': 1, 'h_sizes': [40, 40]}]",[<class 'models.NueralNet'>],300,1,False,False,,,0.9,,,,,,,262,301,276,224,0.9961832061068703,0.9456521739130435,1.0,0.8883928571428571,naive_on_mean
0.9,100,500,False,True,False,False,"{'transform_func': <function transform_X at 0x7f496a613370>, 'beta': array([1, 2, 3, 4]), 'uniform_range_x': [-2, 2]}",<function generate_sim_data at 0x7f4967c62050>,1,0,"[{'n_iter': 200, 'patience': 100, 'input_size': 1, 'h_sizes': [40, 40]}]",[<class 'models.NueralNet'>],300,1,False,True,True,True,0.8999999999999773,0.98,0.9266666666666667,0.8999999999999773,0.98,1.0,269.0,55,500,281,219,1.0,0.19572953736654808,1.0,0.0,CS_on_y
0.9,100,500,False,True,False,False,"{'transform_func': <function transform_X at 0x7f496a613370>, 'beta': array([1, 2, 3, 4]), 'uniform_range_x': [-2, 2]}",<function generate_sim_data at 0x7f4967c62050>,1,0,"[{'n_iter': 200, 'patience': 100, 'input_size': 1, 'h_sizes': [40, 40]}]",[<class 'models.NueralNet'>],300,1,False,False,,,0.9,,,,,,,214,410,281,219,1.0,0.7615658362989324,0.9888888888888889,0.406392694063927,naive_on_y
0.9,100,500,False,True,False,False,"{'transform_func': <function transform_X at 0x7f496a613370>, 'beta': array([1, 2, 3, 4]), 'uniform_range_x': [-2, 2]}",<function generate_sim_data at 0x7f4967c62050>,1,0,"[{'n_iter': 200, 'patience': 100, 'input_size': 1, 'h_sizes': [40, 40]}]",[<class 'models.NueralNet'>],300,1,False,True,True,True,0.9000000000000341,0.97,0.8900000000000001,0.9000000000000341,0.97,0.9833333333333333,13.0,228,360,250,250,1.0,0.912,1.0,0.56,CS_on_mean
0.9,100,500,False,True,False,False,"{'transform_func': <function transform_X at 0x7f496a613370>, 'beta': array([1, 2, 3, 4]), 'uniform_range_x': [-2, 2]}",<function generate_sim_data at 0x7f4967c62050>,1,0,"[{'n_iter': 200, 'patience': 100, 'input_size': 1, 'h_sizes': [40, 40]}]",[<class 'models.NueralNet'>],300,1,False,True,,,0.9,,,,,,,235,271,250,250,1.0,0.94,1.0,0.916,naive_on_mean
0.9,100,500,False,True,False,False,"{'transform_func': <function transform_X at 0x7f496a613370>, 'beta': array([1, 2, 3, 4]), 'uniform_range_x': [-2, 2]}",<function generate_sim_data at 0x7f4967c62050>,1,0,"[{'n_iter': 200, 'patience': 100, 'input_size': 1, 'h_sizes': [40, 40]}]",[<class 'models.NueralNet'>],300,1,False,True,True,True,0.9000000000000341,0.9633333333333334,0.8133333333333335,0.9000000000000341,0.9633333333333334,0.9966666666666667,33.0,126,500,256,244,1.0,0.4921875,1.0,0.0,CS_on_y
0.9,100,500,False,True,False,False,"{'transform_func': <function transform_X at 0x7f496a613370>, 'beta': array([1, 2, 3, 4]), 'uniform_range_x': [-2, 2]}",<function generate_sim_data at 0x7f4967c62050>,1,0,"[{'n_iter': 200, 'patience': 100, 'input_size': 1, 'h_sizes': [40, 40]}]",[<class 'models.NueralNet'>],300,1,False,True,,,0.9,,,,,,,194,352,256,244,1.0,0.7578125,1.0,0.6065573770491803,naive_on_y
0.9,100,500,False,True,False,False,"{'transform_func': <function transform_X at 0x7f496a613370>, 'beta': array([1, 2, 3, 4]), 'uniform_range_x': [-2, 2]}",<function generate_sim_data at 0x7f4967c62050>,1,0,"[{'n_iter': 200, 'patience': 100, 'input_size': 1, 'h_sizes': [40, 40]}]",[<class 'models.NueralNet'>],300,1,False,True,True,True,0.9000000000000341,0.9733333333333334,0.8166666666666667,0.9000000000000341,0.9733333333333334,0.9833333333333333,10.0,236,297,256,244,1.0,0.921875,1.0,0.8319672131147541,CS_on_mean
0.9,100,500,False,True,False,False,"{'transform_func': <function transform_X at 0x7f496a613370>, 'beta': array([1, 2, 3, 4]), 'uniform_range_x': [-2, 2]}",<function generate_sim_data at 0x7f4967c62050>,1,0,"[{'n_iter': 200, 'patience': 100, 'input_size': 1, 'h_sizes': [40, 40]}]",[<class 'models.NueralNet'>],300,1,False,True,,,0.9,,,,,,,233,274,256,244,1.0,0.91015625,1.0,0.9262295081967213,naive_on_mean
0.9,100,500,False,True,False,False,"{'transform_func': <function transform_X at 0x7f496a613370>, 'beta': array([1, 2, 3, 4]), 'uniform_range_x': [-2, 2]}",<function generate_sim_data at 0x7f4967c62050>,1,0,"[{'n_iter': 200, 'patience': 100, 'input_size': 1, 'h_sizes': [40, 40]}]",[<class 'models.NueralNet'>],300,1,False,True,True,True,0.8999999999999773,0.97,0.74,0.8999999999999773,0.97,0.99,24.0,155,449,260,240,1.0,0.5961538461538461,1.0,0.21250000000000002,CS_on_y
0.9,100,500,False,True,False,False,"{'transform_func': <function transform_X at 0x7f496a613370>, 'beta': array([1, 2, 3, 4]), 'uniform_range_x': [-2, 2]}",<function generate_sim_data at 0x7f4967c62050>,1,0,"[{'n_iter': 200, 'patience': 100, 'input_size': 1, 'h_sizes': [40, 40]}]",[<class 'models.NueralNet'>],300,1,False,False,,,0.9,,,,,,,194,331,260,240,0.9896907216494846,0.7384615384615385,0.9940828402366864,0.7,naive_on_y
0.9,100,500,False,True,False,False,"{'transform_func': <function transform_X at 0x7f496a613370>, 'beta': array([1, 2, 3, 4]), 'uniform_range_x': [-2, 2]}",<function generate_sim_data at 0x7f4967c62050>,1,0,"[{'n_iter': 200, 'patience': 100, 'input_size': 1, 'h_sizes': [40, 40]}]",[<class 'models.NueralNet'>],300,1,False,True,True,True,0.9000000000000341,0.98,0.8933333333333333,0.9000000000000341,0.98,0.9966666666666667,21.0,246,321,275,225,1.0,0.8945454545454545,1.0,0.7955555555555556,CS_on_mean
0.9,100,500,False,True,False,False,"{'transform_func': <function transform_X at 0x7f496a613370>, 'beta': array([1, 2, 3, 4]), 'uniform_range_x': [-2, 2]}",<function generate_sim_data at 0x7f4967c62050>,1,0,"[{'n_iter': 200, 'patience': 100, 'input_size': 1, 'h_sizes': [40, 40]}]",[<class 'models.NueralNet'>],300,1,False,True,,,0.9,,,,,,,256,297,275,225,1.0,0.9309090909090909,1.0,0.9022222222222223,naive_on_mean
0.9,100,500,False,True,False,False,"{'transform_func': <function transform_X at 0x7f496a613370>, 'beta': array([1, 2, 3, 4]), 'uniform_range_x': [-2, 2]}",<function generate_sim_data at 0x7f4967c62050>,1,0,"[{'n_iter': 200, 'patience': 100, 'input_size': 1, 'h_sizes': [40, 40]}]",[<class 'models.NueralNet'>],300,1,False,True,True,True,0.9000000000000341,0.9733333333333334,0.71,0.9000000000000341,0.9733333333333334,0.99,12.0,148,426,274,226,1.0,0.5401459854014599,1.0,0.327433628318584,CS_on_y
0.9,100,500,False,True,False,False,"{'transform_func': <function transform_X at 0x7f496a613370>, 'beta': array([1, 2, 3, 4]), 'uniform_range_x': [-2, 2]}",<function generate_sim_data at 0x7f4967c62050>,1,0,"[{'n_iter': 200, 'patience': 100, 'input_size': 1, 'h_sizes': [40, 40]}]",[<class 'models.NueralNet'>],300,1,False,False,,,0.9,,,,,,,195,344,274,226,0.9948717948717949,0.708029197080292,1.0,0.6902654867256637,naive_on_y
0.9,100,500,False,True,False,False,"{'transform_func': <function transform_X at 0x7f496a613370>, 'beta': array([1, 2, 3, 4]), 'uniform_range_x': [-2, 2]}",<function generate_sim_data at 0x7f4967c62050>,1,0,"[{'n_iter': 200, 'patience': 100, 'input_size': 1, 'h_sizes': [40, 40]}]",[<class 'models.NueralNet'>],300,1,False,True,True,True,0.9000000000000341,0.96,0.8166666666666667,0.9000000000000341,0.96,0.9933333333333333,7.0,250,310,272,228,1.0,0.9191176470588235,1.0,0.8333333333333334,CS_on_mean
0.9,100,500,False,True,False,False,"{'transform_func': <function transform_X at 0x7f496a613370>, 'beta': array([1, 2, 3, 4]), 'uniform_range_x': [-2, 2]}",<function generate_sim_data at 0x7f4967c62050>,1,0,"[{'n_iter': 200, 'patience': 100, 'input_size': 1, 'h_sizes': [40, 40]}]",[<class 'models.NueralNet'>],300,1,False,True,,,0.9,,,,,,,254,287,272,228,1.0,0.9338235294117647,1.0,0.9342105263157895,naive_on_mean
0.9,100,500,False,True,False,False,"{'transform_func': <function transform_X at 0x7f496a613370>, 'beta': array([1, 2, 3, 4]), 'uniform_range_x': [-2, 2]}",<function generate_sim_data at 0x7f4967c62050>,1,0,"[{'n_iter': 200, 'patience': 100, 'input_size': 1, 'h_sizes': [40, 40]}]",[<class 'models.NueralNet'>],300,1,False,True,True,True,0.9000000000000341,0.97,0.8533333333333335,0.9000000000000341,0.97,0.9966666666666667,48.0,181,392,271,229,1.0,0.6678966789667897,1.0,0.47161572052401746,CS_on_y
0.9,100,500,False,True,False,False,"{'transform_func': <function transform_X at 0x7f496a613370>, 'beta': array([1, 2, 3, 4]), 'uniform_range_x': [-2, 2]}",<function generate_sim_data at 0x7f4967c62050>,1,0,"[{'n_iter': 200, 'patience': 100, 'input_size': 1, 'h_sizes': [40, 40]}]",[<class 'models.NueralNet'>],300,1,False,False,,,0.9,,,,,,,214,332,271,229,0.9953271028037384,0.7859778597785978,1.0,0.7336244541484715,naive_on_y
0.9,100,500,False,True,False,False,"{'transform_func': <function transform_X at 0x7f496a613370>, 'beta': array([1, 2, 3, 4]), 'uniform_range_x': [-2, 2]}",<function generate_sim_data at 0x7f4967c62050>,1,0,"[{'n_iter': 200, 'patience': 100, 'input_size': 1, 'h_sizes': [40, 40]}]",[<class 'models.NueralNet'>],300,1,False,True,True,True,0.9000000000000341,0.9666666666666667,0.8133333333333335,0.9000000000000341,0.9666666666666667,0.98,7.0,238,317,261,239,1.0,0.9118773946360154,1.0,0.7656903765690377,CS_on_mean
0.9,100,500,False,True,False,False,"{'transform_func': <function transform_X at 0x7f496a613370>, 'beta': array([1, 2, 3, 4]), 'uniform_range_x': [-2, 2]}",<function generate_sim_data at 0x7f4967c62050>,1,0,"[{'n_iter': 200, 'patience': 100, 'input_size': 1, 'h_sizes': [40, 40]}]",[<class 'models.NueralNet'>],300,1,False,True,,,0.9,,,,,,,234,281,261,239,1.0,0.896551724137931,1.0,0.9163179916317992,naive_on_mean
0.9,100,500,False,True,False,False,"{'transform_func': <function transform_X at 0x7f496a613370>, 'beta': array([1, 2, 3, 4]), 'uniform_range_x': [-2, 2]}",<function generate_sim_data at 0x7f4967c62050>,1,0,"[{'n_iter': 200, 'patience': 100, 'input_size': 1, 'h_sizes': [40, 40]}]",[<class 'models.NueralNet'>],300,1,False,True,True,True,0.9000000000000341,0.97,0.7999999999999998,0.9000000000000341,0.97,0.9866666666666667,33.0,149,471,260,240,1.0,0.573076923076923,1.0,0.12083333333333335,CS_on_y
0.9,100,500,False,True,False,False,"{'transform_func': <function transform_X at 0x7f496a613370>, 'beta': array([1, 2, 3, 4]), 'uniform_range_x': [-2, 2]}",<function generate_sim_data at 0x7f4967c62050>,1,0,"[{'n_iter': 200, 'patience': 100, 'input_size': 1, 'h_sizes': [40, 40]}]",[<class 'models.NueralNet'>],300,1,False,True,,,0.9,,,,,,,207,346,260,240,1.0,0.7961538461538462,1.0,0.6416666666666666,naive_on_y
0.9,100,500,False,True,False,False,"{'transform_func': <function transform_X at 0x7f496a613370>, 'beta': array([1, 2, 3, 4]), 'uniform_range_x': [-2, 2]}",<function generate_sim_data at 0x7f4967c62050>,1,0,"[{'n_iter': 200, 'patience': 100, 'input_size': 1, 'h_sizes': [40, 40]}]",[<class 'models.NueralNet'>],300,1,False,True,True,True,0.9000000000000341,0.9633333333333334,0.8666666666666667,0.9000000000000341,0.9633333333333334,0.9866666666666667,14.0,245,308,272,228,1.0,0.9007352941176471,1.0,0.8421052631578947,CS_on_mean
0.9,100,500,False,True,False,False,"{'transform_func': <function transform_X at 0x7f496a613370>, 'beta': array([1, 2, 3, 4]), 'uniform_range_x': [-2, 2]}",<function generate_sim_data at 0x7f4967c62050>,1,0,"[{'n_iter': 200, 'patience': 100, 'input_size': 1, 'h_sizes': [40, 40]}]",[<class 'models.NueralNet'>],300,1,False,True,,,0.9,,,,,,,259,297,272,228,1.0,0.9522058823529411,1.0,0.8903508771929824,naive_on_mean
0.9,100,500,False,True,False,False,"{'transform_func': <function transform_X at 0x7f496a613370>, 'beta': array([1, 2, 3, 4]), 'uniform_range_x': [-2, 2]}",<function generate_sim_data at 0x7f4967c62050>,1,0,"[{'n_iter': 200, 'patience': 100, 'input_size': 1, 'h_sizes': [40, 40]}]",[<class 'models.NueralNet'>],300,1,False,True,True,True,0.9000000000000341,0.9733333333333334,0.8933333333333333,0.9000000000000341,0.9733333333333334,1.0,33.0,143,406,268,232,1.0,0.5335820895522387,1.0,0.4051724137931034,CS_on_y
0.9,100,500,False,True,False,False,"{'transform_func': <function transform_X at 0x7f496a613370>, 'beta': array([1, 2, 3, 4]), 'uniform_range_x': [-2, 2]}",<function generate_sim_data at 0x7f4967c62050>,1,0,"[{'n_iter': 200, 'patience': 100, 'input_size': 1, 'h_sizes': [40, 40]}]",[<class 'models.NueralNet'>],300,1,False,True,,,0.9,,,,,,,200,362,268,232,1.0,0.7462686567164178,1.0,0.5948275862068966,naive_on_y
0.9,100,500,False,True,False,False,"{'transform_func': <function transform_X at 0x7f496a613370>, 'beta': array([1, 2, 3, 4]), 'uniform_range_x': [-2, 2]}",<function generate_sim_data at 0x7f4967c62050>,1,0,"[{'n_iter': 200, 'patience': 100, 'input_size': 1, 'h_sizes': [40, 40]}]",[<class 'models.NueralNet'>],300,1,False,True,True,True,0.9000000000000341,0.9733333333333334,0.8466666666666667,0.9000000000000341,0.9733333333333334,0.99,12.0,227,391,260,240,1.0,0.8730769230769231,1.0,0.4541666666666667,CS_on_mean
0.9,100,500,False,True,False,False,"{'transform_func': <function transform_X at 0x7f496a613370>, 'beta': array([1, 2, 3, 4]), 'uniform_range_x': [-2, 2]}",<function generate_sim_data at 0x7f4967c62050>,1,0,"[{'n_iter': 200, 'patience': 100, 'input_size': 1, 'h_sizes': [40, 40]}]",[<class 'models.NueralNet'>],300,1,False,True,,,0.9,,,,,,,238,277,260,240,1.0,0.9153846153846154,1.0,0.9291666666666667,naive_on_mean
0.9,100,500,False,True,False,False,"{'transform_func': <function transform_X at 0x7f496a613370>, 'beta': array([1, 2, 3, 4]), 'uniform_range_x': [-2, 2]}",<function generate_sim_data at 0x7f4967c62050>,1,0,"[{'n_iter': 200, 'patience': 100, 'input_size': 1, 'h_sizes': [40, 40]}]",[<class 'models.NueralNet'>],300,1,False,True,True,True,0.9000000000000341,0.98,0.8033333333333332,0.9000000000000341,0.98,0.9966666666666667,37.0,125,469,260,240,1.0,0.4807692307692307,1.0,0.12916666666666665,CS_on_y
0.9,100,500,False,True,False,False,"{'transform_func': <function transform_X at 0x7f496a613370>, 'beta': array([1, 2, 3, 4]), 'uniform_range_x': [-2, 2]}",<function generate_sim_data at 0x7f4967c62050>,1,0,"[{'n_iter': 200, 'patience': 100, 'input_size': 1, 'h_sizes': [40, 40]}]",[<class 'models.NueralNet'>],300,1,False,True,,,0.9,,,,,,,186,386,260,240,1.0,0.7153846153846154,1.0,0.475,naive_on_y
0.9,100,500,False,True,False,False,"{'transform_func': <function transform_X at 0x7f496a613370>, 'beta': array([1, 2, 3, 4]), 'uniform_range_x': [-2, 2]}",<function generate_sim_data at 0x7f4967c62050>,1,0,"[{'n_iter': 200, 'patience': 100, 'input_size': 1, 'h_sizes': [40, 40]}]",[<class 'models.NueralNet'>],300,1,False,True,False,True,0.9000000000000341,0.9666666666666667,0.8833333333333333,0.9000000000000341,0.9666666666666667,0.9866666666666667,18.0,244,396,265,235,1.0,0.9207547169811321,1.0,0.4425531914893617,CS_on_mean
0.9,100,500,False,True,False,False,"{'transform_func': <function transform_X at 0x7f496a613370>, 'beta': array([1, 2, 3, 4]), 'uniform_range_x': [-2, 2]}",<function generate_sim_data at 0x7f4967c62050>,1,0,"[{'n_iter': 200, 'patience': 100, 'input_size': 1, 'h_sizes': [40, 40]}]",[<class 'models.NueralNet'>],300,1,False,True,,,0.9,,,,,,,250,288,265,235,1.0,0.9433962264150944,1.0,0.902127659574468,naive_on_mean
0.9,100,500,False,True,False,False,"{'transform_func': <function transform_X at 0x7f496a613370>, 'beta': array([1, 2, 3, 4]), 'uniform_range_x': [-2, 2]}",<function generate_sim_data at 0x7f4967c62050>,1,0,"[{'n_iter': 200, 'patience': 100, 'input_size': 1, 'h_sizes': [40, 40]}]",[<class 'models.NueralNet'>],300,1,False,True,True,True,0.9000000000000341,0.9733333333333334,0.75,0.9000000000000341,0.9733333333333334,0.9966666666666667,19.0,159,444,262,238,1.0,0.6068702290076335,1.0,0.23529411764705888,CS_on_y
0.9,100,500,False,True,False,False,"{'transform_func': <function transform_X at 0x7f496a613370>, 'beta': array([1, 2, 3, 4]), 'uniform_range_x': [-2, 2]}",<function generate_sim_data at 0x7f4967c62050>,1,0,"[{'n_iter': 200, 'patience': 100, 'input_size': 1, 'h_sizes': [40, 40]}]",[<class 'models.NueralNet'>],300,1,False,False,,,0.9,,,,,,,206,402,262,238,0.9951456310679612,0.7824427480916031,1.0,0.4117647058823529,naive_on_y
0.9,100,500,False,True,False,False,"{'transform_func': <function transform_X at 0x7f496a613370>, 'beta': array([1, 2, 3, 4]), 'uniform_range_x': [-2, 2]}",<function generate_sim_data at 0x7f4967c62050>,1,0,"[{'n_iter': 200, 'patience': 100, 'input_size': 1, 'h_sizes': [40, 40]}]",[<class 'models.NueralNet'>],300,1,False,True,True,True,0.9000000000000341,0.9933333333333333,0.9866666666666666,0.9000000000000341,0.9933333333333333,0.9966666666666667,273.0,143,495,268,232,1.0,0.5335820895522387,1.0,0.02155172413793105,CS_on_mean
0.9,100,500,False,True,False,False,"{'transform_func': <function transform_X at 0x7f496a613370>, 'beta': array([1, 2, 3, 4]), 'uniform_range_x': [-2, 2]}",<function generate_sim_data at 0x7f4967c62050>,1,0,"[{'n_iter': 200, 'patience': 100, 'input_size': 1, 'h_sizes': [40, 40]}]",[<class 'models.NueralNet'>],300,1,False,True,,,0.9,,,,,,,244,301,268,232,1.0,0.9104477611940298,1.0,0.8577586206896551,naive_on_mean
0.9,100,500,False,True,False,False,"{'transform_func': <function transform_X at 0x7f496a613370>, 'beta': array([1, 2, 3, 4]), 'uniform_range_x': [-2, 2]}",<function generate_sim_data at 0x7f4967c62050>,1,0,"[{'n_iter': 200, 'patience': 100, 'input_size': 1, 'h_sizes': [40, 40]}]",[<class 'models.NueralNet'>],300,1,False,True,True,True,0.9000000000000341,0.9833333333333333,0.8900000000000001,0.9000000000000341,0.9833333333333333,1.0,52.0,63,500,269,231,1.0,0.23420074349442377,1.0,0.0,CS_on_y
0.9,100,500,False,True,False,False,"{'transform_func': <function transform_X at 0x7f496a613370>, 'beta': array([1, 2, 3, 4]), 'uniform_range_x': [-2, 2]}",<function generate_sim_data at 0x7f4967c62050>,1,0,"[{'n_iter': 200, 'patience': 100, 'input_size': 1, 'h_sizes': [40, 40]}]",[<class 'models.NueralNet'>],300,1,False,True,,,0.9,,,,,,,199,348,269,231,1.0,0.7397769516728625,1.0,0.6580086580086579,naive_on_y
0.9,100,500,False,True,False,False,"{'transform_func': <function transform_X at 0x7f496a613370>, 'beta': array([1, 2, 3, 4]), 'uniform_range_x': [-2, 2]}",<function generate_sim_data at 0x7f4967c62050>,1,0,"[{'n_iter': 200, 'patience': 100, 'input_size': 1, 'h_sizes': [40, 40]}]",[<class 'models.NueralNet'>],300,1,False,True,True,True,0.8999999999999204,0.9666666666666667,0.76,0.8999999999999204,0.9666666666666667,0.9833333333333333,4.0,231,289,254,246,1.0,0.9094488188976377,1.0,0.8577235772357723,CS_on_mean
0.9,100,500,False,True,False,False,"{'transform_func': <function transform_X at 0x7f496a613370>, 'beta': array([1, 2, 3, 4]), 'uniform_range_x': [-2, 2]}",<function generate_sim_data at 0x7f4967c62050>,1,0,"[{'n_iter': 200, 'patience': 100, 'input_size': 1, 'h_sizes': [40, 40]}]",[<class 'models.NueralNet'>],300,1,False,True,,,0.9,,,,,,,243,287,254,246,1.0,0.9566929133858267,1.0,0.8658536585365854,naive_on_mean
0.9,100,500,False,True,False,False,"{'transform_func': <function transform_X at 0x7f496a613370>, 'beta': array([1, 2, 3, 4]), 'uniform_range_x': [-2, 2]}",<function generate_sim_data at 0x7f4967c62050>,1,0,"[{'n_iter': 200, 'patience': 100, 'input_size': 1, 'h_sizes': [40, 40]}]",[<class 'models.NueralNet'>],300,1,False,True,True,True,0.9000000000000341,0.9733333333333334,0.7866666666666666,0.9000000000000341,0.9733333333333334,0.9933333333333333,41.0,153,397,266,234,1.0,0.575187969924812,1.0,0.44017094017094016,CS_on_y
0.9,100,500,False,True,False,False,"{'transform_func': <function transform_X at 0x7f496a613370>, 'beta': array([1, 2, 3, 4]), 'uniform_range_x': [-2, 2]}",<function generate_sim_data at 0x7f4967c62050>,1,0,"[{'n_iter': 200, 'patience': 100, 'input_size': 1, 'h_sizes': [40, 40]}]",[<class 'models.NueralNet'>],300,1,False,False,,,0.9,,,,,,,203,341,266,234,1.0,0.7631578947368421,0.9937106918238994,0.6752136752136753,naive_on_y
0.9,100,500,False,True,False,False,"{'transform_func': <function transform_X at 0x7f496a613370>, 'beta': array([1, 2, 3, 4]), 'uniform_range_x': [-2, 2]}",<function generate_sim_data at 0x7f4967c62050>,1,0,"[{'n_iter': 200, 'patience': 100, 'input_size': 1, 'h_sizes': [40, 40]}]",[<class 'models.NueralNet'>],300,1,False,True,True,True,0.9000000000000341,0.9966666666666667,0.9300000000000002,0.9000000000000341,0.9966666666666667,0.9966666666666667,219.0,197,295,249,251,1.0,0.7911646586345382,1.0,0.8167330677290836,CS_on_mean
0.9,100,500,False,True,False,False,"{'transform_func': <function transform_X at 0x7f496a613370>, 'beta': array([1, 2, 3, 4]), 'uniform_range_x': [-2, 2]}",<function generate_sim_data at 0x7f4967c62050>,1,0,"[{'n_iter': 200, 'patience': 100, 'input_size': 1, 'h_sizes': [40, 40]}]",[<class 'models.NueralNet'>],300,1,False,True,,,0.9,,,,,,,227,284,249,251,1.0,0.9116465863453815,1.0,0.8605577689243028,naive_on_mean
0.9,100,500,False,True,False,False,"{'transform_func': <function transform_X at 0x7f496a613370>, 'beta': array([1, 2, 3, 4]), 'uniform_range_x': [-2, 2]}",<function generate_sim_data at 0x7f4967c62050>,1,0,"[{'n_iter': 200, 'patience': 100, 'input_size': 1, 'h_sizes': [40, 40]}]",[<class 'models.NueralNet'>],300,1,False,True,True,True,0.8999999999999773,0.99,0.9533333333333334,0.8999999999999773,0.99,1.0,29.0,41,500,237,263,1.0,0.1729957805907173,1.0,0.0,CS_on_y
0.9,100,500,False,True,False,False,"{'transform_func': <function transform_X at 0x7f496a613370>, 'beta': array([1, 2, 3, 4]), 'uniform_range_x': [-2, 2]}",<function generate_sim_data at 0x7f4967c62050>,1,0,"[{'n_iter': 200, 'patience': 100, 'input_size': 1, 'h_sizes': [40, 40]}]",[<class 'models.NueralNet'>],300,1,False,True,,,0.9,,,,,,,181,334,237,263,1.0,0.7637130801687764,1.0,0.6311787072243347,naive_on_y
0.9,100,500,False,True,False,False,"{'transform_func': <function transform_X at 0x7f496a613370>, 'beta': array([1, 2, 3, 4]), 'uniform_range_x': [-2, 2]}",<function generate_sim_data at 0x7f4967c62050>,1,0,"[{'n_iter': 200, 'patience': 100, 'input_size': 1, 'h_sizes': [40, 40]}]",[<class 'models.NueralNet'>],300,1,False,True,True,True,0.9000000000000341,0.9566666666666667,0.8199999999999998,0.9000000000000341,0.9566666666666667,0.9766666666666667,6.0,251,315,278,222,1.0,0.9028776978417266,1.0,0.8333333333333334,CS_on_mean
0.9,100,500,False,True,False,False,"{'transform_func': <function transform_X at 0x7f496a613370>, 'beta': array([1, 2, 3, 4]), 'uniform_range_x': [-2, 2]}",<function generate_sim_data at 0x7f4967c62050>,1,0,"[{'n_iter': 200, 'patience': 100, 'input_size': 1, 'h_sizes': [40, 40]}]",[<class 'models.NueralNet'>],300,1,False,True,,,0.9,,,,,,,260,315,278,222,1.0,0.935251798561151,1.0,0.8333333333333334,naive_on_mean
0.9,100,500,False,True,False,False,"{'transform_func': <function transform_X at 0x7f496a613370>, 'beta': array([1, 2, 3, 4]), 'uniform_range_x': [-2, 2]}",<function generate_sim_data at 0x7f4967c62050>,1,0,"[{'n_iter': 200, 'patience': 100, 'input_size': 1, 'h_sizes': [40, 40]}]",[<class 'models.NueralNet'>],300,1,False,True,True,True,0.9000000000000341,0.96,0.6266666666666665,0.9000000000000341,0.96,0.99,16.0,157,499,286,214,1.0,0.548951048951049,1.0,0.004672897196261627,CS_on_y
0.9,100,500,False,True,False,False,"{'transform_func': <function transform_X at 0x7f496a613370>, 'beta': array([1, 2, 3, 4]), 'uniform_range_x': [-2, 2]}",<function generate_sim_data at 0x7f4967c62050>,1,0,"[{'n_iter': 200, 'patience': 100, 'input_size': 1, 'h_sizes': [40, 40]}]",[<class 'models.NueralNet'>],300,1,False,True,,,0.9,,,,,,,222,435,286,214,1.0,0.7762237762237763,1.0,0.3037383177570093,naive_on_y
0.9,100,500,False,True,False,False,"{'transform_func': <function transform_X at 0x7f496a613370>, 'beta': array([1, 2, 3, 4]), 'uniform_range_x': [-2, 2]}",<function generate_sim_data at 0x7f4967c62050>,1,0,"[{'n_iter': 200, 'patience': 100, 'input_size': 1, 'h_sizes': [40, 40]}]",[<class 'models.NueralNet'>],300,1,False,True,True,True,0.9000000000000341,0.9566666666666667,0.7766666666666666,0.9000000000000341,0.9566666666666667,0.9766666666666667,15.0,241,313,274,226,1.0,0.8795620437956204,1.0,0.8274336283185841,CS_on_mean
0.9,100,500,False,True,False,False,"{'transform_func': <function transform_X at 0x7f496a613370>, 'beta': array([1, 2, 3, 4]), 'uniform_range_x': [-2, 2]}",<function generate_sim_data at 0x7f4967c62050>,1,0,"[{'n_iter': 200, 'patience': 100, 'input_size': 1, 'h_sizes': [40, 40]}]",[<class 'models.NueralNet'>],300,1,False,True,,,0.9,,,,,,,248,295,274,226,1.0,0.9051094890510949,1.0,0.9070796460176991,naive_on_mean
0.9,100,500,False,True,False,False,"{'transform_func': <function transform_X at 0x7f496a613370>, 'beta': array([1, 2, 3, 4]), 'uniform_range_x': [-2, 2]}",<function generate_sim_data at 0x7f4967c62050>,1,0,"[{'n_iter': 200, 'patience': 100, 'input_size': 1, 'h_sizes': [40, 40]}]",[<class 'models.NueralNet'>],300,1,False,True,True,True,0.9000000000000341,0.9566666666666667,0.7433333333333334,0.9000000000000341,0.9566666666666667,0.9933333333333333,37.0,160,411,276,224,1.0,0.5797101449275363,1.0,0.3973214285714286,CS_on_y
0.9,100,500,False,True,False,False,"{'transform_func': <function transform_X at 0x7f496a613370>, 'beta': array([1, 2, 3, 4]), 'uniform_range_x': [-2, 2]}",<function generate_sim_data at 0x7f4967c62050>,1,0,"[{'n_iter': 200, 'patience': 100, 'input_size': 1, 'h_sizes': [40, 40]}]",[<class 'models.NueralNet'>],300,1,False,True,,,0.9,,,,,,,202,339,276,224,1.0,0.7318840579710144,1.0,0.71875,naive_on_y
0.9,100,500,False,True,False,False,"{'transform_func': <function transform_X at 0x7f496a613370>, 'beta': array([1, 2, 3, 4]), 'uniform_range_x': [-2, 2]}",<function generate_sim_data at 0x7f4967c62050>,1,0,"[{'n_iter': 200, 'patience': 100, 'input_size': 1, 'h_sizes': [40, 40]}]",[<class 'models.NueralNet'>],300,1,False,True,True,True,0.9000000000000341,0.9766666666666667,0.77,0.9000000000000341,0.9766666666666667,0.9833333333333333,9.0,255,312,267,233,1.0,0.9550561797752809,1.0,0.8068669527896996,CS_on_mean
0.9,100,500,False,True,False,False,"{'transform_func': <function transform_X at 0x7f496a613370>, 'beta': array([1, 2, 3, 4]), 'uniform_range_x': [-2, 2]}",<function generate_sim_data at 0x7f4967c62050>,1,0,"[{'n_iter': 200, 'patience': 100, 'input_size': 1, 'h_sizes': [40, 40]}]",[<class 'models.NueralNet'>],300,1,False,True,,,0.9,,,,,,,257,301,267,233,1.0,0.9625468164794008,1.0,0.8540772532188841,naive_on_mean
0.9,100,500,False,True,False,False,"{'transform_func': <function transform_X at 0x7f496a613370>, 'beta': array([1, 2, 3, 4]), 'uniform_range_x': [-2, 2]}",<function generate_sim_data at 0x7f4967c62050>,1,0,"[{'n_iter': 200, 'patience': 100, 'input_size': 1, 'h_sizes': [40, 40]}]",[<class 'models.NueralNet'>],300,1,False,True,True,True,0.8999999999999773,0.9633333333333334,0.74,0.8999999999999773,0.9633333333333334,0.9966666666666667,15.0,172,426,272,228,1.0,0.6323529411764706,1.0,0.32456140350877194,CS_on_y
0.9,100,500,False,True,False,False,"{'transform_func': <function transform_X at 0x7f496a613370>, 'beta': array([1, 2, 3, 4]), 'uniform_range_x': [-2, 2]}",<function generate_sim_data at 0x7f4967c62050>,1,0,"[{'n_iter': 200, 'patience': 100, 'input_size': 1, 'h_sizes': [40, 40]}]",[<class 'models.NueralNet'>],300,1,False,True,,,0.9,,,,,,,210,347,272,228,1.0,0.7720588235294118,1.0,0.6710526315789473,naive_on_y
0.9,100,500,False,True,False,False,"{'transform_func': <function transform_X at 0x7f496a613370>, 'beta': array([1, 2, 3, 4]), 'uniform_range_x': [-2, 2]}",<function generate_sim_data at 0x7f4967c62050>,1,0,"[{'n_iter': 200, 'patience': 100, 'input_size': 1, 'h_sizes': [40, 40]}]",[<class 'models.NueralNet'>],300,1,False,True,True,True,0.9000000000000341,0.9733333333333334,0.8666666666666667,0.9000000000000341,0.9733333333333334,0.9933333333333333,11.0,240,292,272,228,1.0,0.8823529411764706,1.0,0.9122807017543859,CS_on_mean
0.9,100,500,False,True,False,False,"{'transform_func': <function transform_X at 0x7f496a613370>, 'beta': array([1, 2, 3, 4]), 'uniform_range_x': [-2, 2]}",<function generate_sim_data at 0x7f4967c62050>,1,0,"[{'n_iter': 200, 'patience': 100, 'input_size': 1, 'h_sizes': [40, 40]}]",[<class 'models.NueralNet'>],300,1,False,True,,,0.9,,,,,,,248,284,272,228,1.0,0.9117647058823529,1.0,0.9473684210526316,naive_on_mean
0.9,100,500,False,True,False,False,"{'transform_func': <function transform_X at 0x7f496a613370>, 'beta': array([1, 2, 3, 4]), 'uniform_range_x': [-2, 2]}",<function generate_sim_data at 0x7f4967c62050>,1,0,"[{'n_iter': 200, 'patience': 100, 'input_size': 1, 'h_sizes': [40, 40]}]",[<class 'models.NueralNet'>],300,1,False,True,True,True,0.8999999999999773,0.95,0.71,0.8999999999999773,0.95,0.99,19.0,153,472,273,227,1.0,0.5604395604395604,1.0,0.12334801762114533,CS_on_y
0.9,100,500,False,True,False,False,"{'transform_func': <function transform_X at 0x7f496a613370>, 'beta': array([1, 2, 3, 4]), 'uniform_range_x': [-2, 2]}",<function generate_sim_data at 0x7f4967c62050>,1,0,"[{'n_iter': 200, 'patience': 100, 'input_size': 1, 'h_sizes': [40, 40]}]",[<class 'models.NueralNet'>],300,1,False,False,,,0.9,,,,,,,202,353,273,227,0.995049504950495,0.7362637362637363,1.0,0.6475770925110131,naive_on_y
0.9,100,500,False,True,False,False,"{'transform_func': <function transform_X at 0x7f496a613370>, 'beta': array([1, 2, 3, 4]), 'uniform_range_x': [-2, 2]}",<function generate_sim_data at 0x7f4967c62050>,1,0,"[{'n_iter': 200, 'patience': 100, 'input_size': 1, 'h_sizes': [40, 40]}]",[<class 'models.NueralNet'>],300,1,False,True,False,True,0.9000000000000341,0.9733333333333334,0.9233333333333333,0.9000000000000341,0.9733333333333334,0.99,10.0,252,315,275,225,1.0,0.9163636363636364,1.0,0.8222222222222222,CS_on_mean
0.9,100,500,False,True,False,False,"{'transform_func': <function transform_X at 0x7f496a613370>, 'beta': array([1, 2, 3, 4]), 'uniform_range_x': [-2, 2]}",<function generate_sim_data at 0x7f4967c62050>,1,0,"[{'n_iter': 200, 'patience': 100, 'input_size': 1, 'h_sizes': [40, 40]}]",[<class 'models.NueralNet'>],300,1,False,True,,,0.9,,,,,,,258,295,275,225,1.0,0.9381818181818182,1.0,0.9111111111111111,naive_on_mean
0.9,100,500,False,True,False,False,"{'transform_func': <function transform_X at 0x7f496a613370>, 'beta': array([1, 2, 3, 4]), 'uniform_range_x': [-2, 2]}",<function generate_sim_data at 0x7f4967c62050>,1,0,"[{'n_iter': 200, 'patience': 100, 'input_size': 1, 'h_sizes': [40, 40]}]",[<class 'models.NueralNet'>],300,1,False,True,True,True,0.9000000000000341,0.9633333333333334,0.7000000000000002,0.9000000000000341,0.9633333333333334,0.9866666666666667,22.0,156,494,268,232,1.0,0.582089552238806,1.0,0.025862068965517238,CS_on_y
0.9,100,500,False,True,False,False,"{'transform_func': <function transform_X at 0x7f496a613370>, 'beta': array([1, 2, 3, 4]), 'uniform_range_x': [-2, 2]}",<function generate_sim_data at 0x7f4967c62050>,1,0,"[{'n_iter': 200, 'patience': 100, 'input_size': 1, 'h_sizes': [40, 40]}]",[<class 'models.NueralNet'>],300,1,False,True,,,0.9,,,,,,,212,378,268,232,1.0,0.791044776119403,1.0,0.5258620689655172,naive_on_y
0.9,100,500,False,True,False,False,"{'transform_func': <function transform_X at 0x7f496a613370>, 'beta': array([1, 2, 3, 4]), 'uniform_range_x': [-2, 2]}",<function generate_sim_data at 0x7f4967c62050>,1,0,"[{'n_iter': 200, 'patience': 100, 'input_size': 1, 'h_sizes': [40, 40]}]",[<class 'models.NueralNet'>],300,1,False,True,True,True,0.9000000000000341,0.9933333333333333,0.9266666666666667,0.9000000000000341,0.9933333333333333,0.9933333333333333,160.0,221,296,247,253,1.0,0.8947368421052632,1.0,0.8063241106719368,CS_on_mean
0.9,100,500,False,True,False,False,"{'transform_func': <function transform_X at 0x7f496a613370>, 'beta': array([1, 2, 3, 4]), 'uniform_range_x': [-2, 2]}",<function generate_sim_data at 0x7f4967c62050>,1,0,"[{'n_iter': 200, 'patience': 100, 'input_size': 1, 'h_sizes': [40, 40]}]",[<class 'models.NueralNet'>],300,1,False,True,,,0.9,,,,,,,228,277,247,253,1.0,0.9230769230769231,1.0,0.8814229249011858,naive_on_mean
0.9,100,500,False,True,False,False,"{'transform_func': <function transform_X at 0x7f496a613370>, 'beta': array([1, 2, 3, 4]), 'uniform_range_x': [-2, 2]}",<function generate_sim_data at 0x7f4967c62050>,1,0,"[{'n_iter': 200, 'patience': 100, 'input_size': 1, 'h_sizes': [40, 40]}]",[<class 'models.NueralNet'>],300,1,False,True,True,True,0.9000000000000341,0.9933333333333333,0.97,0.9000000000000341,0.9933333333333333,1.0,112.0,51,500,248,252,1.0,0.20564516129032262,1.0,0.0,CS_on_y
0.9,100,500,False,True,False,False,"{'transform_func': <function transform_X at 0x7f496a613370>, 'beta': array([1, 2, 3, 4]), 'uniform_range_x': [-2, 2]}",<function generate_sim_data at 0x7f4967c62050>,1,0,"[{'n_iter': 200, 'patience': 100, 'input_size': 1, 'h_sizes': [40, 40]}]",[<class 'models.NueralNet'>],300,1,False,True,,,0.9,,,,,,,193,326,248,252,1.0,0.7782258064516129,1.0,0.6904761904761905,naive_on_y
0.9,100,500,False,True,False,False,"{'transform_func': <function transform_X at 0x7f496a613370>, 'beta': array([1, 2, 3, 4]), 'uniform_range_x': [-2, 2]}",<function generate_sim_data at 0x7f4967c62050>,1,0,"[{'n_iter': 200, 'patience': 100, 'input_size': 1, 'h_sizes': [40, 40]}]",[<class 'models.NueralNet'>],300,1,False,True,True,True,0.9000000000000341,0.9966666666666667,0.9766666666666666,0.9000000000000341,0.9966666666666667,0.9966666666666667,67.0,216,274,250,250,1.0,0.864,1.0,0.904,CS_on_mean
0.9,100,500,False,True,False,False,"{'transform_func': <function transform_X at 0x7f496a613370>, 'beta': array([1, 2, 3, 4]), 'uniform_range_x': [-2, 2]}",<function generate_sim_data at 0x7f4967c62050>,1,0,"[{'n_iter': 200, 'patience': 100, 'input_size': 1, 'h_sizes': [40, 40]}]",[<class 'models.NueralNet'>],300,1,False,True,,,0.9,,,,,,,239,259,250,250,1.0,0.956,1.0,0.964,naive_on_mean
0.9,100,500,False,True,False,False,"{'transform_func': <function transform_X at 0x7f496a613370>, 'beta': array([1, 2, 3, 4]), 'uniform_range_x': [-2, 2]}",<function generate_sim_data at 0x7f4967c62050>,1,0,"[{'n_iter': 200, 'patience': 100, 'input_size': 1, 'h_sizes': [40, 40]}]",[<class 'models.NueralNet'>],300,1,False,True,True,True,0.8999999999999773,0.9833333333333333,0.8833333333333333,0.8999999999999773,0.9833333333333333,1.0,90.0,120,462,254,246,1.0,0.4724409448818898,1.0,0.1544715447154471,CS_on_y
0.9,100,500,False,True,False,False,"{'transform_func': <function transform_X at 0x7f496a613370>, 'beta': array([1, 2, 3, 4]), 'uniform_range_x': [-2, 2]}",<function generate_sim_data at 0x7f4967c62050>,1,0,"[{'n_iter': 200, 'patience': 100, 'input_size': 1, 'h_sizes': [40, 40]}]",[<class 'models.NueralNet'>],300,1,False,True,,,0.9,,,,,,,195,306,254,246,1.0,0.7677165354330708,1.0,0.7886178861788617,naive_on_y
0.9,100,500,False,True,False,False,"{'transform_func': <function transform_X at 0x7f496a613370>, 'beta': array([1, 2, 3, 4]), 'uniform_range_x': [-2, 2]}",<function generate_sim_data at 0x7f4967c62050>,1,0,"[{'n_iter': 200, 'patience': 100, 'input_size': 1, 'h_sizes': [40, 40]}]",[<class 'models.NueralNet'>],300,1,False,True,True,True,0.9000000000000341,0.9633333333333334,0.8200000000000001,0.9000000000000341,0.9633333333333334,0.9933333333333333,9.0,250,410,278,222,1.0,0.8992805755395683,1.0,0.4054054054054054,CS_on_mean
0.9,100,500,False,True,False,False,"{'transform_func': <function transform_X at 0x7f496a613370>, 'beta': array([1, 2, 3, 4]), 'uniform_range_x': [-2, 2]}",<function generate_sim_data at 0x7f4967c62050>,1,0,"[{'n_iter': 200, 'patience': 100, 'input_size': 1, 'h_sizes': [40, 40]}]",[<class 'models.NueralNet'>],300,1,False,True,,,0.9,,,,,,,256,305,278,222,1.0,0.920863309352518,1.0,0.8783783783783784,naive_on_mean
0.9,100,500,False,True,False,False,"{'transform_func': <function transform_X at 0x7f496a613370>, 'beta': array([1, 2, 3, 4]), 'uniform_range_x': [-2, 2]}",<function generate_sim_data at 0x7f4967c62050>,1,0,"[{'n_iter': 200, 'patience': 100, 'input_size': 1, 'h_sizes': [40, 40]}]",[<class 'models.NueralNet'>],300,1,False,True,True,True,0.9000000000000341,0.9833333333333333,0.8799999999999999,0.9000000000000341,0.9833333333333333,0.9966666666666667,158.0,126,496,277,223,1.0,0.4548736462093863,1.0,0.017937219730941756,CS_on_y
0.9,100,500,False,True,False,False,"{'transform_func': <function transform_X at 0x7f496a613370>, 'beta': array([1, 2, 3, 4]), 'uniform_range_x': [-2, 2]}",<function generate_sim_data at 0x7f4967c62050>,1,0,"[{'n_iter': 200, 'patience': 100, 'input_size': 1, 'h_sizes': [40, 40]}]",[<class 'models.NueralNet'>],300,1,False,True,,,0.9,,,,,,,208,418,277,223,1.0,0.7509025270758123,1.0,0.3677130044843049,naive_on_y
0.9,100,500,False,True,False,False,"{'transform_func': <function transform_X at 0x7f496a613370>, 'beta': array([1, 2, 3, 4]), 'uniform_range_x': [-2, 2]}",<function generate_sim_data at 0x7f4967c62050>,1,0,"[{'n_iter': 200, 'patience': 100, 'input_size': 1, 'h_sizes': [40, 40]}]",[<class 'models.NueralNet'>],300,1,False,True,False,True,0.9000000000000341,0.9933333333333333,0.9233333333333333,0.9000000000000341,0.9933333333333333,0.9966666666666667,207.0,225,315,265,235,1.0,0.8490566037735849,1.0,0.7872340425531915,CS_on_mean
0.9,100,500,False,True,False,False,"{'transform_func': <function transform_X at 0x7f496a613370>, 'beta': array([1, 2, 3, 4]), 'uniform_range_x': [-2, 2]}",<function generate_sim_data at 0x7f4967c62050>,1,0,"[{'n_iter': 200, 'patience': 100, 'input_size': 1, 'h_sizes': [40, 40]}]",[<class 'models.NueralNet'>],300,1,False,True,,,0.9,,,,,,,243,284,265,235,1.0,0.9169811320754717,1.0,0.9191489361702128,naive_on_mean
0.9,100,500,False,True,False,False,"{'transform_func': <function transform_X at 0x7f496a613370>, 'beta': array([1, 2, 3, 4]), 'uniform_range_x': [-2, 2]}",<function generate_sim_data at 0x7f4967c62050>,1,0,"[{'n_iter': 200, 'patience': 100, 'input_size': 1, 'h_sizes': [40, 40]}]",[<class 'models.NueralNet'>],300,1,False,True,True,True,0.8999999999999773,0.9866666666666667,0.9466666666666668,0.8999999999999773,0.9866666666666667,1.0,27.0,42,500,269,231,1.0,0.15613382899628248,1.0,0.0,CS_on_y
0.9,100,500,False,True,False,False,"{'transform_func': <function transform_X at 0x7f496a613370>, 'beta': array([1, 2, 3, 4]), 'uniform_range_x': [-2, 2]}",<function generate_sim_data at 0x7f4967c62050>,1,0,"[{'n_iter': 200, 'patience': 100, 'input_size': 1, 'h_sizes': [40, 40]}]",[<class 'models.NueralNet'>],300,1,False,False,,,0.9,,,,,,,191,335,269,231,1.0,0.7100371747211895,0.9939393939393939,0.7099567099567099,naive_on_y
0.9,100,500,False,True,False,False,"{'transform_func': <function transform_X at 0x7f496a613370>, 'beta': array([1, 2, 3, 4]), 'uniform_range_x': [-2, 2]}",<function generate_sim_data at 0x7f4967c62050>,1,0,"[{'n_iter': 200, 'patience': 100, 'input_size': 1, 'h_sizes': [40, 40]}]",[<class 'models.NueralNet'>],300,1,False,True,True,True,0.9000000000000341,0.9766666666666667,0.8766666666666667,0.9000000000000341,0.9766666666666667,0.9933333333333333,7.0,233,313,263,237,1.0,0.8859315589353612,1.0,0.7890295358649789,CS_on_mean
0.9,100,500,False,True,False,False,"{'transform_func': <function transform_X at 0x7f496a613370>, 'beta': array([1, 2, 3, 4]), 'uniform_range_x': [-2, 2]}",<function generate_sim_data at 0x7f4967c62050>,1,0,"[{'n_iter': 200, 'patience': 100, 'input_size': 1, 'h_sizes': [40, 40]}]",[<class 'models.NueralNet'>],300,1,False,True,,,0.9,,,,,,,246,294,263,237,1.0,0.935361216730038,1.0,0.869198312236287,naive_on_mean
0.9,100,500,False,True,False,False,"{'transform_func': <function transform_X at 0x7f496a613370>, 'beta': array([1, 2, 3, 4]), 'uniform_range_x': [-2, 2]}",<function generate_sim_data at 0x7f4967c62050>,1,0,"[{'n_iter': 200, 'patience': 100, 'input_size': 1, 'h_sizes': [40, 40]}]",[<class 'models.NueralNet'>],300,1,False,True,True,True,0.8999999999999773,0.9666666666666667,0.7366666666666668,0.8999999999999773,0.9666666666666667,1.0,25.0,146,497,266,234,1.0,0.5488721804511278,1.0,0.012820512820512775,CS_on_y
0.9,100,500,False,True,False,False,"{'transform_func': <function transform_X at 0x7f496a613370>, 'beta': array([1, 2, 3, 4]), 'uniform_range_x': [-2, 2]}",<function generate_sim_data at 0x7f4967c62050>,1,0,"[{'n_iter': 200, 'patience': 100, 'input_size': 1, 'h_sizes': [40, 40]}]",[<class 'models.NueralNet'>],300,1,False,True,,,0.9,,,,,,,205,363,266,234,1.0,0.7706766917293233,1.0,0.5854700854700854,naive_on_y
0.9,100,500,False,True,False,False,"{'transform_func': <function transform_X at 0x7f496a613370>, 'beta': array([1, 2, 3, 4]), 'uniform_range_x': [-2, 2]}",<function generate_sim_data at 0x7f4967c62050>,1,0,"[{'n_iter': 200, 'patience': 100, 'input_size': 1, 'h_sizes': [40, 40]}]",[<class 'models.NueralNet'>],300,1,False,True,True,True,0.8999999999999773,0.9766666666666667,0.8599999999999999,0.8999999999999773,0.9766666666666667,0.9833333333333333,5.0,249,385,265,235,1.0,0.939622641509434,1.0,0.4893617021276596,CS_on_mean
0.9,100,500,False,True,False,False,"{'transform_func': <function transform_X at 0x7f496a613370>, 'beta': array([1, 2, 3, 4]), 'uniform_range_x': [-2, 2]}",<function generate_sim_data at 0x7f4967c62050>,1,0,"[{'n_iter': 200, 'patience': 100, 'input_size': 1, 'h_sizes': [40, 40]}]",[<class 'models.NueralNet'>],300,1,False,True,,,0.9,,,,,,,256,288,265,235,1.0,0.9660377358490566,1.0,0.902127659574468,naive_on_mean
0.9,100,500,False,True,False,False,"{'transform_func': <function transform_X at 0x7f496a613370>, 'beta': array([1, 2, 3, 4]), 'uniform_range_x': [-2, 2]}",<function generate_sim_data at 0x7f4967c62050>,1,0,"[{'n_iter': 200, 'patience': 100, 'input_size': 1, 'h_sizes': [40, 40]}]",[<class 'models.NueralNet'>],300,1,False,True,True,True,0.8999999999999773,0.9666666666666667,0.7366666666666666,0.8999999999999773,0.9666666666666667,0.9866666666666667,17.0,149,470,263,237,1.0,0.5665399239543727,1.0,0.12658227848101267,CS_on_y
0.9,100,500,False,True,False,False,"{'transform_func': <function transform_X at 0x7f496a613370>, 'beta': array([1, 2, 3, 4]), 'uniform_range_x': [-2, 2]}",<function generate_sim_data at 0x7f4967c62050>,1,0,"[{'n_iter': 200, 'patience': 100, 'input_size': 1, 'h_sizes': [40, 40]}]",[<class 'models.NueralNet'>],300,1,False,True,,,0.9,,,,,,,222,337,263,237,1.0,0.844106463878327,1.0,0.6877637130801688,naive_on_y
0.9,100,500,False,True,False,False,"{'transform_func': <function transform_X at 0x7f496a613370>, 'beta': array([1, 2, 3, 4]), 'uniform_range_x': [-2, 2]}",<function generate_sim_data at 0x7f4967c62050>,1,0,"[{'n_iter': 200, 'patience': 100, 'input_size': 1, 'h_sizes': [40, 40]}]",[<class 'models.NueralNet'>],300,1,False,True,True,True,0.8999999999999773,0.97,0.8833333333333333,0.8999999999999773,0.97,0.9866666666666667,10.0,211,371,237,263,1.0,0.890295358649789,1.0,0.49049429657794674,CS_on_mean
0.9,100,500,False,True,False,False,"{'transform_func': <function transform_X at 0x7f496a613370>, 'beta': array([1, 2, 3, 4]), 'uniform_range_x': [-2, 2]}",<function generate_sim_data at 0x7f4967c62050>,1,0,"[{'n_iter': 200, 'patience': 100, 'input_size': 1, 'h_sizes': [40, 40]}]",[<class 'models.NueralNet'>],300,1,False,True,,,0.9,,,,,,,226,258,237,263,1.0,0.9535864978902954,1.0,0.9201520912547528,naive_on_mean
0.9,100,500,False,True,False,False,"{'transform_func': <function transform_X at 0x7f496a613370>, 'beta': array([1, 2, 3, 4]), 'uniform_range_x': [-2, 2]}",<function generate_sim_data at 0x7f4967c62050>,1,0,"[{'n_iter': 200, 'patience': 100, 'input_size': 1, 'h_sizes': [40, 40]}]",[<class 'models.NueralNet'>],300,1,False,True,True,True,0.9000000000000341,0.9833333333333333,0.8566666666666667,0.9000000000000341,0.9833333333333333,1.0,29.0,89,500,237,263,1.0,0.3755274261603375,1.0,0.0,CS_on_y
0.9,100,500,False,True,False,False,"{'transform_func': <function transform_X at 0x7f496a613370>, 'beta': array([1, 2, 3, 4]), 'uniform_range_x': [-2, 2]}",<function generate_sim_data at 0x7f4967c62050>,1,0,"[{'n_iter': 200, 'patience': 100, 'input_size': 1, 'h_sizes': [40, 40]}]",[<class 'models.NueralNet'>],300,1,False,False,,,0.9,,,,,,,183,316,237,263,1.0,0.7721518987341772,0.9945652173913043,0.6958174904942966,naive_on_y
0.9,100,500,False,True,False,False,"{'transform_func': <function transform_X at 0x7f496a613370>, 'beta': array([1, 2, 3, 4]), 'uniform_range_x': [-2, 2]}",<function generate_sim_data at 0x7f4967c62050>,1,0,"[{'n_iter': 200, 'patience': 100, 'input_size': 1, 'h_sizes': [40, 40]}]",[<class 'models.NueralNet'>],300,1,False,True,True,True,0.9000000000000341,0.9633333333333334,0.8166666666666667,0.9000000000000341,0.9633333333333334,0.9866666666666667,9.0,256,320,280,220,1.0,0.9142857142857143,1.0,0.8181818181818181,CS_on_mean
0.9,100,500,False,True,False,False,"{'transform_func': <function transform_X at 0x7f496a613370>, 'beta': array([1, 2, 3, 4]), 'uniform_range_x': [-2, 2]}",<function generate_sim_data at 0x7f4967c62050>,1,0,"[{'n_iter': 200, 'patience': 100, 'input_size': 1, 'h_sizes': [40, 40]}]",[<class 'models.NueralNet'>],300,1,False,True,,,0.9,,,,,,,267,310,280,220,1.0,0.9535714285714285,1.0,0.8636363636363636,naive_on_mean
0.9,100,500,False,True,False,False,"{'transform_func': <function transform_X at 0x7f496a613370>, 'beta': array([1, 2, 3, 4]), 'uniform_range_x': [-2, 2]}",<function generate_sim_data at 0x7f4967c62050>,1,0,"[{'n_iter': 200, 'patience': 100, 'input_size': 1, 'h_sizes': [40, 40]}]",[<class 'models.NueralNet'>],300,1,False,True,True,True,0.900000000000091,0.98,0.78,0.900000000000091,0.98,0.9966666666666667,29.0,136,466,284,216,1.0,0.47887323943661975,1.0,0.15740740740740744,CS_on_y
0.9,100,500,False,True,False,False,"{'transform_func': <function transform_X at 0x7f496a613370>, 'beta': array([1, 2, 3, 4]), 'uniform_range_x': [-2, 2]}",<function generate_sim_data at 0x7f4967c62050>,1,0,"[{'n_iter': 200, 'patience': 100, 'input_size': 1, 'h_sizes': [40, 40]}]",[<class 'models.NueralNet'>],300,1,False,True,,,0.9,,,,,,,204,353,284,216,1.0,0.7183098591549295,1.0,0.6805555555555556,naive_on_y
0.9,100,500,False,True,False,False,"{'transform_func': <function transform_X at 0x7f496a613370>, 'beta': array([1, 2, 3, 4]), 'uniform_range_x': [-2, 2]}",<function generate_sim_data at 0x7f4967c62050>,1,0,"[{'n_iter': 200, 'patience': 100, 'input_size': 1, 'h_sizes': [40, 40]}]",[<class 'models.NueralNet'>],300,1,False,True,False,True,0.9000000000000341,0.9766666666666667,0.8666666666666667,0.9000000000000341,0.9766666666666667,0.98,9.0,266,323,291,209,1.0,0.9140893470790378,1.0,0.84688995215311,CS_on_mean
0.9,100,500,False,True,False,False,"{'transform_func': <function transform_X at 0x7f496a613370>, 'beta': array([1, 2, 3, 4]), 'uniform_range_x': [-2, 2]}",<function generate_sim_data at 0x7f4967c62050>,1,0,"[{'n_iter': 200, 'patience': 100, 'input_size': 1, 'h_sizes': [40, 40]}]",[<class 'models.NueralNet'>],300,1,False,True,,,0.9,,,,,,,270,308,291,209,1.0,0.9278350515463918,1.0,0.9186602870813397,naive_on_mean
0.9,100,500,False,True,False,False,"{'transform_func': <function transform_X at 0x7f496a613370>, 'beta': array([1, 2, 3, 4]), 'uniform_range_x': [-2, 2]}",<function generate_sim_data at 0x7f4967c62050>,1,0,"[{'n_iter': 200, 'patience': 100, 'input_size': 1, 'h_sizes': [40, 40]}]",[<class 'models.NueralNet'>],300,1,False,True,True,True,0.9000000000000341,0.9566666666666667,0.7233333333333334,0.9000000000000341,0.9566666666666667,1.0,35.0,163,493,291,209,1.0,0.5601374570446735,1.0,0.03349282296650713,CS_on_y
0.9,100,500,False,True,False,False,"{'transform_func': <function transform_X at 0x7f496a613370>, 'beta': array([1, 2, 3, 4]), 'uniform_range_x': [-2, 2]}",<function generate_sim_data at 0x7f4967c62050>,1,0,"[{'n_iter': 200, 'patience': 100, 'input_size': 1, 'h_sizes': [40, 40]}]",[<class 'models.NueralNet'>],300,1,False,False,,,0.9,,,,,,,232,353,291,209,0.9956896551724138,0.7938144329896908,1.0,0.7033492822966507,naive_on_y
0.9,100,500,False,True,False,False,"{'transform_func': <function transform_X at 0x7f496a613370>, 'beta': array([1, 2, 3, 4]), 'uniform_range_x': [-2, 2]}",<function generate_sim_data at 0x7f4967c62050>,1,0,"[{'n_iter': 200, 'patience': 100, 'input_size': 1, 'h_sizes': [40, 40]}]",[<class 'models.NueralNet'>],300,1,False,True,True,True,0.9000000000000341,0.96,0.8166666666666667,0.9000000000000341,0.96,0.9666666666666667,9.0,257,303,275,225,1.0,0.9345454545454546,1.0,0.8755555555555555,CS_on_mean
0.9,100,500,False,True,False,False,"{'transform_func': <function transform_X at 0x7f496a613370>, 'beta': array([1, 2, 3, 4]), 'uniform_range_x': [-2, 2]}",<function generate_sim_data at 0x7f4967c62050>,1,0,"[{'n_iter': 200, 'patience': 100, 'input_size': 1, 'h_sizes': [40, 40]}]",[<class 'models.NueralNet'>],300,1,False,True,,,0.9,,,,,,,261,295,275,225,1.0,0.9490909090909091,1.0,0.9111111111111111,naive_on_mean
0.9,100,500,False,True,False,False,"{'transform_func': <function transform_X at 0x7f496a613370>, 'beta': array([1, 2, 3, 4]), 'uniform_range_x': [-2, 2]}",<function generate_sim_data at 0x7f4967c62050>,1,0,"[{'n_iter': 200, 'patience': 100, 'input_size': 1, 'h_sizes': [40, 40]}]",[<class 'models.NueralNet'>],300,1,False,True,True,True,0.9000000000000341,0.98,0.8766666666666665,0.9000000000000341,0.98,0.9933333333333333,51.0,144,426,279,221,1.0,0.5161290322580645,1.0,0.33484162895927605,CS_on_y
0.9,100,500,False,True,False,False,"{'transform_func': <function transform_X at 0x7f496a613370>, 'beta': array([1, 2, 3, 4]), 'uniform_range_x': [-2, 2]}",<function generate_sim_data at 0x7f4967c62050>,1,0,"[{'n_iter': 200, 'patience': 100, 'input_size': 1, 'h_sizes': [40, 40]}]",[<class 'models.NueralNet'>],300,1,False,False,,,0.9,,,,,,,220,339,279,221,0.9954545454545455,0.7849462365591398,1.0,0.7285067873303168,naive_on_y
0.9,100,500,False,True,False,False,"{'transform_func': <function transform_X at 0x7f496a613370>, 'beta': array([1, 2, 3, 4]), 'uniform_range_x': [-2, 2]}",<function generate_sim_data at 0x7f4967c62050>,1,0,"[{'n_iter': 200, 'patience': 100, 'input_size': 1, 'h_sizes': [40, 40]}]",[<class 'models.NueralNet'>],300,1,False,True,True,True,0.9000000000000341,0.9566666666666667,0.8133333333333335,0.9000000000000341,0.9566666666666667,0.9866666666666667,8.0,238,294,264,236,1.0,0.9015151515151515,1.0,0.8728813559322034,CS_on_mean
0.9,100,500,False,True,False,False,"{'transform_func': <function transform_X at 0x7f496a613370>, 'beta': array([1, 2, 3, 4]), 'uniform_range_x': [-2, 2]}",<function generate_sim_data at 0x7f4967c62050>,1,0,"[{'n_iter': 200, 'patience': 100, 'input_size': 1, 'h_sizes': [40, 40]}]",[<class 'models.NueralNet'>],300,1,False,True,,,0.9,,,,,,,247,282,264,236,1.0,0.9356060606060606,1.0,0.923728813559322,naive_on_mean
0.9,100,500,False,True,False,False,"{'transform_func': <function transform_X at 0x7f496a613370>, 'beta': array([1, 2, 3, 4]), 'uniform_range_x': [-2, 2]}",<function generate_sim_data at 0x7f4967c62050>,1,0,"[{'n_iter': 200, 'patience': 100, 'input_size': 1, 'h_sizes': [40, 40]}]",[<class 'models.NueralNet'>],300,1,False,True,True,True,0.9000000000000341,0.96,0.6633333333333333,0.9000000000000341,0.96,0.99,19.0,147,466,266,234,1.0,0.5526315789473684,1.0,0.14529914529914534,CS_on_y
0.9,100,500,False,True,False,False,"{'transform_func': <function transform_X at 0x7f496a613370>, 'beta': array([1, 2, 3, 4]), 'uniform_range_x': [-2, 2]}",<function generate_sim_data at 0x7f4967c62050>,1,0,"[{'n_iter': 200, 'patience': 100, 'input_size': 1, 'h_sizes': [40, 40]}]",[<class 'models.NueralNet'>],300,1,False,True,,,0.9,,,,,,,210,356,266,234,1.0,0.7894736842105263,1.0,0.6153846153846154,naive_on_y
0.9,100,500,False,True,False,False,"{'transform_func': <function transform_X at 0x7f496a613370>, 'beta': array([1, 2, 3, 4]), 'uniform_range_x': [-2, 2]}",<function generate_sim_data at 0x7f4967c62050>,1,0,"[{'n_iter': 200, 'patience': 100, 'input_size': 1, 'h_sizes': [40, 40]}]",[<class 'models.NueralNet'>],300,1,False,True,True,True,0.9000000000000341,0.9666666666666667,0.8766666666666667,0.9000000000000341,0.9666666666666667,0.99,14.0,225,293,258,242,1.0,0.872093023255814,1.0,0.8553719008264463,CS_on_mean
0.9,100,500,False,True,False,False,"{'transform_func': <function transform_X at 0x7f496a613370>, 'beta': array([1, 2, 3, 4]), 'uniform_range_x': [-2, 2]}",<function generate_sim_data at 0x7f4967c62050>,1,0,"[{'n_iter': 200, 'patience': 100, 'input_size': 1, 'h_sizes': [40, 40]}]",[<class 'models.NueralNet'>],300,1,False,True,,,0.9,,,,,,,235,277,258,242,1.0,0.9108527131782945,1.0,0.9214876033057852,naive_on_mean
0.9,100,500,False,True,False,False,"{'transform_func': <function transform_X at 0x7f496a613370>, 'beta': array([1, 2, 3, 4]), 'uniform_range_x': [-2, 2]}",<function generate_sim_data at 0x7f4967c62050>,1,0,"[{'n_iter': 200, 'patience': 100, 'input_size': 1, 'h_sizes': [40, 40]}]",[<class 'models.NueralNet'>],300,1,False,True,True,True,0.9000000000000341,0.96,0.7966666666666666,0.9000000000000341,0.96,0.9933333333333333,43.0,134,450,260,240,1.0,0.5153846153846153,1.0,0.20833333333333337,CS_on_y
0.9,100,500,False,True,False,False,"{'transform_func': <function transform_X at 0x7f496a613370>, 'beta': array([1, 2, 3, 4]), 'uniform_range_x': [-2, 2]}",<function generate_sim_data at 0x7f4967c62050>,1,0,"[{'n_iter': 200, 'patience': 100, 'input_size': 1, 'h_sizes': [40, 40]}]",[<class 'models.NueralNet'>],300,1,False,True,,,0.9,,,,,,,181,340,260,240,1.0,0.6961538461538461,1.0,0.6666666666666667,naive_on_y
0.9,100,500,False,True,False,False,"{'transform_func': <function transform_X at 0x7f496a613370>, 'beta': array([1, 2, 3, 4]), 'uniform_range_x': [-2, 2]}",<function generate_sim_data at 0x7f4967c62050>,1,0,"[{'n_iter': 200, 'patience': 100, 'input_size': 1, 'h_sizes': [40, 40]}]",[<class 'models.NueralNet'>],300,1,False,True,True,True,0.9000000000000341,0.9666666666666667,0.72,0.9000000000000341,0.9666666666666667,0.9733333333333334,3.0,232,288,257,243,1.0,0.9027237354085603,1.0,0.8724279835390947,CS_on_mean
0.9,100,500,False,True,False,False,"{'transform_func': <function transform_X at 0x7f496a613370>, 'beta': array([1, 2, 3, 4]), 'uniform_range_x': [-2, 2]}",<function generate_sim_data at 0x7f4967c62050>,1,0,"[{'n_iter': 200, 'patience': 100, 'input_size': 1, 'h_sizes': [40, 40]}]",[<class 'models.NueralNet'>],300,1,False,True,,,0.9,,,,,,,237,271,257,243,1.0,0.9221789883268483,1.0,0.9423868312757202,naive_on_mean
0.9,100,500,False,True,False,False,"{'transform_func': <function transform_X at 0x7f496a613370>, 'beta': array([1, 2, 3, 4]), 'uniform_range_x': [-2, 2]}",<function generate_sim_data at 0x7f4967c62050>,1,0,"[{'n_iter': 200, 'patience': 100, 'input_size': 1, 'h_sizes': [40, 40]}]",[<class 'models.NueralNet'>],300,1,False,True,True,True,0.9000000000000341,0.9733333333333334,0.8200000000000001,0.9000000000000341,0.9733333333333334,0.9966666666666667,32.0,142,387,256,244,1.0,0.5546875,1.0,0.46311475409836067,CS_on_y
0.9,100,500,False,True,False,False,"{'transform_func': <function transform_X at 0x7f496a613370>, 'beta': array([1, 2, 3, 4]), 'uniform_range_x': [-2, 2]}",<function generate_sim_data at 0x7f4967c62050>,1,0,"[{'n_iter': 200, 'patience': 100, 'input_size': 1, 'h_sizes': [40, 40]}]",[<class 'models.NueralNet'>],300,1,False,False,,,0.9,,,,,,,204,317,256,244,1.0,0.796875,0.994535519125683,0.7459016393442623,naive_on_y
0.9,100,500,False,True,False,False,"{'transform_func': <function transform_X at 0x7f496a613370>, 'beta': array([1, 2, 3, 4]), 'uniform_range_x': [-2, 2]}",<function generate_sim_data at 0x7f4967c62050>,1,0,"[{'n_iter': 200, 'patience': 100, 'input_size': 1, 'h_sizes': [40, 40]}]",[<class 'models.NueralNet'>],300,1,False,True,True,True,0.8999999999999773,0.9566666666666667,0.7566666666666668,0.8999999999999773,0.9566666666666667,0.98,6.0,240,299,273,227,1.0,0.8791208791208791,1.0,0.8854625550660793,CS_on_mean
0.9,100,500,False,True,False,False,"{'transform_func': <function transform_X at 0x7f496a613370>, 'beta': array([1, 2, 3, 4]), 'uniform_range_x': [-2, 2]}",<function generate_sim_data at 0x7f4967c62050>,1,0,"[{'n_iter': 200, 'patience': 100, 'input_size': 1, 'h_sizes': [40, 40]}]",[<class 'models.NueralNet'>],300,1,False,True,,,0.9,,,,,,,249,293,273,227,1.0,0.9120879120879121,1.0,0.9118942731277533,naive_on_mean
0.9,100,500,False,True,False,False,"{'transform_func': <function transform_X at 0x7f496a613370>, 'beta': array([1, 2, 3, 4]), 'uniform_range_x': [-2, 2]}",<function generate_sim_data at 0x7f4967c62050>,1,0,"[{'n_iter': 200, 'patience': 100, 'input_size': 1, 'h_sizes': [40, 40]}]",[<class 'models.NueralNet'>],300,1,False,True,True,True,0.9000000000000341,0.9633333333333334,0.8033333333333332,0.9000000000000341,0.9633333333333334,0.9933333333333333,31.0,135,468,273,227,1.0,0.4945054945054945,1.0,0.1409691629955947,CS_on_y
0.9,100,500,False,True,False,False,"{'transform_func': <function transform_X at 0x7f496a613370>, 'beta': array([1, 2, 3, 4]), 'uniform_range_x': [-2, 2]}",<function generate_sim_data at 0x7f4967c62050>,1,0,"[{'n_iter': 200, 'patience': 100, 'input_size': 1, 'h_sizes': [40, 40]}]",[<class 'models.NueralNet'>],300,1,False,True,,,0.9,,,,,,,202,337,273,227,1.0,0.73992673992674,1.0,0.7180616740088106,naive_on_y
0.9,100,500,False,True,False,False,"{'transform_func': <function transform_X at 0x7f496a613370>, 'beta': array([1, 2, 3, 4]), 'uniform_range_x': [-2, 2]}",<function generate_sim_data at 0x7f4967c62050>,1,0,"[{'n_iter': 200, 'patience': 100, 'input_size': 1, 'h_sizes': [40, 40]}]",[<class 'models.NueralNet'>],300,1,False,True,True,True,0.9000000000000341,0.9633333333333334,0.81,0.9000000000000341,0.9633333333333334,0.97,12.0,236,279,260,240,1.0,0.9076923076923077,1.0,0.9208333333333334,CS_on_mean
0.9,100,500,False,True,False,False,"{'transform_func': <function transform_X at 0x7f496a613370>, 'beta': array([1, 2, 3, 4]), 'uniform_range_x': [-2, 2]}",<function generate_sim_data at 0x7f4967c62050>,1,0,"[{'n_iter': 200, 'patience': 100, 'input_size': 1, 'h_sizes': [40, 40]}]",[<class 'models.NueralNet'>],300,1,False,True,,,0.9,,,,,,,244,281,260,240,1.0,0.9384615384615385,1.0,0.9125,naive_on_mean
0.9,100,500,False,True,False,False,"{'transform_func': <function transform_X at 0x7f496a613370>, 'beta': array([1, 2, 3, 4]), 'uniform_range_x': [-2, 2]}",<function generate_sim_data at 0x7f4967c62050>,1,0,"[{'n_iter': 200, 'patience': 100, 'input_size': 1, 'h_sizes': [40, 40]}]",[<class 'models.NueralNet'>],300,1,False,True,True,True,0.8999999999999773,0.9633333333333334,0.5733333333333333,0.8999999999999773,0.9633333333333334,0.9933333333333333,17.0,138,477,261,239,1.0,0.5287356321839081,1.0,0.09623430962343094,CS_on_y
0.9,100,500,False,True,False,False,"{'transform_func': <function transform_X at 0x7f496a613370>, 'beta': array([1, 2, 3, 4]), 'uniform_range_x': [-2, 2]}",<function generate_sim_data at 0x7f4967c62050>,1,0,"[{'n_iter': 200, 'patience': 100, 'input_size': 1, 'h_sizes': [40, 40]}]",[<class 'models.NueralNet'>],300,1,False,True,,,0.9,,,,,,,196,428,261,239,1.0,0.7509578544061303,1.0,0.301255230125523,naive_on_y
0.9,100,500,False,True,False,False,"{'transform_func': <function transform_X at 0x7f496a613370>, 'beta': array([1, 2, 3, 4]), 'uniform_range_x': [-2, 2]}",<function generate_sim_data at 0x7f4967c62050>,1,0,"[{'n_iter': 200, 'patience': 100, 'input_size': 1, 'h_sizes': [40, 40]}]",[<class 'models.NueralNet'>],300,1,False,True,True,True,0.9000000000000341,0.9766666666666667,0.8533333333333335,0.9000000000000341,0.9766666666666667,0.99,15.0,234,292,267,233,1.0,0.8764044943820225,1.0,0.8927038626609443,CS_on_mean
0.9,100,500,False,True,False,False,"{'transform_func': <function transform_X at 0x7f496a613370>, 'beta': array([1, 2, 3, 4]), 'uniform_range_x': [-2, 2]}",<function generate_sim_data at 0x7f4967c62050>,1,0,"[{'n_iter': 200, 'patience': 100, 'input_size': 1, 'h_sizes': [40, 40]}]",[<class 'models.NueralNet'>],300,1,False,True,,,0.9,,,,,,,243,291,267,233,1.0,0.9101123595505618,1.0,0.8969957081545065,naive_on_mean
0.9,100,500,False,True,False,False,"{'transform_func': <function transform_X at 0x7f496a613370>, 'beta': array([1, 2, 3, 4]), 'uniform_range_x': [-2, 2]}",<function generate_sim_data at 0x7f4967c62050>,1,0,"[{'n_iter': 200, 'patience': 100, 'input_size': 1, 'h_sizes': [40, 40]}]",[<class 'models.NueralNet'>],300,1,False,True,True,True,0.9000000000000341,0.9633333333333334,0.7233333333333332,0.9000000000000341,0.9633333333333334,0.9933333333333333,15.0,130,484,257,243,1.0,0.5058365758754864,1.0,0.06584362139917699,CS_on_y
0.9,100,500,False,True,False,False,"{'transform_func': <function transform_X at 0x7f496a613370>, 'beta': array([1, 2, 3, 4]), 'uniform_range_x': [-2, 2]}",<function generate_sim_data at 0x7f4967c62050>,1,0,"[{'n_iter': 200, 'patience': 100, 'input_size': 1, 'h_sizes': [40, 40]}]",[<class 'models.NueralNet'>],300,1,False,True,,,0.9,,,,,,,190,410,257,243,1.0,0.7392996108949417,1.0,0.37037037037037035,naive_on_y
0.9,100,500,False,True,False,False,"{'transform_func': <function transform_X at 0x7f496a613370>, 'beta': array([1, 2, 3, 4]), 'uniform_range_x': [-2, 2]}",<function generate_sim_data at 0x7f4967c62050>,1,0,"[{'n_iter': 200, 'patience': 100, 'input_size': 1, 'h_sizes': [40, 40]}]",[<class 'models.NueralNet'>],300,1,False,True,False,True,0.9000000000000341,0.98,0.8233333333333333,0.9000000000000341,0.98,0.9966666666666667,12.0,224,277,250,250,1.0,0.896,1.0,0.892,CS_on_mean
0.9,100,500,False,True,False,False,"{'transform_func': <function transform_X at 0x7f496a613370>, 'beta': array([1, 2, 3, 4]), 'uniform_range_x': [-2, 2]}",<function generate_sim_data at 0x7f4967c62050>,1,0,"[{'n_iter': 200, 'patience': 100, 'input_size': 1, 'h_sizes': [40, 40]}]",[<class 'models.NueralNet'>],300,1,False,True,,,0.9,,,,,,,231,269,250,250,1.0,0.924,1.0,0.924,naive_on_mean
0.9,100,500,False,True,False,False,"{'transform_func': <function transform_X at 0x7f496a613370>, 'beta': array([1, 2, 3, 4]), 'uniform_range_x': [-2, 2]}",<function generate_sim_data at 0x7f4967c62050>,1,0,"[{'n_iter': 200, 'patience': 100, 'input_size': 1, 'h_sizes': [40, 40]}]",[<class 'models.NueralNet'>],300,1,False,True,True,True,0.9000000000000341,0.9666666666666667,0.6766666666666667,0.9000000000000341,0.9666666666666667,0.9966666666666667,9.0,155,416,252,248,1.0,0.6150793650793651,1.0,0.33870967741935487,CS_on_y
0.9,100,500,False,True,False,False,"{'transform_func': <function transform_X at 0x7f496a613370>, 'beta': array([1, 2, 3, 4]), 'uniform_range_x': [-2, 2]}",<function generate_sim_data at 0x7f4967c62050>,1,0,"[{'n_iter': 200, 'patience': 100, 'input_size': 1, 'h_sizes': [40, 40]}]",[<class 'models.NueralNet'>],300,1,False,True,,,0.9,,,,,,,200,321,252,248,1.0,0.7936507936507937,1.0,0.7217741935483871,naive_on_y
0.9,100,500,False,True,False,False,"{'transform_func': <function transform_X at 0x7f496a613370>, 'beta': array([1, 2, 3, 4]), 'uniform_range_x': [-2, 2]}",<function generate_sim_data at 0x7f4967c62050>,1,0,"[{'n_iter': 200, 'patience': 100, 'input_size': 1, 'h_sizes': [40, 40]}]",[<class 'models.NueralNet'>],300,1,False,True,True,True,0.9000000000000341,0.98,0.8566666666666665,0.9000000000000341,0.98,0.9866666666666667,14.0,227,295,263,237,1.0,0.8631178707224334,1.0,0.8649789029535865,CS_on_mean
0.9,100,500,False,True,False,False,"{'transform_func': <function transform_X at 0x7f496a613370>, 'beta': array([1, 2, 3, 4]), 'uniform_range_x': [-2, 2]}",<function generate_sim_data at 0x7f4967c62050>,1,0,"[{'n_iter': 200, 'patience': 100, 'input_size': 1, 'h_sizes': [40, 40]}]",[<class 'models.NueralNet'>],300,1,False,True,,,0.9,,,,,,,240,281,263,237,1.0,0.9125475285171103,1.0,0.9240506329113924,naive_on_mean
0.9,100,500,False,True,False,False,"{'transform_func': <function transform_X at 0x7f496a613370>, 'beta': array([1, 2, 3, 4]), 'uniform_range_x': [-2, 2]}",<function generate_sim_data at 0x7f4967c62050>,1,0,"[{'n_iter': 200, 'patience': 100, 'input_size': 1, 'h_sizes': [40, 40]}]",[<class 'models.NueralNet'>],300,1,False,True,True,True,0.8999999999999773,0.95,0.7233333333333334,0.8999999999999773,0.95,0.9933333333333333,20.0,156,406,263,237,1.0,0.5931558935361216,1.0,0.3966244725738397,CS_on_y
0.9,100,500,False,True,False,False,"{'transform_func': <function transform_X at 0x7f496a613370>, 'beta': array([1, 2, 3, 4]), 'uniform_range_x': [-2, 2]}",<function generate_sim_data at 0x7f4967c62050>,1,0,"[{'n_iter': 200, 'patience': 100, 'input_size': 1, 'h_sizes': [40, 40]}]",[<class 'models.NueralNet'>],300,1,False,True,,,0.9,,,,,,,193,327,263,237,1.0,0.7338403041825095,1.0,0.729957805907173,naive_on_y
0.9,100,500,False,True,False,False,"{'transform_func': <function transform_X at 0x7f496a613370>, 'beta': array([1, 2, 3, 4]), 'uniform_range_x': [-2, 2]}",<function generate_sim_data at 0x7f4967c62050>,1,0,"[{'n_iter': 200, 'patience': 100, 'input_size': 1, 'h_sizes': [40, 40]}]",[<class 'models.NueralNet'>],300,1,False,True,True,True,0.9000000000000341,0.9666666666666667,0.8333333333333335,0.9000000000000341,0.9666666666666667,0.99,5.0,246,318,279,221,1.0,0.8817204301075269,1.0,0.8235294117647058,CS_on_mean
0.9,100,500,False,True,False,False,"{'transform_func': <function transform_X at 0x7f496a613370>, 'beta': array([1, 2, 3, 4]), 'uniform_range_x': [-2, 2]}",<function generate_sim_data at 0x7f4967c62050>,1,0,"[{'n_iter': 200, 'patience': 100, 'input_size': 1, 'h_sizes': [40, 40]}]",[<class 'models.NueralNet'>],300,1,False,True,,,0.9,,,,,,,252,309,279,221,1.0,0.9032258064516129,1.0,0.8642533936651584,naive_on_mean
0.9,100,500,False,True,False,False,"{'transform_func': <function transform_X at 0x7f496a613370>, 'beta': array([1, 2, 3, 4]), 'uniform_range_x': [-2, 2]}",<function generate_sim_data at 0x7f4967c62050>,1,0,"[{'n_iter': 200, 'patience': 100, 'input_size': 1, 'h_sizes': [40, 40]}]",[<class 'models.NueralNet'>],300,1,False,True,True,True,0.9000000000000341,0.9733333333333334,0.8,0.9000000000000341,0.9733333333333334,0.9933333333333333,38.0,141,454,283,217,1.0,0.49823321554770317,1.0,0.21198156682027647,CS_on_y
0.9,100,500,False,True,False,False,"{'transform_func': <function transform_X at 0x7f496a613370>, 'beta': array([1, 2, 3, 4]), 'uniform_range_x': [-2, 2]}",<function generate_sim_data at 0x7f4967c62050>,1,0,"[{'n_iter': 200, 'patience': 100, 'input_size': 1, 'h_sizes': [40, 40]}]",[<class 'models.NueralNet'>],300,1,False,True,,,0.9,,,,,,,198,427,283,217,1.0,0.6996466431095406,1.0,0.33640552995391704,naive_on_y
0.9,100,500,False,True,False,False,"{'transform_func': <function transform_X at 0x7f496a613370>, 'beta': array([1, 2, 3, 4]), 'uniform_range_x': [-2, 2]}",<function generate_sim_data at 0x7f4967c62050>,1,0,"[{'n_iter': 200, 'patience': 100, 'input_size': 1, 'h_sizes': [40, 40]}]",[<class 'models.NueralNet'>],300,1,False,True,True,True,0.9000000000000341,0.9666666666666667,0.8633333333333333,0.9000000000000341,0.9666666666666667,0.98,10.0,236,292,259,241,1.0,0.9111969111969112,1.0,0.8630705394190872,CS_on_mean
0.9,100,500,False,True,False,False,"{'transform_func': <function transform_X at 0x7f496a613370>, 'beta': array([1, 2, 3, 4]), 'uniform_range_x': [-2, 2]}",<function generate_sim_data at 0x7f4967c62050>,1,0,"[{'n_iter': 200, 'patience': 100, 'input_size': 1, 'h_sizes': [40, 40]}]",[<class 'models.NueralNet'>],300,1,False,True,,,0.9,,,,,,,243,274,259,241,1.0,0.9382239382239382,1.0,0.9377593360995851,naive_on_mean
0.9,100,500,False,True,False,False,"{'transform_func': <function transform_X at 0x7f496a613370>, 'beta': array([1, 2, 3, 4]), 'uniform_range_x': [-2, 2]}",<function generate_sim_data at 0x7f4967c62050>,1,0,"[{'n_iter': 200, 'patience': 100, 'input_size': 1, 'h_sizes': [40, 40]}]",[<class 'models.NueralNet'>],300,1,False,True,True,True,0.8999999999999773,0.9633333333333334,0.6466666666666667,0.8999999999999773,0.9633333333333334,0.9966666666666667,13.0,146,458,263,237,1.0,0.5551330798479088,1.0,0.17721518987341767,CS_on_y
0.9,100,500,False,True,False,False,"{'transform_func': <function transform_X at 0x7f496a613370>, 'beta': array([1, 2, 3, 4]), 'uniform_range_x': [-2, 2]}",<function generate_sim_data at 0x7f4967c62050>,1,0,"[{'n_iter': 200, 'patience': 100, 'input_size': 1, 'h_sizes': [40, 40]}]",[<class 'models.NueralNet'>],300,1,False,True,,,0.9,,,,,,,197,381,263,237,1.0,0.7490494296577948,1.0,0.5021097046413502,naive_on_y
0.9,100,500,False,True,False,False,"{'transform_func': <function transform_X at 0x7f496a613370>, 'beta': array([1, 2, 3, 4]), 'uniform_range_x': [-2, 2]}",<function generate_sim_data at 0x7f4967c62050>,1,0,"[{'n_iter': 200, 'patience': 100, 'input_size': 1, 'h_sizes': [40, 40]}]",[<class 'models.NueralNet'>],300,1,False,True,True,True,0.9000000000000341,0.97,0.8700000000000001,0.9000000000000341,0.97,0.9966666666666667,5.0,255,307,279,221,1.0,0.9139784946236559,1.0,0.8733031674208145,CS_on_mean
0.9,100,500,False,True,False,False,"{'transform_func': <function transform_X at 0x7f496a613370>, 'beta': array([1, 2, 3, 4]), 'uniform_range_x': [-2, 2]}",<function generate_sim_data at 0x7f4967c62050>,1,0,"[{'n_iter': 200, 'patience': 100, 'input_size': 1, 'h_sizes': [40, 40]}]",[<class 'models.NueralNet'>],300,1,False,True,,,0.9,,,,,,,261,300,279,221,1.0,0.935483870967742,1.0,0.9049773755656109,naive_on_mean
0.9,100,500,False,True,False,False,"{'transform_func': <function transform_X at 0x7f496a613370>, 'beta': array([1, 2, 3, 4]), 'uniform_range_x': [-2, 2]}",<function generate_sim_data at 0x7f4967c62050>,1,0,"[{'n_iter': 200, 'patience': 100, 'input_size': 1, 'h_sizes': [40, 40]}]",[<class 'models.NueralNet'>],300,1,False,True,True,True,0.8999999999999773,0.9666666666666667,0.7633333333333334,0.8999999999999773,0.9666666666666667,1.0,16.0,152,454,275,225,1.0,0.5527272727272727,1.0,0.20444444444444443,CS_on_y
0.9,100,500,False,True,False,False,"{'transform_func': <function transform_X at 0x7f496a613370>, 'beta': array([1, 2, 3, 4]), 'uniform_range_x': [-2, 2]}",<function generate_sim_data at 0x7f4967c62050>,1,0,"[{'n_iter': 200, 'patience': 100, 'input_size': 1, 'h_sizes': [40, 40]}]",[<class 'models.NueralNet'>],300,1,False,True,,,0.9,,,,,,,215,361,275,225,1.0,0.7818181818181819,1.0,0.6177777777777778,naive_on_y
0.9,100,500,False,True,False,False,"{'transform_func': <function transform_X at 0x7f496a613370>, 'beta': array([1, 2, 3, 4]), 'uniform_range_x': [-2, 2]}",<function generate_sim_data at 0x7f4967c62050>,1,0,"[{'n_iter': 200, 'patience': 100, 'input_size': 1, 'h_sizes': [40, 40]}]",[<class 'models.NueralNet'>],300,1,False,True,True,True,0.9000000000000341,0.95,0.6866666666666665,0.9000000000000341,0.95,0.9666666666666667,11.0,264,303,280,220,1.0,0.9428571428571428,1.0,0.8954545454545455,CS_on_mean
0.9,100,500,False,True,False,False,"{'transform_func': <function transform_X at 0x7f496a613370>, 'beta': array([1, 2, 3, 4]), 'uniform_range_x': [-2, 2]}",<function generate_sim_data at 0x7f4967c62050>,1,0,"[{'n_iter': 200, 'patience': 100, 'input_size': 1, 'h_sizes': [40, 40]}]",[<class 'models.NueralNet'>],300,1,False,True,,,0.9,,,,,,,265,299,280,220,1.0,0.9464285714285714,1.0,0.9136363636363636,naive_on_mean
0.9,100,500,False,True,False,False,"{'transform_func': <function transform_X at 0x7f496a613370>, 'beta': array([1, 2, 3, 4]), 'uniform_range_x': [-2, 2]}",<function generate_sim_data at 0x7f4967c62050>,1,0,"[{'n_iter': 200, 'patience': 100, 'input_size': 1, 'h_sizes': [40, 40]}]",[<class 'models.NueralNet'>],300,1,False,True,True,True,0.9000000000000341,0.9666666666666667,0.71,0.9000000000000341,0.9666666666666667,0.9966666666666667,24.0,171,430,287,213,1.0,0.5958188153310104,1.0,0.32863849765258213,CS_on_y
0.9,100,500,False,True,False,False,"{'transform_func': <function transform_X at 0x7f496a613370>, 'beta': array([1, 2, 3, 4]), 'uniform_range_x': [-2, 2]}",<function generate_sim_data at 0x7f4967c62050>,1,0,"[{'n_iter': 200, 'patience': 100, 'input_size': 1, 'h_sizes': [40, 40]}]",[<class 'models.NueralNet'>],300,1,False,True,,,0.9,,,,,,,226,352,287,213,1.0,0.7874564459930313,1.0,0.6948356807511737,naive_on_y
0.9,100,500,False,True,False,False,"{'transform_func': <function transform_X at 0x7f496a613370>, 'beta': array([1, 2, 3, 4]), 'uniform_range_x': [-2, 2]}",<function generate_sim_data at 0x7f4967c62050>,1,0,"[{'n_iter': 200, 'patience': 100, 'input_size': 1, 'h_sizes': [40, 40]}]",[<class 'models.NueralNet'>],300,1,False,False,False,True,0.8999999999999773,0.9666666666666667,0.8533333333333333,0.8999999999999773,0.9666666666666667,0.98,10.0,244,306,257,243,0.9959016393442623,0.9455252918287937,1.0,0.7983539094650206,CS_on_mean
0.9,100,500,False,True,False,False,"{'transform_func': <function transform_X at 0x7f496a613370>, 'beta': array([1, 2, 3, 4]), 'uniform_range_x': [-2, 2]}",<function generate_sim_data at 0x7f4967c62050>,1,0,"[{'n_iter': 200, 'patience': 100, 'input_size': 1, 'h_sizes': [40, 40]}]",[<class 'models.NueralNet'>],300,1,False,False,,,0.9,,,,,,,249,290,257,243,0.9959839357429718,0.9649805447470817,1.0,0.8641975308641976,naive_on_mean
0.9,100,500,False,True,False,False,"{'transform_func': <function transform_X at 0x7f496a613370>, 'beta': array([1, 2, 3, 4]), 'uniform_range_x': [-2, 2]}",<function generate_sim_data at 0x7f4967c62050>,1,0,"[{'n_iter': 200, 'patience': 100, 'input_size': 1, 'h_sizes': [40, 40]}]",[<class 'models.NueralNet'>],300,1,False,True,True,True,0.9000000000000341,0.98,0.7966666666666666,0.9000000000000341,0.98,0.9966666666666667,14.0,137,482,255,245,1.0,0.5372549019607843,1.0,0.07346938775510203,CS_on_y
0.9,100,500,False,True,False,False,"{'transform_func': <function transform_X at 0x7f496a613370>, 'beta': array([1, 2, 3, 4]), 'uniform_range_x': [-2, 2]}",<function generate_sim_data at 0x7f4967c62050>,1,0,"[{'n_iter': 200, 'patience': 100, 'input_size': 1, 'h_sizes': [40, 40]}]",[<class 'models.NueralNet'>],300,1,False,True,,,0.9,,,,,,,201,367,255,245,1.0,0.788235294117647,1.0,0.5428571428571429,naive_on_y
0.9,100,500,False,True,False,False,"{'transform_func': <function transform_X at 0x7f496a613370>, 'beta': array([1, 2, 3, 4]), 'uniform_range_x': [-2, 2]}",<function generate_sim_data at 0x7f4967c62050>,1,0,"[{'n_iter': 200, 'patience': 100, 'input_size': 1, 'h_sizes': [40, 40]}]",[<class 'models.NueralNet'>],300,1,False,True,True,True,0.9000000000000341,0.9666666666666667,0.8066666666666666,0.9000000000000341,0.9666666666666667,0.99,9.0,233,289,268,232,1.0,0.8694029850746269,1.0,0.9094827586206896,CS_on_mean
0.9,100,500,False,True,False,False,"{'transform_func': <function transform_X at 0x7f496a613370>, 'beta': array([1, 2, 3, 4]), 'uniform_range_x': [-2, 2]}",<function generate_sim_data at 0x7f4967c62050>,1,0,"[{'n_iter': 200, 'patience': 100, 'input_size': 1, 'h_sizes': [40, 40]}]",[<class 'models.NueralNet'>],300,1,False,True,,,0.9,,,,,,,244,281,268,232,1.0,0.9104477611940298,1.0,0.9439655172413793,naive_on_mean
0.9,100,500,False,True,False,False,"{'transform_func': <function transform_X at 0x7f496a613370>, 'beta': array([1, 2, 3, 4]), 'uniform_range_x': [-2, 2]}",<function generate_sim_data at 0x7f4967c62050>,1,0,"[{'n_iter': 200, 'patience': 100, 'input_size': 1, 'h_sizes': [40, 40]}]",[<class 'models.NueralNet'>],300,1,False,True,True,True,0.9000000000000341,0.96,0.7566666666666668,0.9000000000000341,0.96,0.99,18.0,146,433,268,232,1.0,0.5447761194029851,1.0,0.2887931034482759,CS_on_y
0.9,100,500,False,True,False,False,"{'transform_func': <function transform_X at 0x7f496a613370>, 'beta': array([1, 2, 3, 4]), 'uniform_range_x': [-2, 2]}",<function generate_sim_data at 0x7f4967c62050>,1,0,"[{'n_iter': 200, 'patience': 100, 'input_size': 1, 'h_sizes': [40, 40]}]",[<class 'models.NueralNet'>],300,1,False,True,,,0.9,,,,,,,200,342,268,232,1.0,0.7462686567164178,1.0,0.6810344827586207,naive_on_y
0.9,100,500,False,True,False,False,"{'transform_func': <function transform_X at 0x7f496a613370>, 'beta': array([1, 2, 3, 4]), 'uniform_range_x': [-2, 2]}",<function generate_sim_data at 0x7f4967c62050>,1,0,"[{'n_iter': 200, 'patience': 100, 'input_size': 1, 'h_sizes': [40, 40]}]",[<class 'models.NueralNet'>],300,1,False,True,True,True,0.9000000000000341,0.9533333333333334,0.79,0.9000000000000341,0.9533333333333334,0.9833333333333333,9.0,258,301,266,234,1.0,0.9699248120300752,1.0,0.8504273504273504,CS_on_mean
0.9,100,500,False,True,False,False,"{'transform_func': <function transform_X at 0x7f496a613370>, 'beta': array([1, 2, 3, 4]), 'uniform_range_x': [-2, 2]}",<function generate_sim_data at 0x7f4967c62050>,1,0,"[{'n_iter': 200, 'patience': 100, 'input_size': 1, 'h_sizes': [40, 40]}]",[<class 'models.NueralNet'>],300,1,False,False,,,0.9,,,,,,,268,301,266,234,0.9888059701492538,0.9962406015037594,1.0,0.8504273504273504,naive_on_mean
0.9,100,500,False,True,False,False,"{'transform_func': <function transform_X at 0x7f496a613370>, 'beta': array([1, 2, 3, 4]), 'uniform_range_x': [-2, 2]}",<function generate_sim_data at 0x7f4967c62050>,1,0,"[{'n_iter': 200, 'patience': 100, 'input_size': 1, 'h_sizes': [40, 40]}]",[<class 'models.NueralNet'>],300,1,False,True,True,True,0.8999999999999773,0.98,0.9100000000000001,0.8999999999999773,0.98,0.9966666666666667,37.0,178,366,273,227,1.0,0.652014652014652,1.0,0.5903083700440528,CS_on_y
0.9,100,500,False,True,False,False,"{'transform_func': <function transform_X at 0x7f496a613370>, 'beta': array([1, 2, 3, 4]), 'uniform_range_x': [-2, 2]}",<function generate_sim_data at 0x7f4967c62050>,1,0,"[{'n_iter': 200, 'patience': 100, 'input_size': 1, 'h_sizes': [40, 40]}]",[<class 'models.NueralNet'>],300,1,False,False,,,0.9,,,,,,,229,330,273,227,0.9956331877729258,0.8351648351648352,1.0,0.748898678414097,naive_on_y
0.9,100,500,False,True,False,False,"{'transform_func': <function transform_X at 0x7f496a613370>, 'beta': array([1, 2, 3, 4]), 'uniform_range_x': [-2, 2]}",<function generate_sim_data at 0x7f4967c62050>,1,0,"[{'n_iter': 200, 'patience': 100, 'input_size': 1, 'h_sizes': [40, 40]}]",[<class 'models.NueralNet'>],300,1,False,True,True,True,0.8999999999999773,0.9566666666666667,0.8333333333333333,0.8999999999999773,0.9566666666666667,0.9766666666666667,9.0,246,297,278,222,1.0,0.8848920863309353,1.0,0.9144144144144144,CS_on_mean
0.9,100,500,False,True,False,False,"{'transform_func': <function transform_X at 0x7f496a613370>, 'beta': array([1, 2, 3, 4]), 'uniform_range_x': [-2, 2]}",<function generate_sim_data at 0x7f4967c62050>,1,0,"[{'n_iter': 200, 'patience': 100, 'input_size': 1, 'h_sizes': [40, 40]}]",[<class 'models.NueralNet'>],300,1,False,True,,,0.9,,,,,,,251,285,278,222,1.0,0.9028776978417266,1.0,0.9684684684684685,naive_on_mean
0.9,100,500,False,True,False,False,"{'transform_func': <function transform_X at 0x7f496a613370>, 'beta': array([1, 2, 3, 4]), 'uniform_range_x': [-2, 2]}",<function generate_sim_data at 0x7f4967c62050>,1,0,"[{'n_iter': 200, 'patience': 100, 'input_size': 1, 'h_sizes': [40, 40]}]",[<class 'models.NueralNet'>],300,1,False,True,True,True,0.9000000000000341,0.9533333333333334,0.7366666666666668,0.9000000000000341,0.9533333333333334,0.9966666666666667,20.0,169,391,278,222,1.0,0.6079136690647482,1.0,0.49099099099099097,CS_on_y
0.9,100,500,False,True,False,False,"{'transform_func': <function transform_X at 0x7f496a613370>, 'beta': array([1, 2, 3, 4]), 'uniform_range_x': [-2, 2]}",<function generate_sim_data at 0x7f4967c62050>,1,0,"[{'n_iter': 200, 'patience': 100, 'input_size': 1, 'h_sizes': [40, 40]}]",[<class 'models.NueralNet'>],300,1,False,False,,,0.9,,,,,,,213,339,278,222,0.9906103286384976,0.7589928057553956,0.9937888198757764,0.7207207207207207,naive_on_y
0.9,100,500,False,True,False,False,"{'transform_func': <function transform_X at 0x7f496a613370>, 'beta': array([1, 2, 3, 4]), 'uniform_range_x': [-2, 2]}",<function generate_sim_data at 0x7f4967c62050>,1,0,"[{'n_iter': 200, 'patience': 100, 'input_size': 1, 'h_sizes': [40, 40]}]",[<class 'models.NueralNet'>],300,1,False,True,True,True,0.9000000000000341,0.9633333333333334,0.7733333333333334,0.9000000000000341,0.9633333333333334,0.99,7.0,249,315,286,214,1.0,0.8706293706293706,1.0,0.8644859813084113,CS_on_mean
0.9,100,500,False,True,False,False,"{'transform_func': <function transform_X at 0x7f496a613370>, 'beta': array([1, 2, 3, 4]), 'uniform_range_x': [-2, 2]}",<function generate_sim_data at 0x7f4967c62050>,1,0,"[{'n_iter': 200, 'patience': 100, 'input_size': 1, 'h_sizes': [40, 40]}]",[<class 'models.NueralNet'>],300,1,False,True,,,0.9,,,,,,,256,312,286,214,1.0,0.8951048951048951,1.0,0.8785046728971962,naive_on_mean
0.9,100,500,False,True,False,False,"{'transform_func': <function transform_X at 0x7f496a613370>, 'beta': array([1, 2, 3, 4]), 'uniform_range_x': [-2, 2]}",<function generate_sim_data at 0x7f4967c62050>,1,0,"[{'n_iter': 200, 'patience': 100, 'input_size': 1, 'h_sizes': [40, 40]}]",[<class 'models.NueralNet'>],300,1,False,True,True,True,0.9000000000000341,0.96,0.78,0.9000000000000341,0.96,1.0,41.0,154,449,284,216,1.0,0.5422535211267605,1.0,0.23611111111111116,CS_on_y
0.9,100,500,False,True,False,False,"{'transform_func': <function transform_X at 0x7f496a613370>, 'beta': array([1, 2, 3, 4]), 'uniform_range_x': [-2, 2]}",<function generate_sim_data at 0x7f4967c62050>,1,0,"[{'n_iter': 200, 'patience': 100, 'input_size': 1, 'h_sizes': [40, 40]}]",[<class 'models.NueralNet'>],300,1,False,False,,,0.9,,,,,,,218,357,284,216,0.9954128440366973,0.7640845070422535,1.0,0.662037037037037,naive_on_y
0.9,100,500,False,True,False,False,"{'transform_func': <function transform_X at 0x7f496a613370>, 'beta': array([1, 2, 3, 4]), 'uniform_range_x': [-2, 2]}",<function generate_sim_data at 0x7f4967c62050>,1,0,"[{'n_iter': 200, 'patience': 100, 'input_size': 1, 'h_sizes': [40, 40]}]",[<class 'models.NueralNet'>],300,1,False,True,True,True,0.8999999999999773,0.9666666666666667,0.8500000000000001,0.8999999999999773,0.9666666666666667,0.99,6.0,230,285,252,248,1.0,0.9126984126984127,1.0,0.8669354838709677,CS_on_mean
0.9,100,500,False,True,False,False,"{'transform_func': <function transform_X at 0x7f496a613370>, 'beta': array([1, 2, 3, 4]), 'uniform_range_x': [-2, 2]}",<function generate_sim_data at 0x7f4967c62050>,1,0,"[{'n_iter': 200, 'patience': 100, 'input_size': 1, 'h_sizes': [40, 40]}]",[<class 'models.NueralNet'>],300,1,False,True,,,0.9,,,,,,,228,271,252,248,1.0,0.9047619047619048,1.0,0.9233870967741935,naive_on_mean
0.9,100,500,False,True,False,False,"{'transform_func': <function transform_X at 0x7f496a613370>, 'beta': array([1, 2, 3, 4]), 'uniform_range_x': [-2, 2]}",<function generate_sim_data at 0x7f4967c62050>,1,0,"[{'n_iter': 200, 'patience': 100, 'input_size': 1, 'h_sizes': [40, 40]}]",[<class 'models.NueralNet'>],300,1,False,True,True,True,0.8999999999999773,0.9833333333333333,0.8666666666666667,0.8999999999999773,0.9833333333333333,0.9966666666666667,25.0,140,397,251,249,1.0,0.5577689243027888,1.0,0.4136546184738956,CS_on_y
0.9,100,500,False,True,False,False,"{'transform_func': <function transform_X at 0x7f496a613370>, 'beta': array([1, 2, 3, 4]), 'uniform_range_x': [-2, 2]}",<function generate_sim_data at 0x7f4967c62050>,1,0,"[{'n_iter': 200, 'patience': 100, 'input_size': 1, 'h_sizes': [40, 40]}]",[<class 'models.NueralNet'>],300,1,False,False,,,0.9,,,,,,,186,327,251,249,1.0,0.7410358565737052,0.9884393063583815,0.6867469879518072,naive_on_y
0.9,100,500,False,True,False,False,"{'transform_func': <function transform_X at 0x7f496a613370>, 'beta': array([1, 2, 3, 4]), 'uniform_range_x': [-2, 2]}",<function generate_sim_data at 0x7f4967c62050>,1,0,"[{'n_iter': 200, 'patience': 100, 'input_size': 1, 'h_sizes': [40, 40]}]",[<class 'models.NueralNet'>],300,1,False,True,True,True,0.8999999999999773,0.99,0.9300000000000002,0.8999999999999773,0.99,1.0,8.0,210,289,259,241,1.0,0.8108108108108107,1.0,0.8755186721991701,CS_on_mean
0.9,100,500,False,True,False,False,"{'transform_func': <function transform_X at 0x7f496a613370>, 'beta': array([1, 2, 3, 4]), 'uniform_range_x': [-2, 2]}",<function generate_sim_data at 0x7f4967c62050>,1,0,"[{'n_iter': 200, 'patience': 100, 'input_size': 1, 'h_sizes': [40, 40]}]",[<class 'models.NueralNet'>],300,1,False,False,,,0.9,,,,,,,231,271,259,241,1.0,0.8918918918918919,0.9956331877729258,0.946058091286307,naive_on_mean
0.9,100,500,False,True,False,False,"{'transform_func': <function transform_X at 0x7f496a613370>, 'beta': array([1, 2, 3, 4]), 'uniform_range_x': [-2, 2]}",<function generate_sim_data at 0x7f4967c62050>,1,0,"[{'n_iter': 200, 'patience': 100, 'input_size': 1, 'h_sizes': [40, 40]}]",[<class 'models.NueralNet'>],300,1,False,True,True,True,0.8999999999999773,0.97,0.8799999999999999,0.8999999999999773,0.97,0.9966666666666667,81.0,109,419,263,237,1.0,0.4144486692015209,1.0,0.3417721518987342,CS_on_y
0.9,100,500,False,True,False,False,"{'transform_func': <function transform_X at 0x7f496a613370>, 'beta': array([1, 2, 3, 4]), 'uniform_range_x': [-2, 2]}",<function generate_sim_data at 0x7f4967c62050>,1,0,"[{'n_iter': 200, 'patience': 100, 'input_size': 1, 'h_sizes': [40, 40]}]",[<class 'models.NueralNet'>],300,1,False,True,,,0.9,,,,,,,198,308,263,237,1.0,0.752851711026616,1.0,0.810126582278481,naive_on_y
0.9,100,500,False,True,False,False,"{'transform_func': <function transform_X at 0x7f496a613370>, 'beta': array([1, 2, 3, 4]), 'uniform_range_x': [-2, 2]}",<function generate_sim_data at 0x7f4967c62050>,1,0,"[{'n_iter': 200, 'patience': 100, 'input_size': 1, 'h_sizes': [40, 40]}]",[<class 'models.NueralNet'>],300,1,False,True,True,True,0.9000000000000341,0.9766666666666667,0.9133333333333333,0.9000000000000341,0.9766666666666667,0.99,2.0,237,353,266,234,1.0,0.8909774436090225,1.0,0.6282051282051282,CS_on_mean
0.9,100,500,False,True,False,False,"{'transform_func': <function transform_X at 0x7f496a613370>, 'beta': array([1, 2, 3, 4]), 'uniform_range_x': [-2, 2]}",<function generate_sim_data at 0x7f4967c62050>,1,0,"[{'n_iter': 200, 'patience': 100, 'input_size': 1, 'h_sizes': [40, 40]}]",[<class 'models.NueralNet'>],300,1,False,True,,,0.9,,,,,,,252,298,266,234,1.0,0.9473684210526316,1.0,0.8632478632478633,naive_on_mean
0.9,100,500,False,True,False,False,"{'transform_func': <function transform_X at 0x7f496a613370>, 'beta': array([1, 2, 3, 4]), 'uniform_range_x': [-2, 2]}",<function generate_sim_data at 0x7f4967c62050>,1,0,"[{'n_iter': 200, 'patience': 100, 'input_size': 1, 'h_sizes': [40, 40]}]",[<class 'models.NueralNet'>],300,1,False,True,True,True,0.9000000000000341,0.9633333333333334,0.7999999999999998,0.9000000000000341,0.9633333333333334,0.9966666666666667,30.0,126,500,264,236,1.0,0.4772727272727273,1.0,0.0,CS_on_y
0.9,100,500,False,True,False,False,"{'transform_func': <function transform_X at 0x7f496a613370>, 'beta': array([1, 2, 3, 4]), 'uniform_range_x': [-2, 2]}",<function generate_sim_data at 0x7f4967c62050>,1,0,"[{'n_iter': 200, 'patience': 100, 'input_size': 1, 'h_sizes': [40, 40]}]",[<class 'models.NueralNet'>],300,1,False,False,,,0.9,,,,,,,204,479,264,236,0.9950980392156863,0.7689393939393939,1.0,0.08898305084745761,naive_on_y
0.9,100,500,False,True,False,False,"{'transform_func': <function transform_X at 0x7f496a613370>, 'beta': array([1, 2, 3, 4]), 'uniform_range_x': [-2, 2]}",<function generate_sim_data at 0x7f4967c62050>,1,0,"[{'n_iter': 200, 'patience': 100, 'input_size': 1, 'h_sizes': [40, 40]}]",[<class 'models.NueralNet'>],300,1,False,True,True,True,0.9000000000000341,0.9633333333333334,0.8066666666666666,0.9000000000000341,0.9633333333333334,0.9833333333333333,10.0,267,321,272,228,1.0,0.9816176470588235,1.0,0.7850877192982456,CS_on_mean
0.9,100,500,False,True,False,False,"{'transform_func': <function transform_X at 0x7f496a613370>, 'beta': array([1, 2, 3, 4]), 'uniform_range_x': [-2, 2]}",<function generate_sim_data at 0x7f4967c62050>,1,0,"[{'n_iter': 200, 'patience': 100, 'input_size': 1, 'h_sizes': [40, 40]}]",[<class 'models.NueralNet'>],300,1,False,True,,,0.9,,,,,,,271,312,272,228,1.0,0.9963235294117647,1.0,0.8245614035087719,naive_on_mean
0.9,100,500,False,True,False,False,"{'transform_func': <function transform_X at 0x7f496a613370>, 'beta': array([1, 2, 3, 4]), 'uniform_range_x': [-2, 2]}",<function generate_sim_data at 0x7f4967c62050>,1,0,"[{'n_iter': 200, 'patience': 100, 'input_size': 1, 'h_sizes': [40, 40]}]",[<class 'models.NueralNet'>],300,1,False,True,True,True,0.9000000000000341,0.9766666666666667,0.8233333333333333,0.9000000000000341,0.9766666666666667,1.0,34.0,115,453,280,220,1.0,0.4107142857142857,1.0,0.21363636363636362,CS_on_y
0.9,100,500,False,True,False,False,"{'transform_func': <function transform_X at 0x7f496a613370>, 'beta': array([1, 2, 3, 4]), 'uniform_range_x': [-2, 2]}",<function generate_sim_data at 0x7f4967c62050>,1,0,"[{'n_iter': 200, 'patience': 100, 'input_size': 1, 'h_sizes': [40, 40]}]",[<class 'models.NueralNet'>],300,1,False,False,,,0.9,,,,,,,233,348,280,220,0.9957081545064378,0.8285714285714285,1.0,0.6909090909090909,naive_on_y
0.9,100,500,False,True,False,False,"{'transform_func': <function transform_X at 0x7f496a613370>, 'beta': array([1, 2, 3, 4]), 'uniform_range_x': [-2, 2]}",<function generate_sim_data at 0x7f4967c62050>,1,0,"[{'n_iter': 200, 'patience': 100, 'input_size': 1, 'h_sizes': [40, 40]}]",[<class 'models.NueralNet'>],300,1,False,True,True,True,0.9000000000000341,0.9733333333333334,0.8599999999999999,0.9000000000000341,0.9733333333333334,0.9933333333333333,11.0,251,305,266,234,1.0,0.943609022556391,1.0,0.8333333333333334,CS_on_mean
0.9,100,500,False,True,False,False,"{'transform_func': <function transform_X at 0x7f496a613370>, 'beta': array([1, 2, 3, 4]), 'uniform_range_x': [-2, 2]}",<function generate_sim_data at 0x7f4967c62050>,1,0,"[{'n_iter': 200, 'patience': 100, 'input_size': 1, 'h_sizes': [40, 40]}]",[<class 'models.NueralNet'>],300,1,False,True,,,0.9,,,,,,,254,288,266,234,1.0,0.9548872180451128,1.0,0.905982905982906,naive_on_mean
0.9,100,500,False,True,False,False,"{'transform_func': <function transform_X at 0x7f496a613370>, 'beta': array([1, 2, 3, 4]), 'uniform_range_x': [-2, 2]}",<function generate_sim_data at 0x7f4967c62050>,1,0,"[{'n_iter': 200, 'patience': 100, 'input_size': 1, 'h_sizes': [40, 40]}]",[<class 'models.NueralNet'>],300,1,False,True,True,True,0.9000000000000341,0.9766666666666667,0.6966666666666668,0.9000000000000341,0.9766666666666667,0.9966666666666667,8.0,191,387,262,238,1.0,0.7290076335877862,1.0,0.47478991596638653,CS_on_y
0.9,100,500,False,True,False,False,"{'transform_func': <function transform_X at 0x7f496a613370>, 'beta': array([1, 2, 3, 4]), 'uniform_range_x': [-2, 2]}",<function generate_sim_data at 0x7f4967c62050>,1,0,"[{'n_iter': 200, 'patience': 100, 'input_size': 1, 'h_sizes': [40, 40]}]",[<class 'models.NueralNet'>],300,1,False,False,,,0.9,,,,,,,226,339,262,238,0.995575221238938,0.8587786259541985,1.0,0.6764705882352942,naive_on_y
0.9,100,500,False,True,False,False,"{'transform_func': <function transform_X at 0x7f496a613370>, 'beta': array([1, 2, 3, 4]), 'uniform_range_x': [-2, 2]}",<function generate_sim_data at 0x7f4967c62050>,1,0,"[{'n_iter': 200, 'patience': 100, 'input_size': 1, 'h_sizes': [40, 40]}]",[<class 'models.NueralNet'>],300,1,False,True,True,True,0.9000000000000341,0.97,0.8566666666666667,0.9000000000000341,0.97,0.9933333333333333,7.0,236,305,276,224,1.0,0.855072463768116,1.0,0.8705357142857143,CS_on_mean
0.9,100,500,False,True,False,False,"{'transform_func': <function transform_X at 0x7f496a613370>, 'beta': array([1, 2, 3, 4]), 'uniform_range_x': [-2, 2]}",<function generate_sim_data at 0x7f4967c62050>,1,0,"[{'n_iter': 200, 'patience': 100, 'input_size': 1, 'h_sizes': [40, 40]}]",[<class 'models.NueralNet'>],300,1,False,True,,,0.9,,,,,,,242,289,276,224,1.0,0.8768115942028986,1.0,0.9419642857142857,naive_on_mean
0.9,100,500,False,True,False,False,"{'transform_func': <function transform_X at 0x7f496a613370>, 'beta': array([1, 2, 3, 4]), 'uniform_range_x': [-2, 2]}",<function generate_sim_data at 0x7f4967c62050>,1,0,"[{'n_iter': 200, 'patience': 100, 'input_size': 1, 'h_sizes': [40, 40]}]",[<class 'models.NueralNet'>],300,1,False,True,True,True,0.8999999999999773,0.9733333333333334,0.8666666666666667,0.8999999999999773,0.9733333333333334,1.0,48.0,115,433,270,230,1.0,0.42592592592592593,1.0,0.29130434782608694,CS_on_y
0.9,100,500,False,True,False,False,"{'transform_func': <function transform_X at 0x7f496a613370>, 'beta': array([1, 2, 3, 4]), 'uniform_range_x': [-2, 2]}",<function generate_sim_data at 0x7f4967c62050>,1,0,"[{'n_iter': 200, 'patience': 100, 'input_size': 1, 'h_sizes': [40, 40]}]",[<class 'models.NueralNet'>],300,1,False,True,,,0.9,,,,,,,179,337,270,230,1.0,0.662962962962963,1.0,0.7086956521739131,naive_on_y
0.9,100,500,False,True,False,False,"{'transform_func': <function transform_X at 0x7f496a613370>, 'beta': array([1, 2, 3, 4]), 'uniform_range_x': [-2, 2]}",<function generate_sim_data at 0x7f4967c62050>,1,0,"[{'n_iter': 200, 'patience': 100, 'input_size': 1, 'h_sizes': [40, 40]}]",[<class 'models.NueralNet'>],300,1,False,True,True,True,0.8999999999999773,0.98,0.8533333333333333,0.8999999999999773,0.98,0.9866666666666667,8.0,251,297,276,224,1.0,0.9094202898550725,1.0,0.90625,CS_on_mean
0.9,100,500,False,True,False,False,"{'transform_func': <function transform_X at 0x7f496a613370>, 'beta': array([1, 2, 3, 4]), 'uniform_range_x': [-2, 2]}",<function generate_sim_data at 0x7f4967c62050>,1,0,"[{'n_iter': 200, 'patience': 100, 'input_size': 1, 'h_sizes': [40, 40]}]",[<class 'models.NueralNet'>],300,1,False,True,,,0.9,,,,,,,257,298,276,224,1.0,0.9311594202898551,1.0,0.9017857142857143,naive_on_mean
0.9,100,500,False,True,False,False,"{'transform_func': <function transform_X at 0x7f496a613370>, 'beta': array([1, 2, 3, 4]), 'uniform_range_x': [-2, 2]}",<function generate_sim_data at 0x7f4967c62050>,1,0,"[{'n_iter': 200, 'patience': 100, 'input_size': 1, 'h_sizes': [40, 40]}]",[<class 'models.NueralNet'>],300,1,False,True,True,True,0.8999999999999773,0.9633333333333334,0.7833333333333332,0.8999999999999773,0.9633333333333334,0.9966666666666667,20.0,130,479,274,226,1.0,0.4744525547445255,1.0,0.09292035398230092,CS_on_y
0.9,100,500,False,True,False,False,"{'transform_func': <function transform_X at 0x7f496a613370>, 'beta': array([1, 2, 3, 4]), 'uniform_range_x': [-2, 2]}",<function generate_sim_data at 0x7f4967c62050>,1,0,"[{'n_iter': 200, 'patience': 100, 'input_size': 1, 'h_sizes': [40, 40]}]",[<class 'models.NueralNet'>],300,1,False,True,,,0.9,,,,,,,212,373,274,226,1.0,0.7737226277372262,1.0,0.5619469026548672,naive_on_y
0.9,100,500,False,True,False,False,"{'transform_func': <function transform_X at 0x7f496a613370>, 'beta': array([1, 2, 3, 4]), 'uniform_range_x': [-2, 2]}",<function generate_sim_data at 0x7f4967c62050>,1,0,"[{'n_iter': 200, 'patience': 100, 'input_size': 1, 'h_sizes': [40, 40]}]",[<class 'models.NueralNet'>],300,1,False,True,True,True,0.8999999999999773,0.9666666666666667,0.7999999999999998,0.8999999999999773,0.9666666666666667,0.9866666666666667,6.0,242,298,286,214,1.0,0.8461538461538461,1.0,0.9439252336448598,CS_on_mean
0.9,100,500,False,True,False,False,"{'transform_func': <function transform_X at 0x7f496a613370>, 'beta': array([1, 2, 3, 4]), 'uniform_range_x': [-2, 2]}",<function generate_sim_data at 0x7f4967c62050>,1,0,"[{'n_iter': 200, 'patience': 100, 'input_size': 1, 'h_sizes': [40, 40]}]",[<class 'models.NueralNet'>],300,1,False,True,,,0.9,,,,,,,256,290,286,214,1.0,0.8951048951048951,1.0,0.9813084112149533,naive_on_mean
0.9,100,500,False,True,False,False,"{'transform_func': <function transform_X at 0x7f496a613370>, 'beta': array([1, 2, 3, 4]), 'uniform_range_x': [-2, 2]}",<function generate_sim_data at 0x7f4967c62050>,1,0,"[{'n_iter': 200, 'patience': 100, 'input_size': 1, 'h_sizes': [40, 40]}]",[<class 'models.NueralNet'>],300,1,False,True,True,True,0.9000000000000341,0.98,0.8900000000000001,0.9000000000000341,0.98,0.9966666666666667,16.0,129,459,279,221,1.0,0.4623655913978495,1.0,0.18552036199095023,CS_on_y
0.9,100,500,False,True,False,False,"{'transform_func': <function transform_X at 0x7f496a613370>, 'beta': array([1, 2, 3, 4]), 'uniform_range_x': [-2, 2]}",<function generate_sim_data at 0x7f4967c62050>,1,0,"[{'n_iter': 200, 'patience': 100, 'input_size': 1, 'h_sizes': [40, 40]}]",[<class 'models.NueralNet'>],300,1,False,True,,,0.9,,,,,,,200,334,279,221,1.0,0.7168458781362007,1.0,0.751131221719457,naive_on_y
0.9,100,500,False,True,False,False,"{'transform_func': <function transform_X at 0x7f496a613370>, 'beta': array([1, 2, 3, 4]), 'uniform_range_x': [-2, 2]}",<function generate_sim_data at 0x7f4967c62050>,1,0,"[{'n_iter': 200, 'patience': 100, 'input_size': 1, 'h_sizes': [40, 40]}]",[<class 'models.NueralNet'>],300,1,False,True,True,True,0.8999999999999773,0.97,0.7933333333333334,0.8999999999999773,0.97,0.9833333333333333,10.0,232,285,259,241,1.0,0.8957528957528957,1.0,0.892116182572614,CS_on_mean
0.9,100,500,False,True,False,False,"{'transform_func': <function transform_X at 0x7f496a613370>, 'beta': array([1, 2, 3, 4]), 'uniform_range_x': [-2, 2]}",<function generate_sim_data at 0x7f4967c62050>,1,0,"[{'n_iter': 200, 'patience': 100, 'input_size': 1, 'h_sizes': [40, 40]}]",[<class 'models.NueralNet'>],300,1,False,True,,,0.9,,,,,,,242,269,259,241,1.0,0.9343629343629344,1.0,0.9585062240663901,naive_on_mean
0.9,100,500,False,True,False,False,"{'transform_func': <function transform_X at 0x7f496a613370>, 'beta': array([1, 2, 3, 4]), 'uniform_range_x': [-2, 2]}",<function generate_sim_data at 0x7f4967c62050>,1,0,"[{'n_iter': 200, 'patience': 100, 'input_size': 1, 'h_sizes': [40, 40]}]",[<class 'models.NueralNet'>],300,1,False,True,True,True,0.9000000000000341,0.9666666666666667,0.78,0.9000000000000341,0.9666666666666667,1.0,52.0,127,478,263,237,1.0,0.4828897338403042,1.0,0.09282700421940926,CS_on_y
0.9,100,500,False,True,False,False,"{'transform_func': <function transform_X at 0x7f496a613370>, 'beta': array([1, 2, 3, 4]), 'uniform_range_x': [-2, 2]}",<function generate_sim_data at 0x7f4967c62050>,1,0,"[{'n_iter': 200, 'patience': 100, 'input_size': 1, 'h_sizes': [40, 40]}]",[<class 'models.NueralNet'>],300,1,False,True,,,0.9,,,,,,,192,334,263,237,1.0,0.7300380228136882,1.0,0.70042194092827,naive_on_y
0.9,100,500,False,True,False,False,"{'transform_func': <function transform_X at 0x7f496a613370>, 'beta': array([1, 2, 3, 4]), 'uniform_range_x': [-2, 2]}",<function generate_sim_data at 0x7f4967c62050>,1,0,"[{'n_iter': 200, 'patience': 100, 'input_size': 1, 'h_sizes': [40, 40]}]",[<class 'models.NueralNet'>],300,1,False,True,True,True,0.9000000000000341,0.97,0.8999999999999999,0.9000000000000341,0.97,0.9833333333333333,9.0,278,425,296,204,1.0,0.9391891891891891,1.0,0.36764705882352944,CS_on_mean
0.9,100,500,False,True,False,False,"{'transform_func': <function transform_X at 0x7f496a613370>, 'beta': array([1, 2, 3, 4]), 'uniform_range_x': [-2, 2]}",<function generate_sim_data at 0x7f4967c62050>,1,0,"[{'n_iter': 200, 'patience': 100, 'input_size': 1, 'h_sizes': [40, 40]}]",[<class 'models.NueralNet'>],300,1,False,True,,,0.9,,,,,,,287,335,296,204,1.0,0.9695945945945946,1.0,0.8088235294117647,naive_on_mean
0.9,100,500,False,True,False,False,"{'transform_func': <function transform_X at 0x7f496a613370>, 'beta': array([1, 2, 3, 4]), 'uniform_range_x': [-2, 2]}",<function generate_sim_data at 0x7f4967c62050>,1,0,"[{'n_iter': 200, 'patience': 100, 'input_size': 1, 'h_sizes': [40, 40]}]",[<class 'models.NueralNet'>],300,1,False,True,True,True,0.8999999999999773,0.9666666666666667,0.7933333333333334,0.8999999999999773,0.9666666666666667,0.9866666666666667,30.0,168,500,298,202,1.0,0.563758389261745,1.0,0.0,CS_on_y
0.9,100,500,False,True,False,False,"{'transform_func': <function transform_X at 0x7f496a613370>, 'beta': array([1, 2, 3, 4]), 'uniform_range_x': [-2, 2]}",<function generate_sim_data at 0x7f4967c62050>,1,0,"[{'n_iter': 200, 'patience': 100, 'input_size': 1, 'h_sizes': [40, 40]}]",[<class 'models.NueralNet'>],300,1,False,True,,,0.9,,,,,,,233,448,298,202,1.0,0.7818791946308725,1.0,0.25742574257425743,naive_on_y
0.9,100,500,False,True,False,False,"{'transform_func': <function transform_X at 0x7f496a613370>, 'beta': array([1, 2, 3, 4]), 'uniform_range_x': [-2, 2]}",<function generate_sim_data at 0x7f4967c62050>,1,0,"[{'n_iter': 200, 'patience': 100, 'input_size': 1, 'h_sizes': [40, 40]}]",[<class 'models.NueralNet'>],300,1,False,True,True,True,0.8999999999999773,0.98,0.8533333333333335,0.8999999999999773,0.98,0.99,5.0,239,301,255,245,1.0,0.9372549019607843,1.0,0.8122448979591836,CS_on_mean
0.9,100,500,False,True,False,False,"{'transform_func': <function transform_X at 0x7f496a613370>, 'beta': array([1, 2, 3, 4]), 'uniform_range_x': [-2, 2]}",<function generate_sim_data at 0x7f4967c62050>,1,0,"[{'n_iter': 200, 'patience': 100, 'input_size': 1, 'h_sizes': [40, 40]}]",[<class 'models.NueralNet'>],300,1,False,True,,,0.9,,,,,,,246,296,255,245,1.0,0.9647058823529412,1.0,0.8326530612244898,naive_on_mean
0.9,100,500,False,True,False,False,"{'transform_func': <function transform_X at 0x7f496a613370>, 'beta': array([1, 2, 3, 4]), 'uniform_range_x': [-2, 2]}",<function generate_sim_data at 0x7f4967c62050>,1,0,"[{'n_iter': 200, 'patience': 100, 'input_size': 1, 'h_sizes': [40, 40]}]",[<class 'models.NueralNet'>],300,1,False,True,True,True,0.8999999999999773,0.9633333333333334,0.77,0.8999999999999773,0.9633333333333334,0.99,12.0,145,471,252,248,1.0,0.5753968253968254,1.0,0.11693548387096775,CS_on_y
0.9,100,500,False,True,False,False,"{'transform_func': <function transform_X at 0x7f496a613370>, 'beta': array([1, 2, 3, 4]), 'uniform_range_x': [-2, 2]}",<function generate_sim_data at 0x7f4967c62050>,1,0,"[{'n_iter': 200, 'patience': 100, 'input_size': 1, 'h_sizes': [40, 40]}]",[<class 'models.NueralNet'>],300,1,False,True,,,0.9,,,,,,,205,422,252,248,1.0,0.8134920634920635,1.0,0.3145161290322581,naive_on_y
0.9,100,500,False,True,False,False,"{'transform_func': <function transform_X at 0x7f496a613370>, 'beta': array([1, 2, 3, 4]), 'uniform_range_x': [-2, 2]}",<function generate_sim_data at 0x7f4967c62050>,1,0,"[{'n_iter': 200, 'patience': 100, 'input_size': 1, 'h_sizes': [40, 40]}]",[<class 'models.NueralNet'>],300,1,False,False,False,True,0.9000000000000341,0.9666666666666667,0.8066666666666666,0.9000000000000341,0.9666666666666667,0.9766666666666667,4.0,225,273,246,254,1.0,0.9146341463414634,0.9955947136563876,0.889763779527559,CS_on_mean
0.9,100,500,False,True,False,False,"{'transform_func': <function transform_X at 0x7f496a613370>, 'beta': array([1, 2, 3, 4]), 'uniform_range_x': [-2, 2]}",<function generate_sim_data at 0x7f4967c62050>,1,0,"[{'n_iter': 200, 'patience': 100, 'input_size': 1, 'h_sizes': [40, 40]}]",[<class 'models.NueralNet'>],300,1,False,True,,,0.9,,,,,,,236,264,246,254,1.0,0.959349593495935,1.0,0.9291338582677166,naive_on_mean
0.9,100,500,False,True,False,False,"{'transform_func': <function transform_X at 0x7f496a613370>, 'beta': array([1, 2, 3, 4]), 'uniform_range_x': [-2, 2]}",<function generate_sim_data at 0x7f4967c62050>,1,0,"[{'n_iter': 200, 'patience': 100, 'input_size': 1, 'h_sizes': [40, 40]}]",[<class 'models.NueralNet'>],300,1,False,True,True,True,0.9000000000000341,0.9666666666666667,0.76,0.9000000000000341,0.9666666666666667,0.9966666666666667,43.0,124,500,251,249,1.0,0.4940239043824701,1.0,0.0,CS_on_y
0.9,100,500,False,True,False,False,"{'transform_func': <function transform_X at 0x7f496a613370>, 'beta': array([1, 2, 3, 4]), 'uniform_range_x': [-2, 2]}",<function generate_sim_data at 0x7f4967c62050>,1,0,"[{'n_iter': 200, 'patience': 100, 'input_size': 1, 'h_sizes': [40, 40]}]",[<class 'models.NueralNet'>],300,1,False,True,,,0.9,,,,,,,196,335,251,249,1.0,0.7808764940239044,1.0,0.6626506024096386,naive_on_y
0.9,100,500,False,True,False,False,"{'transform_func': <function transform_X at 0x7f496a613370>, 'beta': array([1, 2, 3, 4]), 'uniform_range_x': [-2, 2]}",<function generate_sim_data at 0x7f4967c62050>,1,0,"[{'n_iter': 200, 'patience': 100, 'input_size': 1, 'h_sizes': [40, 40]}]",[<class 'models.NueralNet'>],300,1,False,True,True,True,0.9000000000000341,0.98,0.7866666666666666,0.9000000000000341,0.98,0.98,2.0,221,276,247,253,1.0,0.8947368421052632,1.0,0.8853754940711462,CS_on_mean
0.9,100,500,False,True,False,False,"{'transform_func': <function transform_X at 0x7f496a613370>, 'beta': array([1, 2, 3, 4]), 'uniform_range_x': [-2, 2]}",<function generate_sim_data at 0x7f4967c62050>,1,0,"[{'n_iter': 200, 'patience': 100, 'input_size': 1, 'h_sizes': [40, 40]}]",[<class 'models.NueralNet'>],300,1,False,True,,,0.9,,,,,,,229,270,247,253,1.0,0.9271255060728745,1.0,0.9090909090909091,naive_on_mean
0.9,100,500,False,True,False,False,"{'transform_func': <function transform_X at 0x7f496a613370>, 'beta': array([1, 2, 3, 4]), 'uniform_range_x': [-2, 2]}",<function generate_sim_data at 0x7f4967c62050>,1,0,"[{'n_iter': 200, 'patience': 100, 'input_size': 1, 'h_sizes': [40, 40]}]",[<class 'models.NueralNet'>],300,1,False,True,True,True,0.9000000000000341,0.9466666666666667,0.74,0.9000000000000341,0.9466666666666667,0.9966666666666667,34.0,82,493,236,264,1.0,0.34745762711864403,1.0,0.02651515151515149,CS_on_y
0.9,100,500,False,True,False,False,"{'transform_func': <function transform_X at 0x7f496a613370>, 'beta': array([1, 2, 3, 4]), 'uniform_range_x': [-2, 2]}",<function generate_sim_data at 0x7f4967c62050>,1,0,"[{'n_iter': 200, 'patience': 100, 'input_size': 1, 'h_sizes': [40, 40]}]",[<class 'models.NueralNet'>],300,1,False,False,,,0.9,,,,,,,175,320,236,264,0.9942857142857143,0.7372881355932204,1.0,0.6818181818181819,naive_on_y
0.9,100,500,False,True,False,False,"{'transform_func': <function transform_X at 0x7f496a613370>, 'beta': array([1, 2, 3, 4]), 'uniform_range_x': [-2, 2]}",<function generate_sim_data at 0x7f4967c62050>,1,0,"[{'n_iter': 200, 'patience': 100, 'input_size': 1, 'h_sizes': [40, 40]}]",[<class 'models.NueralNet'>],300,1,False,True,True,True,0.8999999999999773,0.9833333333333333,0.9133333333333333,0.8999999999999773,0.9833333333333333,0.9966666666666667,4.0,234,309,272,228,1.0,0.8602941176470589,1.0,0.8377192982456141,CS_on_mean
0.9,100,500,False,True,False,False,"{'transform_func': <function transform_X at 0x7f496a613370>, 'beta': array([1, 2, 3, 4]), 'uniform_range_x': [-2, 2]}",<function generate_sim_data at 0x7f4967c62050>,1,0,"[{'n_iter': 200, 'patience': 100, 'input_size': 1, 'h_sizes': [40, 40]}]",[<class 'models.NueralNet'>],300,1,False,True,,,0.9,,,,,,,256,284,272,228,1.0,0.9411764705882353,1.0,0.9473684210526316,naive_on_mean
0.9,100,500,False,True,False,False,"{'transform_func': <function transform_X at 0x7f496a613370>, 'beta': array([1, 2, 3, 4]), 'uniform_range_x': [-2, 2]}",<function generate_sim_data at 0x7f4967c62050>,1,0,"[{'n_iter': 200, 'patience': 100, 'input_size': 1, 'h_sizes': [40, 40]}]",[<class 'models.NueralNet'>],300,1,False,True,True,True,0.8999999999999773,0.9733333333333334,0.8399999999999999,0.8999999999999773,0.9733333333333334,0.9933333333333333,33.0,150,461,271,229,1.0,0.5535055350553506,1.0,0.17030567685589515,CS_on_y
0.9,100,500,False,True,False,False,"{'transform_func': <function transform_X at 0x7f496a613370>, 'beta': array([1, 2, 3, 4]), 'uniform_range_x': [-2, 2]}",<function generate_sim_data at 0x7f4967c62050>,1,0,"[{'n_iter': 200, 'patience': 100, 'input_size': 1, 'h_sizes': [40, 40]}]",[<class 'models.NueralNet'>],300,1,False,True,,,0.9,,,,,,,217,364,271,229,1.0,0.8007380073800738,1.0,0.5938864628820961,naive_on_y
0.9,100,500,False,True,False,False,"{'transform_func': <function transform_X at 0x7f496a613370>, 'beta': array([1, 2, 3, 4]), 'uniform_range_x': [-2, 2]}",<function generate_sim_data at 0x7f4967c62050>,1,0,"[{'n_iter': 200, 'patience': 100, 'input_size': 1, 'h_sizes': [40, 40]}]",[<class 'models.NueralNet'>],300,1,False,True,True,True,0.9000000000000341,0.96,0.7566666666666668,0.9000000000000341,0.96,0.9833333333333333,6.0,241,293,266,234,1.0,0.9060150375939849,1.0,0.8846153846153846,CS_on_mean
0.9,100,500,False,True,False,False,"{'transform_func': <function transform_X at 0x7f496a613370>, 'beta': array([1, 2, 3, 4]), 'uniform_range_x': [-2, 2]}",<function generate_sim_data at 0x7f4967c62050>,1,0,"[{'n_iter': 200, 'patience': 100, 'input_size': 1, 'h_sizes': [40, 40]}]",[<class 'models.NueralNet'>],300,1,False,True,,,0.9,,,,,,,247,288,266,234,1.0,0.9285714285714286,1.0,0.905982905982906,naive_on_mean
0.9,100,500,False,True,False,False,"{'transform_func': <function transform_X at 0x7f496a613370>, 'beta': array([1, 2, 3, 4]), 'uniform_range_x': [-2, 2]}",<function generate_sim_data at 0x7f4967c62050>,1,0,"[{'n_iter': 200, 'patience': 100, 'input_size': 1, 'h_sizes': [40, 40]}]",[<class 'models.NueralNet'>],300,1,False,True,True,True,0.9000000000000341,0.97,0.76,0.9000000000000341,0.97,0.9933333333333333,30.0,171,423,268,232,1.0,0.6380597014925373,1.0,0.3318965517241379,CS_on_y
0.9,100,500,False,True,False,False,"{'transform_func': <function transform_X at 0x7f496a613370>, 'beta': array([1, 2, 3, 4]), 'uniform_range_x': [-2, 2]}",<function generate_sim_data at 0x7f4967c62050>,1,0,"[{'n_iter': 200, 'patience': 100, 'input_size': 1, 'h_sizes': [40, 40]}]",[<class 'models.NueralNet'>],300,1,False,False,,,0.9,,,,,,,213,339,268,232,0.9953051643192489,0.791044776119403,1.0,0.6939655172413793,naive_on_y
0.9,100,500,False,True,False,False,"{'transform_func': <function transform_X at 0x7f496a613370>, 'beta': array([1, 2, 3, 4]), 'uniform_range_x': [-2, 2]}",<function generate_sim_data at 0x7f4967c62050>,1,0,"[{'n_iter': 200, 'patience': 100, 'input_size': 1, 'h_sizes': [40, 40]}]",[<class 'models.NueralNet'>],300,1,False,True,True,True,0.9000000000000341,0.9633333333333334,0.8466666666666667,0.9000000000000341,0.9633333333333334,0.98,7.0,234,290,270,230,1.0,0.8666666666666667,1.0,0.9130434782608696,CS_on_mean
0.9,100,500,False,True,False,False,"{'transform_func': <function transform_X at 0x7f496a613370>, 'beta': array([1, 2, 3, 4]), 'uniform_range_x': [-2, 2]}",<function generate_sim_data at 0x7f4967c62050>,1,0,"[{'n_iter': 200, 'patience': 100, 'input_size': 1, 'h_sizes': [40, 40]}]",[<class 'models.NueralNet'>],300,1,False,True,,,0.9,,,,,,,244,284,270,230,1.0,0.9037037037037037,1.0,0.9391304347826087,naive_on_mean
0.9,100,500,False,True,False,False,"{'transform_func': <function transform_X at 0x7f496a613370>, 'beta': array([1, 2, 3, 4]), 'uniform_range_x': [-2, 2]}",<function generate_sim_data at 0x7f4967c62050>,1,0,"[{'n_iter': 200, 'patience': 100, 'input_size': 1, 'h_sizes': [40, 40]}]",[<class 'models.NueralNet'>],300,1,False,True,True,True,0.9000000000000341,0.9566666666666667,0.7933333333333334,0.9000000000000341,0.9566666666666667,0.99,45.0,169,402,269,231,1.0,0.6282527881040892,1.0,0.4242424242424242,CS_on_y
0.9,100,500,False,True,False,False,"{'transform_func': <function transform_X at 0x7f496a613370>, 'beta': array([1, 2, 3, 4]), 'uniform_range_x': [-2, 2]}",<function generate_sim_data at 0x7f4967c62050>,1,0,"[{'n_iter': 200, 'patience': 100, 'input_size': 1, 'h_sizes': [40, 40]}]",[<class 'models.NueralNet'>],300,1,False,True,,,0.9,,,,,,,197,333,269,231,1.0,0.7323420074349443,1.0,0.722943722943723,naive_on_y
0.9,100,500,False,True,False,False,"{'transform_func': <function transform_X at 0x7f496a613370>, 'beta': array([1, 2, 3, 4]), 'uniform_range_x': [-2, 2]}",<function generate_sim_data at 0x7f4967c62050>,1,0,"[{'n_iter': 200, 'patience': 100, 'input_size': 1, 'h_sizes': [40, 40]}]",[<class 'models.NueralNet'>],300,1,False,True,True,True,0.8999999999999773,0.9866666666666667,0.8899999999999999,0.8999999999999773,0.9866666666666667,0.9933333333333333,21.0,227,290,262,238,1.0,0.866412213740458,1.0,0.8823529411764706,CS_on_mean
0.9,100,500,False,True,False,False,"{'transform_func': <function transform_X at 0x7f496a613370>, 'beta': array([1, 2, 3, 4]), 'uniform_range_x': [-2, 2]}",<function generate_sim_data at 0x7f4967c62050>,1,0,"[{'n_iter': 200, 'patience': 100, 'input_size': 1, 'h_sizes': [40, 40]}]",[<class 'models.NueralNet'>],300,1,False,True,,,0.9,,,,,,,245,281,262,238,1.0,0.9351145038167938,1.0,0.9201680672268908,naive_on_mean
0.9,100,500,False,True,False,False,"{'transform_func': <function transform_X at 0x7f496a613370>, 'beta': array([1, 2, 3, 4]), 'uniform_range_x': [-2, 2]}",<function generate_sim_data at 0x7f4967c62050>,1,0,"[{'n_iter': 200, 'patience': 100, 'input_size': 1, 'h_sizes': [40, 40]}]",[<class 'models.NueralNet'>],300,1,False,True,True,True,0.8999999999999773,0.96,0.8466666666666667,0.8999999999999773,0.96,0.9966666666666667,44.0,128,490,254,246,1.0,0.5039370078740157,1.0,0.04065040650406504,CS_on_y
0.9,100,500,False,True,False,False,"{'transform_func': <function transform_X at 0x7f496a613370>, 'beta': array([1, 2, 3, 4]), 'uniform_range_x': [-2, 2]}",<function generate_sim_data at 0x7f4967c62050>,1,0,"[{'n_iter': 200, 'patience': 100, 'input_size': 1, 'h_sizes': [40, 40]}]",[<class 'models.NueralNet'>],300,1,False,True,,,0.9,,,,,,,204,332,254,246,1.0,0.8031496062992126,1.0,0.6829268292682926,naive_on_y
0.9,100,500,False,True,False,False,"{'transform_func': <function transform_X at 0x7f496a613370>, 'beta': array([1, 2, 3, 4]), 'uniform_range_x': [-2, 2]}",<function generate_sim_data at 0x7f4967c62050>,1,0,"[{'n_iter': 200, 'patience': 100, 'input_size': 1, 'h_sizes': [40, 40]}]",[<class 'models.NueralNet'>],300,1,False,True,True,True,0.9000000000000341,0.9666666666666667,0.8433333333333333,0.9000000000000341,0.9666666666666667,0.99,13.0,237,395,272,228,1.0,0.8713235294117647,1.0,0.4605263157894737,CS_on_mean
0.9,100,500,False,True,False,False,"{'transform_func': <function transform_X at 0x7f496a613370>, 'beta': array([1, 2, 3, 4]), 'uniform_range_x': [-2, 2]}",<function generate_sim_data at 0x7f4967c62050>,1,0,"[{'n_iter': 200, 'patience': 100, 'input_size': 1, 'h_sizes': [40, 40]}]",[<class 'models.NueralNet'>],300,1,False,True,,,0.9,,,,,,,253,302,272,228,1.0,0.9301470588235294,1.0,0.868421052631579,naive_on_mean
0.9,100,500,False,True,False,False,"{'transform_func': <function transform_X at 0x7f496a613370>, 'beta': array([1, 2, 3, 4]), 'uniform_range_x': [-2, 2]}",<function generate_sim_data at 0x7f4967c62050>,1,0,"[{'n_iter': 200, 'patience': 100, 'input_size': 1, 'h_sizes': [40, 40]}]",[<class 'models.NueralNet'>],300,1,False,True,True,True,0.8999999999999773,0.9666666666666667,0.7733333333333334,0.8999999999999773,0.9666666666666667,0.9966666666666667,20.0,128,499,268,232,1.0,0.4776119402985075,1.0,0.004310344827586188,CS_on_y
0.9,100,500,False,True,False,False,"{'transform_func': <function transform_X at 0x7f496a613370>, 'beta': array([1, 2, 3, 4]), 'uniform_range_x': [-2, 2]}",<function generate_sim_data at 0x7f4967c62050>,1,0,"[{'n_iter': 200, 'patience': 100, 'input_size': 1, 'h_sizes': [40, 40]}]",[<class 'models.NueralNet'>],300,1,False,True,,,0.9,,,,,,,211,416,268,232,1.0,0.7873134328358209,1.0,0.3620689655172413,naive_on_y
0.9,100,500,False,True,False,False,"{'transform_func': <function transform_X at 0x7f496a613370>, 'beta': array([1, 2, 3, 4]), 'uniform_range_x': [-2, 2]}",<function generate_sim_data at 0x7f4967c62050>,1,0,"[{'n_iter': 200, 'patience': 100, 'input_size': 1, 'h_sizes': [40, 40]}]",[<class 'models.NueralNet'>],300,1,False,True,True,True,0.9000000000000341,0.98,0.78,0.9000000000000341,0.98,0.9866666666666667,8.0,228,273,249,251,1.0,0.9156626506024097,1.0,0.9043824701195219,CS_on_mean
0.9,100,500,False,True,False,False,"{'transform_func': <function transform_X at 0x7f496a613370>, 'beta': array([1, 2, 3, 4]), 'uniform_range_x': [-2, 2]}",<function generate_sim_data at 0x7f4967c62050>,1,0,"[{'n_iter': 200, 'patience': 100, 'input_size': 1, 'h_sizes': [40, 40]}]",[<class 'models.NueralNet'>],300,1,False,True,,,0.9,,,,,,,234,266,249,251,1.0,0.9397590361445783,1.0,0.9322709163346614,naive_on_mean
0.9,100,500,False,True,False,False,"{'transform_func': <function transform_X at 0x7f496a613370>, 'beta': array([1, 2, 3, 4]), 'uniform_range_x': [-2, 2]}",<function generate_sim_data at 0x7f4967c62050>,1,0,"[{'n_iter': 200, 'patience': 100, 'input_size': 1, 'h_sizes': [40, 40]}]",[<class 'models.NueralNet'>],300,1,False,True,True,True,0.8999999999999773,0.9666666666666667,0.74,0.8999999999999773,0.9666666666666667,0.99,12.0,166,396,245,255,1.0,0.6775510204081633,1.0,0.40784313725490196,CS_on_y
0.9,100,500,False,True,False,False,"{'transform_func': <function transform_X at 0x7f496a613370>, 'beta': array([1, 2, 3, 4]), 'uniform_range_x': [-2, 2]}",<function generate_sim_data at 0x7f4967c62050>,1,0,"[{'n_iter': 200, 'patience': 100, 'input_size': 1, 'h_sizes': [40, 40]}]",[<class 'models.NueralNet'>],300,1,False,False,,,0.9,,,,,,,200,325,245,255,0.995,0.8122448979591836,1.0,0.6862745098039216,naive_on_y
0.9,100,500,False,True,False,False,"{'transform_func': <function transform_X at 0x7f496a613370>, 'beta': array([1, 2, 3, 4]), 'uniform_range_x': [-2, 2]}",<function generate_sim_data at 0x7f4967c62050>,1,0,"[{'n_iter': 200, 'patience': 100, 'input_size': 1, 'h_sizes': [40, 40]}]",[<class 'models.NueralNet'>],300,1,False,True,True,True,0.8999999999999773,0.98,0.8966666666666667,0.8999999999999773,0.98,0.9866666666666667,4.0,240,312,270,230,1.0,0.8888888888888888,1.0,0.817391304347826,CS_on_mean
0.9,100,500,False,True,False,False,"{'transform_func': <function transform_X at 0x7f496a613370>, 'beta': array([1, 2, 3, 4]), 'uniform_range_x': [-2, 2]}",<function generate_sim_data at 0x7f4967c62050>,1,0,"[{'n_iter': 200, 'patience': 100, 'input_size': 1, 'h_sizes': [40, 40]}]",[<class 'models.NueralNet'>],300,1,False,True,,,0.9,,,,,,,256,295,270,230,1.0,0.9481481481481482,1.0,0.8913043478260869,naive_on_mean
0.9,100,500,False,True,False,False,"{'transform_func': <function transform_X at 0x7f496a613370>, 'beta': array([1, 2, 3, 4]), 'uniform_range_x': [-2, 2]}",<function generate_sim_data at 0x7f4967c62050>,1,0,"[{'n_iter': 200, 'patience': 100, 'input_size': 1, 'h_sizes': [40, 40]}]",[<class 'models.NueralNet'>],300,1,False,True,True,True,0.8999999999999773,0.98,0.9133333333333333,0.8999999999999773,0.98,1.0,44.0,84,486,270,230,1.0,0.3111111111111111,1.0,0.060869565217391286,CS_on_y
0.9,100,500,False,True,False,False,"{'transform_func': <function transform_X at 0x7f496a613370>, 'beta': array([1, 2, 3, 4]), 'uniform_range_x': [-2, 2]}",<function generate_sim_data at 0x7f4967c62050>,1,0,"[{'n_iter': 200, 'patience': 100, 'input_size': 1, 'h_sizes': [40, 40]}]",[<class 'models.NueralNet'>],300,1,False,True,,,0.9,,,,,,,210,380,270,230,1.0,0.7777777777777778,1.0,0.5217391304347826,naive_on_y
0.9,100,500,False,True,False,False,"{'transform_func': <function transform_X at 0x7f496a613370>, 'beta': array([1, 2, 3, 4]), 'uniform_range_x': [-2, 2]}",<function generate_sim_data at 0x7f4967c62050>,1,0,"[{'n_iter': 200, 'patience': 100, 'input_size': 1, 'h_sizes': [40, 40]}]",[<class 'models.NueralNet'>],300,1,False,True,True,True,0.9000000000000341,0.9766666666666667,0.81,0.9000000000000341,0.9766666666666667,0.9966666666666667,2.0,235,288,266,234,1.0,0.8834586466165414,1.0,0.905982905982906,CS_on_mean
0.9,100,500,False,True,False,False,"{'transform_func': <function transform_X at 0x7f496a613370>, 'beta': array([1, 2, 3, 4]), 'uniform_range_x': [-2, 2]}",<function generate_sim_data at 0x7f4967c62050>,1,0,"[{'n_iter': 200, 'patience': 100, 'input_size': 1, 'h_sizes': [40, 40]}]",[<class 'models.NueralNet'>],300,1,False,False,,,0.9,,,,,,,233,278,266,234,1.0,0.8759398496240601,0.9864864864864865,0.9358974358974359,naive_on_mean
0.9,100,500,False,True,False,False,"{'transform_func': <function transform_X at 0x7f496a613370>, 'beta': array([1, 2, 3, 4]), 'uniform_range_x': [-2, 2]}",<function generate_sim_data at 0x7f4967c62050>,1,0,"[{'n_iter': 200, 'patience': 100, 'input_size': 1, 'h_sizes': [40, 40]}]",[<class 'models.NueralNet'>],300,1,False,True,True,True,0.8999999999999773,0.9733333333333334,0.8500000000000001,0.8999999999999773,0.9733333333333334,0.9966666666666667,17.0,109,443,268,232,1.0,0.40671641791044777,1.0,0.2456896551724138,CS_on_y
0.9,100,500,False,True,False,False,"{'transform_func': <function transform_X at 0x7f496a613370>, 'beta': array([1, 2, 3, 4]), 'uniform_range_x': [-2, 2]}",<function generate_sim_data at 0x7f4967c62050>,1,0,"[{'n_iter': 200, 'patience': 100, 'input_size': 1, 'h_sizes': [40, 40]}]",[<class 'models.NueralNet'>],300,1,False,True,,,0.9,,,,,,,204,324,268,232,1.0,0.7611940298507462,1.0,0.7586206896551724,naive_on_y
0.9,100,500,False,True,False,False,"{'transform_func': <function transform_X at 0x7f496a613370>, 'beta': array([1, 2, 3, 4]), 'uniform_range_x': [-2, 2]}",<function generate_sim_data at 0x7f4967c62050>,1,0,"[{'n_iter': 200, 'patience': 100, 'input_size': 1, 'h_sizes': [40, 40]}]",[<class 'models.NueralNet'>],300,1,False,False,True,True,0.8999999999999773,0.97,0.8933333333333333,0.8999999999999773,0.97,0.99,6.0,245,298,258,242,0.9959183673469387,0.9457364341085271,1.0,0.8347107438016529,CS_on_mean
0.9,100,500,False,True,False,False,"{'transform_func': <function transform_X at 0x7f496a613370>, 'beta': array([1, 2, 3, 4]), 'uniform_range_x': [-2, 2]}",<function generate_sim_data at 0x7f4967c62050>,1,0,"[{'n_iter': 200, 'patience': 100, 'input_size': 1, 'h_sizes': [40, 40]}]",[<class 'models.NueralNet'>],300,1,False,False,,,0.9,,,,,,,252,287,258,242,0.996031746031746,0.9728682170542635,1.0,0.8801652892561983,naive_on_mean
0.9,100,500,False,True,False,False,"{'transform_func': <function transform_X at 0x7f496a613370>, 'beta': array([1, 2, 3, 4]), 'uniform_range_x': [-2, 2]}",<function generate_sim_data at 0x7f4967c62050>,1,0,"[{'n_iter': 200, 'patience': 100, 'input_size': 1, 'h_sizes': [40, 40]}]",[<class 'models.NueralNet'>],300,1,False,True,True,True,0.8999999999999773,0.96,0.6766666666666667,0.8999999999999773,0.96,0.9933333333333333,19.0,125,499,256,244,1.0,0.48828125,1.0,0.004098360655737654,CS_on_y
0.9,100,500,False,True,False,False,"{'transform_func': <function transform_X at 0x7f496a613370>, 'beta': array([1, 2, 3, 4]), 'uniform_range_x': [-2, 2]}",<function generate_sim_data at 0x7f4967c62050>,1,0,"[{'n_iter': 200, 'patience': 100, 'input_size': 1, 'h_sizes': [40, 40]}]",[<class 'models.NueralNet'>],300,1,False,True,,,0.9,,,,,,,211,425,256,244,1.0,0.82421875,1.0,0.3073770491803278,naive_on_y
0.9,100,500,False,True,False,False,"{'transform_func': <function transform_X at 0x7f496a613370>, 'beta': array([1, 2, 3, 4]), 'uniform_range_x': [-2, 2]}",<function generate_sim_data at 0x7f4967c62050>,1,0,"[{'n_iter': 200, 'patience': 100, 'input_size': 1, 'h_sizes': [40, 40]}]",[<class 'models.NueralNet'>],300,1,False,True,True,True,0.8999999999999773,0.9833333333333333,0.94,0.8999999999999773,0.9833333333333333,1.0,11.0,195,294,253,247,1.0,0.7707509881422925,1.0,0.8340080971659919,CS_on_mean
0.9,100,500,False,True,False,False,"{'transform_func': <function transform_X at 0x7f496a613370>, 'beta': array([1, 2, 3, 4]), 'uniform_range_x': [-2, 2]}",<function generate_sim_data at 0x7f4967c62050>,1,0,"[{'n_iter': 200, 'patience': 100, 'input_size': 1, 'h_sizes': [40, 40]}]",[<class 'models.NueralNet'>],300,1,False,True,,,0.9,,,,,,,236,270,253,247,1.0,0.9328063241106719,1.0,0.9311740890688259,naive_on_mean
0.9,100,500,False,True,False,False,"{'transform_func': <function transform_X at 0x7f496a613370>, 'beta': array([1, 2, 3, 4]), 'uniform_range_x': [-2, 2]}",<function generate_sim_data at 0x7f4967c62050>,1,0,"[{'n_iter': 200, 'patience': 100, 'input_size': 1, 'h_sizes': [40, 40]}]",[<class 'models.NueralNet'>],300,1,False,True,True,True,0.9000000000000341,0.98,0.9466666666666668,0.9000000000000341,0.98,0.9966666666666667,100.0,56,500,258,242,1.0,0.21705426356589153,1.0,0.0,CS_on_y
0.9,100,500,False,True,False,False,"{'transform_func': <function transform_X at 0x7f496a613370>, 'beta': array([1, 2, 3, 4]), 'uniform_range_x': [-2, 2]}",<function generate_sim_data at 0x7f4967c62050>,1,0,"[{'n_iter': 200, 'patience': 100, 'input_size': 1, 'h_sizes': [40, 40]}]",[<class 'models.NueralNet'>],300,1,False,False,,,0.9,,,,,,,198,311,258,242,0.9949494949494949,0.7635658914728682,1.0,0.78099173553719,naive_on_y
0.9,100,500,False,True,False,False,"{'transform_func': <function transform_X at 0x7f496a613370>, 'beta': array([1, 2, 3, 4]), 'uniform_range_x': [-2, 2]}",<function generate_sim_data at 0x7f4967c62050>,1,0,"[{'n_iter': 200, 'patience': 100, 'input_size': 1, 'h_sizes': [40, 40]}]",[<class 'models.NueralNet'>],300,1,False,True,True,True,0.8999999999999773,0.9633333333333334,0.8599999999999999,0.8999999999999773,0.9633333333333334,0.98,9.0,233,305,258,242,1.0,0.9031007751937985,1.0,0.8057851239669421,CS_on_mean
0.9,100,500,False,True,False,False,"{'transform_func': <function transform_X at 0x7f496a613370>, 'beta': array([1, 2, 3, 4]), 'uniform_range_x': [-2, 2]}",<function generate_sim_data at 0x7f4967c62050>,1,0,"[{'n_iter': 200, 'patience': 100, 'input_size': 1, 'h_sizes': [40, 40]}]",[<class 'models.NueralNet'>],300,1,False,False,,,0.9,,,,,,,240,292,258,242,0.9916666666666667,0.9224806201550387,1.0,0.859504132231405,naive_on_mean
0.9,100,500,False,True,False,False,"{'transform_func': <function transform_X at 0x7f496a613370>, 'beta': array([1, 2, 3, 4]), 'uniform_range_x': [-2, 2]}",<function generate_sim_data at 0x7f4967c62050>,1,0,"[{'n_iter': 200, 'patience': 100, 'input_size': 1, 'h_sizes': [40, 40]}]",[<class 'models.NueralNet'>],300,1,False,True,True,True,0.8999999999999773,0.9666666666666667,0.7833333333333332,0.8999999999999773,0.9666666666666667,0.9933333333333333,9.0,148,473,255,245,1.0,0.580392156862745,1.0,0.11020408163265305,CS_on_y
0.9,100,500,False,True,False,False,"{'transform_func': <function transform_X at 0x7f496a613370>, 'beta': array([1, 2, 3, 4]), 'uniform_range_x': [-2, 2]}",<function generate_sim_data at 0x7f4967c62050>,1,0,"[{'n_iter': 200, 'patience': 100, 'input_size': 1, 'h_sizes': [40, 40]}]",[<class 'models.NueralNet'>],300,1,False,True,,,0.9,,,,,,,203,355,255,245,1.0,0.7960784313725491,1.0,0.5918367346938775,naive_on_y
0.9,100,500,False,True,False,False,"{'transform_func': <function transform_X at 0x7f496a613370>, 'beta': array([1, 2, 3, 4]), 'uniform_range_x': [-2, 2]}",<function generate_sim_data at 0x7f4967c62050>,1,0,"[{'n_iter': 200, 'patience': 100, 'input_size': 1, 'h_sizes': [40, 40]}]",[<class 'models.NueralNet'>],300,1,False,True,True,True,0.9000000000000341,0.96,0.7866666666666666,0.9000000000000341,0.96,0.98,11.0,260,300,281,219,1.0,0.9252669039145908,1.0,0.91324200913242,CS_on_mean
0.9,100,500,False,True,False,False,"{'transform_func': <function transform_X at 0x7f496a613370>, 'beta': array([1, 2, 3, 4]), 'uniform_range_x': [-2, 2]}",<function generate_sim_data at 0x7f4967c62050>,1,0,"[{'n_iter': 200, 'patience': 100, 'input_size': 1, 'h_sizes': [40, 40]}]",[<class 'models.NueralNet'>],300,1,False,True,,,0.9,,,,,,,264,294,281,219,1.0,0.9395017793594306,1.0,0.9406392694063928,naive_on_mean
0.9,100,500,False,True,False,False,"{'transform_func': <function transform_X at 0x7f496a613370>, 'beta': array([1, 2, 3, 4]), 'uniform_range_x': [-2, 2]}",<function generate_sim_data at 0x7f4967c62050>,1,0,"[{'n_iter': 200, 'patience': 100, 'input_size': 1, 'h_sizes': [40, 40]}]",[<class 'models.NueralNet'>],300,1,False,True,True,True,0.8999999999999773,0.98,0.7366666666666668,0.8999999999999773,0.98,1.0,13.0,167,410,274,226,1.0,0.6094890510948905,1.0,0.3982300884955752,CS_on_y
0.9,100,500,False,True,False,False,"{'transform_func': <function transform_X at 0x7f496a613370>, 'beta': array([1, 2, 3, 4]), 'uniform_range_x': [-2, 2]}",<function generate_sim_data at 0x7f4967c62050>,1,0,"[{'n_iter': 200, 'patience': 100, 'input_size': 1, 'h_sizes': [40, 40]}]",[<class 'models.NueralNet'>],300,1,False,False,,,0.9,,,,,,,216,339,274,226,0.9953703703703703,0.7846715328467153,0.9937888198757764,0.7079646017699115,naive_on_y
0.9,100,500,False,True,False,False,"{'transform_func': <function transform_X at 0x7f496a613370>, 'beta': array([1, 2, 3, 4]), 'uniform_range_x': [-2, 2]}",<function generate_sim_data at 0x7f4967c62050>,1,0,"[{'n_iter': 200, 'patience': 100, 'input_size': 1, 'h_sizes': [40, 40]}]",[<class 'models.NueralNet'>],300,1,False,True,True,True,0.9000000000000341,0.9966666666666667,0.9666666666666668,0.9000000000000341,0.9966666666666667,1.0,100.0,201,314,267,233,1.0,0.752808988764045,1.0,0.7982832618025751,CS_on_mean
0.9,100,500,False,True,False,False,"{'transform_func': <function transform_X at 0x7f496a613370>, 'beta': array([1, 2, 3, 4]), 'uniform_range_x': [-2, 2]}",<function generate_sim_data at 0x7f4967c62050>,1,0,"[{'n_iter': 200, 'patience': 100, 'input_size': 1, 'h_sizes': [40, 40]}]",[<class 'models.NueralNet'>],300,1,False,False,,,0.9,,,,,,,247,290,267,233,1.0,0.9250936329588015,0.9952380952380953,0.8969957081545065,naive_on_mean
0.9,100,500,False,True,False,False,"{'transform_func': <function transform_X at 0x7f496a613370>, 'beta': array([1, 2, 3, 4]), 'uniform_range_x': [-2, 2]}",<function generate_sim_data at 0x7f4967c62050>,1,0,"[{'n_iter': 200, 'patience': 100, 'input_size': 1, 'h_sizes': [40, 40]}]",[<class 'models.NueralNet'>],300,1,False,True,True,True,0.9000000000000057,0.9933333333333333,0.96,0.9000000000000057,0.9933333333333333,0.9966666666666667,300.0,103,494,275,225,1.0,0.3745454545454545,1.0,0.026666666666666616,CS_on_y
0.9,100,500,False,True,False,False,"{'transform_func': <function transform_X at 0x7f496a613370>, 'beta': array([1, 2, 3, 4]), 'uniform_range_x': [-2, 2]}",<function generate_sim_data at 0x7f4967c62050>,1,0,"[{'n_iter': 200, 'patience': 100, 'input_size': 1, 'h_sizes': [40, 40]}]",[<class 'models.NueralNet'>],300,1,False,True,,,0.9,,,,,,,209,343,275,225,1.0,0.76,1.0,0.6977777777777778,naive_on_y
0.9,100,500,False,True,False,False,"{'transform_func': <function transform_X at 0x7f496a613370>, 'beta': array([1, 2, 3, 4]), 'uniform_range_x': [-2, 2]}",<function generate_sim_data at 0x7f4967c62050>,1,0,"[{'n_iter': 200, 'patience': 100, 'input_size': 1, 'h_sizes': [40, 40]}]",[<class 'models.NueralNet'>],300,1,False,True,True,True,0.8999999999999773,0.9633333333333334,0.8533333333333333,0.8999999999999773,0.9633333333333334,0.9866666666666667,6.0,245,391,279,221,1.0,0.8781362007168458,1.0,0.49321266968325794,CS_on_mean
0.9,100,500,False,True,False,False,"{'transform_func': <function transform_X at 0x7f496a613370>, 'beta': array([1, 2, 3, 4]), 'uniform_range_x': [-2, 2]}",<function generate_sim_data at 0x7f4967c62050>,1,0,"[{'n_iter': 200, 'patience': 100, 'input_size': 1, 'h_sizes': [40, 40]}]",[<class 'models.NueralNet'>],300,1,False,True,,,0.9,,,,,,,257,307,279,221,1.0,0.921146953405018,1.0,0.8733031674208145,naive_on_mean
0.9,100,500,False,True,False,False,"{'transform_func': <function transform_X at 0x7f496a613370>, 'beta': array([1, 2, 3, 4]), 'uniform_range_x': [-2, 2]}",<function generate_sim_data at 0x7f4967c62050>,1,0,"[{'n_iter': 200, 'patience': 100, 'input_size': 1, 'h_sizes': [40, 40]}]",[<class 'models.NueralNet'>],300,1,False,True,True,True,0.8999999999999773,0.9666666666666667,0.8733333333333333,0.8999999999999773,0.9666666666666667,0.9966666666666667,26.0,100,500,277,223,1.0,0.36101083032490977,1.0,0.0,CS_on_y
0.9,100,500,False,True,False,False,"{'transform_func': <function transform_X at 0x7f496a613370>, 'beta': array([1, 2, 3, 4]), 'uniform_range_x': [-2, 2]}",<function generate_sim_data at 0x7f4967c62050>,1,0,"[{'n_iter': 200, 'patience': 100, 'input_size': 1, 'h_sizes': [40, 40]}]",[<class 'models.NueralNet'>],300,1,False,True,,,0.9,,,,,,,211,429,277,223,1.0,0.7617328519855595,1.0,0.3183856502242153,naive_on_y
0.9,100,500,False,True,False,False,"{'transform_func': <function transform_X at 0x7f496a613370>, 'beta': array([1, 2, 3, 4]), 'uniform_range_x': [-2, 2]}",<function generate_sim_data at 0x7f4967c62050>,1,0,"[{'n_iter': 200, 'patience': 100, 'input_size': 1, 'h_sizes': [40, 40]}]",[<class 'models.NueralNet'>],300,1,False,True,True,True,0.9000000000000341,0.9833333333333333,0.9266666666666667,0.9000000000000341,0.9833333333333333,0.99,6.0,221,300,255,245,1.0,0.8666666666666667,1.0,0.8163265306122449,CS_on_mean
0.9,100,500,False,True,False,False,"{'transform_func': <function transform_X at 0x7f496a613370>, 'beta': array([1, 2, 3, 4]), 'uniform_range_x': [-2, 2]}",<function generate_sim_data at 0x7f4967c62050>,1,0,"[{'n_iter': 200, 'patience': 100, 'input_size': 1, 'h_sizes': [40, 40]}]",[<class 'models.NueralNet'>],300,1,False,True,,,0.9,,,,,,,227,283,255,245,1.0,0.8901960784313725,1.0,0.8857142857142857,naive_on_mean
0.9,100,500,False,True,False,False,"{'transform_func': <function transform_X at 0x7f496a613370>, 'beta': array([1, 2, 3, 4]), 'uniform_range_x': [-2, 2]}",<function generate_sim_data at 0x7f4967c62050>,1,0,"[{'n_iter': 200, 'patience': 100, 'input_size': 1, 'h_sizes': [40, 40]}]",[<class 'models.NueralNet'>],300,1,False,True,True,True,0.9000000000000341,0.9633333333333334,0.6866666666666665,0.9000000000000341,0.9633333333333334,0.9966666666666667,28.0,124,500,248,252,1.0,0.5,1.0,0.0,CS_on_y
0.9,100,500,False,True,False,False,"{'transform_func': <function transform_X at 0x7f496a613370>, 'beta': array([1, 2, 3, 4]), 'uniform_range_x': [-2, 2]}",<function generate_sim_data at 0x7f4967c62050>,1,0,"[{'n_iter': 200, 'patience': 100, 'input_size': 1, 'h_sizes': [40, 40]}]",[<class 'models.NueralNet'>],300,1,False,True,,,0.9,,,,,,,178,446,248,252,1.0,0.717741935483871,1.0,0.2142857142857143,naive_on_y
0.9,100,500,False,True,False,False,"{'transform_func': <function transform_X at 0x7f496a613370>, 'beta': array([1, 2, 3, 4]), 'uniform_range_x': [-2, 2]}",<function generate_sim_data at 0x7f4967c62050>,1,0,"[{'n_iter': 200, 'patience': 100, 'input_size': 1, 'h_sizes': [40, 40]}]",[<class 'models.NueralNet'>],300,1,False,True,True,True,0.9000000000000341,0.9966666666666667,0.9933333333333334,0.9000000000000341,0.9966666666666667,1.0,198.0,142,500,265,235,1.0,0.5358490566037736,1.0,0.0,CS_on_mean
0.9,100,500,False,True,False,False,"{'transform_func': <function transform_X at 0x7f496a613370>, 'beta': array([1, 2, 3, 4]), 'uniform_range_x': [-2, 2]}",<function generate_sim_data at 0x7f4967c62050>,1,0,"[{'n_iter': 200, 'patience': 100, 'input_size': 1, 'h_sizes': [40, 40]}]",[<class 'models.NueralNet'>],300,1,False,True,,,0.9,,,,,,,249,285,265,235,1.0,0.939622641509434,1.0,0.9148936170212766,naive_on_mean
0.9,100,500,False,True,False,False,"{'transform_func': <function transform_X at 0x7f496a613370>, 'beta': array([1, 2, 3, 4]), 'uniform_range_x': [-2, 2]}",<function generate_sim_data at 0x7f4967c62050>,1,0,"[{'n_iter': 200, 'patience': 100, 'input_size': 1, 'h_sizes': [40, 40]}]",[<class 'models.NueralNet'>],300,1,False,True,True,True,0.8999999999999773,0.9933333333333333,0.9866666666666666,0.8999999999999773,0.9933333333333333,1.0,16.0,19,500,272,228,1.0,0.06985294117647056,1.0,0.0,CS_on_y
0.9,100,500,False,True,False,False,"{'transform_func': <function transform_X at 0x7f496a613370>, 'beta': array([1, 2, 3, 4]), 'uniform_range_x': [-2, 2]}",<function generate_sim_data at 0x7f4967c62050>,1,0,"[{'n_iter': 200, 'patience': 100, 'input_size': 1, 'h_sizes': [40, 40]}]",[<class 'models.NueralNet'>],300,1,False,True,,,0.9,,,,,,,202,382,272,228,1.0,0.7426470588235294,1.0,0.5175438596491229,naive_on_y
0.9,100,500,False,True,False,False,"{'transform_func': <function transform_X at 0x7f496a613370>, 'beta': array([1, 2, 3, 4]), 'uniform_range_x': [-2, 2]}",<function generate_sim_data at 0x7f4967c62050>,1,0,"[{'n_iter': 200, 'patience': 100, 'input_size': 1, 'h_sizes': [40, 40]}]",[<class 'models.NueralNet'>],300,1,False,True,True,True,0.9000000000000341,0.98,0.9099999999999999,0.9000000000000341,0.98,0.9733333333333334,9.0,244,310,271,229,1.0,0.9003690036900369,1.0,0.8296943231441047,CS_on_mean
0.9,100,500,False,True,False,False,"{'transform_func': <function transform_X at 0x7f496a613370>, 'beta': array([1, 2, 3, 4]), 'uniform_range_x': [-2, 2]}",<function generate_sim_data at 0x7f4967c62050>,1,0,"[{'n_iter': 200, 'patience': 100, 'input_size': 1, 'h_sizes': [40, 40]}]",[<class 'models.NueralNet'>],300,1,False,True,,,0.9,,,,,,,248,300,271,229,1.0,0.915129151291513,1.0,0.8733624454148472,naive_on_mean
0.9,100,500,False,True,False,False,"{'transform_func': <function transform_X at 0x7f496a613370>, 'beta': array([1, 2, 3, 4]), 'uniform_range_x': [-2, 2]}",<function generate_sim_data at 0x7f4967c62050>,1,0,"[{'n_iter': 200, 'patience': 100, 'input_size': 1, 'h_sizes': [40, 40]}]",[<class 'models.NueralNet'>],300,1,False,True,True,True,0.9000000000000341,0.98,0.76,0.9000000000000341,0.98,0.9966666666666667,10.0,174,425,276,224,1.0,0.6304347826086957,1.0,0.3348214285714286,CS_on_y
0.9,100,500,False,True,False,False,"{'transform_func': <function transform_X at 0x7f496a613370>, 'beta': array([1, 2, 3, 4]), 'uniform_range_x': [-2, 2]}",<function generate_sim_data at 0x7f4967c62050>,1,0,"[{'n_iter': 200, 'patience': 100, 'input_size': 1, 'h_sizes': [40, 40]}]",[<class 'models.NueralNet'>],300,1,False,True,,,0.9,,,,,,,213,331,276,224,1.0,0.7717391304347826,1.0,0.7544642857142857,naive_on_y
0.9,100,500,False,True,False,False,"{'transform_func': <function transform_X at 0x7f496a613370>, 'beta': array([1, 2, 3, 4]), 'uniform_range_x': [-2, 2]}",<function generate_sim_data at 0x7f4967c62050>,1,0,"[{'n_iter': 200, 'patience': 100, 'input_size': 1, 'h_sizes': [40, 40]}]",[<class 'models.NueralNet'>],300,1,False,True,False,True,0.8999999999999773,0.9833333333333333,0.8733333333333335,0.8999999999999773,0.9833333333333333,0.99,12.0,232,300,275,225,1.0,0.8436363636363636,1.0,0.8888888888888888,CS_on_mean
0.9,100,500,False,True,False,False,"{'transform_func': <function transform_X at 0x7f496a613370>, 'beta': array([1, 2, 3, 4]), 'uniform_range_x': [-2, 2]}",<function generate_sim_data at 0x7f4967c62050>,1,0,"[{'n_iter': 200, 'patience': 100, 'input_size': 1, 'h_sizes': [40, 40]}]",[<class 'models.NueralNet'>],300,1,False,True,,,0.9,,,,,,,251,293,275,225,1.0,0.9127272727272727,1.0,0.92,naive_on_mean
0.9,100,500,False,True,False,False,"{'transform_func': <function transform_X at 0x7f496a613370>, 'beta': array([1, 2, 3, 4]), 'uniform_range_x': [-2, 2]}",<function generate_sim_data at 0x7f4967c62050>,1,0,"[{'n_iter': 200, 'patience': 100, 'input_size': 1, 'h_sizes': [40, 40]}]",[<class 'models.NueralNet'>],300,1,False,True,True,True,0.8999999999999773,0.9733333333333334,0.8333333333333335,0.8999999999999773,0.9733333333333334,0.9933333333333333,34.0,145,417,276,224,1.0,0.5253623188405797,1.0,0.3705357142857143,CS_on_y
0.9,100,500,False,True,False,False,"{'transform_func': <function transform_X at 0x7f496a613370>, 'beta': array([1, 2, 3, 4]), 'uniform_range_x': [-2, 2]}",<function generate_sim_data at 0x7f4967c62050>,1,0,"[{'n_iter': 200, 'patience': 100, 'input_size': 1, 'h_sizes': [40, 40]}]",[<class 'models.NueralNet'>],300,1,False,True,,,0.9,,,,,,,202,348,276,224,1.0,0.7318840579710144,1.0,0.6785714285714286,naive_on_y
0.9,100,500,False,True,False,False,"{'transform_func': <function transform_X at 0x7f496a613370>, 'beta': array([1, 2, 3, 4]), 'uniform_range_x': [-2, 2]}",<function generate_sim_data at 0x7f4967c62050>,1,0,"[{'n_iter': 200, 'patience': 100, 'input_size': 1, 'h_sizes': [40, 40]}]",[<class 'models.NueralNet'>],300,1,False,True,True,True,0.8999999999999773,0.9866666666666667,0.8900000000000001,0.8999999999999773,0.9866666666666667,0.99,54.0,169,289,269,231,1.0,0.6282527881040892,1.0,0.9134199134199135,CS_on_mean
0.9,100,500,False,True,False,False,"{'transform_func': <function transform_X at 0x7f496a613370>, 'beta': array([1, 2, 3, 4]), 'uniform_range_x': [-2, 2]}",<function generate_sim_data at 0x7f4967c62050>,1,0,"[{'n_iter': 200, 'patience': 100, 'input_size': 1, 'h_sizes': [40, 40]}]",[<class 'models.NueralNet'>],300,1,False,True,,,0.9,,,,,,,236,274,269,231,1.0,0.8773234200743494,1.0,0.9783549783549783,naive_on_mean
0.9,100,500,False,True,False,False,"{'transform_func': <function transform_X at 0x7f496a613370>, 'beta': array([1, 2, 3, 4]), 'uniform_range_x': [-2, 2]}",<function generate_sim_data at 0x7f4967c62050>,1,0,"[{'n_iter': 200, 'patience': 100, 'input_size': 1, 'h_sizes': [40, 40]}]",[<class 'models.NueralNet'>],300,1,False,True,True,True,0.9000000000000341,0.94,0.8500000000000001,0.9000000000000341,0.94,0.9966666666666667,97.0,89,495,263,237,1.0,0.33840304182509506,1.0,0.021097046413502074,CS_on_y
0.9,100,500,False,True,False,False,"{'transform_func': <function transform_X at 0x7f496a613370>, 'beta': array([1, 2, 3, 4]), 'uniform_range_x': [-2, 2]}",<function generate_sim_data at 0x7f4967c62050>,1,0,"[{'n_iter': 200, 'patience': 100, 'input_size': 1, 'h_sizes': [40, 40]}]",[<class 'models.NueralNet'>],300,1,False,True,,,0.9,,,,,,,192,320,263,237,1.0,0.7300380228136882,1.0,0.759493670886076,naive_on_y
0.9,100,500,False,True,False,False,"{'transform_func': <function transform_X at 0x7f496a613370>, 'beta': array([1, 2, 3, 4]), 'uniform_range_x': [-2, 2]}",<function generate_sim_data at 0x7f4967c62050>,1,0,"[{'n_iter': 200, 'patience': 100, 'input_size': 1, 'h_sizes': [40, 40]}]",[<class 'models.NueralNet'>],300,1,False,True,True,True,0.9000000000000341,0.9666666666666667,0.7533333333333334,0.9000000000000341,0.9666666666666667,0.9866666666666667,5.0,271,316,288,212,1.0,0.9409722222222222,1.0,0.8679245283018868,CS_on_mean
0.9,100,500,False,True,False,False,"{'transform_func': <function transform_X at 0x7f496a613370>, 'beta': array([1, 2, 3, 4]), 'uniform_range_x': [-2, 2]}",<function generate_sim_data at 0x7f4967c62050>,1,0,"[{'n_iter': 200, 'patience': 100, 'input_size': 1, 'h_sizes': [40, 40]}]",[<class 'models.NueralNet'>],300,1,False,False,,,0.9,,,,,,,278,311,288,212,0.9928057553956835,0.9583333333333334,1.0,0.8915094339622641,naive_on_mean
0.9,100,500,False,True,False,False,"{'transform_func': <function transform_X at 0x7f496a613370>, 'beta': array([1, 2, 3, 4]), 'uniform_range_x': [-2, 2]}",<function generate_sim_data at 0x7f4967c62050>,1,0,"[{'n_iter': 200, 'patience': 100, 'input_size': 1, 'h_sizes': [40, 40]}]",[<class 'models.NueralNet'>],300,1,False,True,True,True,0.8999999999999773,0.96,0.75,0.8999999999999773,0.96,0.9933333333333333,18.0,151,480,286,214,1.0,0.5279720279720279,1.0,0.09345794392523366,CS_on_y
0.9,100,500,False,True,False,False,"{'transform_func': <function transform_X at 0x7f496a613370>, 'beta': array([1, 2, 3, 4]), 'uniform_range_x': [-2, 2]}",<function generate_sim_data at 0x7f4967c62050>,1,0,"[{'n_iter': 200, 'patience': 100, 'input_size': 1, 'h_sizes': [40, 40]}]",[<class 'models.NueralNet'>],300,1,False,True,,,0.9,,,,,,,228,391,286,214,1.0,0.7972027972027972,1.0,0.5093457943925234,naive_on_y
0.9,100,500,False,True,False,False,"{'transform_func': <function transform_X at 0x7f496a613370>, 'beta': array([1, 2, 3, 4]), 'uniform_range_x': [-2, 2]}",<function generate_sim_data at 0x7f4967c62050>,1,0,"[{'n_iter': 200, 'patience': 100, 'input_size': 1, 'h_sizes': [40, 40]}]",[<class 'models.NueralNet'>],300,1,False,True,True,True,0.9000000000000341,0.9666666666666667,0.8566666666666665,0.9000000000000341,0.9666666666666667,0.98,8.0,238,317,270,230,1.0,0.8814814814814815,1.0,0.7956521739130434,CS_on_mean
0.9,100,500,False,True,False,False,"{'transform_func': <function transform_X at 0x7f496a613370>, 'beta': array([1, 2, 3, 4]), 'uniform_range_x': [-2, 2]}",<function generate_sim_data at 0x7f4967c62050>,1,0,"[{'n_iter': 200, 'patience': 100, 'input_size': 1, 'h_sizes': [40, 40]}]",[<class 'models.NueralNet'>],300,1,False,True,,,0.9,,,,,,,249,303,270,230,1.0,0.9222222222222223,1.0,0.8565217391304347,naive_on_mean
0.9,100,500,False,True,False,False,"{'transform_func': <function transform_X at 0x7f496a613370>, 'beta': array([1, 2, 3, 4]), 'uniform_range_x': [-2, 2]}",<function generate_sim_data at 0x7f4967c62050>,1,0,"[{'n_iter': 200, 'patience': 100, 'input_size': 1, 'h_sizes': [40, 40]}]",[<class 'models.NueralNet'>],300,1,False,True,True,True,0.9000000000000341,0.9633333333333334,0.8133333333333335,0.9000000000000341,0.9633333333333334,1.0,32.0,121,500,273,227,1.0,0.4432234432234432,1.0,0.0,CS_on_y
0.9,100,500,False,True,False,False,"{'transform_func': <function transform_X at 0x7f496a613370>, 'beta': array([1, 2, 3, 4]), 'uniform_range_x': [-2, 2]}",<function generate_sim_data at 0x7f4967c62050>,1,0,"[{'n_iter': 200, 'patience': 100, 'input_size': 1, 'h_sizes': [40, 40]}]",[<class 'models.NueralNet'>],300,1,False,True,,,0.9,,,,,,,211,372,273,227,1.0,0.7728937728937729,1.0,0.5638766519823788,naive_on_y
0.9,100,500,False,True,False,False,"{'transform_func': <function transform_X at 0x7f496a613370>, 'beta': array([1, 2, 3, 4]), 'uniform_range_x': [-2, 2]}",<function generate_sim_data at 0x7f4967c62050>,1,0,"[{'n_iter': 200, 'patience': 100, 'input_size': 1, 'h_sizes': [40, 40]}]",[<class 'models.NueralNet'>],300,1,False,True,True,True,0.9000000000000341,0.9566666666666667,0.8666666666666667,0.9000000000000341,0.9566666666666667,0.97,7.0,241,301,265,235,1.0,0.909433962264151,1.0,0.8468085106382979,CS_on_mean
0.9,100,500,False,True,False,False,"{'transform_func': <function transform_X at 0x7f496a613370>, 'beta': array([1, 2, 3, 4]), 'uniform_range_x': [-2, 2]}",<function generate_sim_data at 0x7f4967c62050>,1,0,"[{'n_iter': 200, 'patience': 100, 'input_size': 1, 'h_sizes': [40, 40]}]",[<class 'models.NueralNet'>],300,1,False,True,,,0.9,,,,,,,249,290,265,235,1.0,0.939622641509434,1.0,0.8936170212765957,naive_on_mean
0.9,100,500,False,True,False,False,"{'transform_func': <function transform_X at 0x7f496a613370>, 'beta': array([1, 2, 3, 4]), 'uniform_range_x': [-2, 2]}",<function generate_sim_data at 0x7f4967c62050>,1,0,"[{'n_iter': 200, 'patience': 100, 'input_size': 1, 'h_sizes': [40, 40]}]",[<class 'models.NueralNet'>],300,1,False,True,True,True,0.8999999999999773,0.9666666666666667,0.6200000000000001,0.8999999999999773,0.9666666666666667,0.99,8.0,132,499,259,241,1.0,0.5096525096525096,1.0,0.004149377593360981,CS_on_y
0.9,100,500,False,True,False,False,"{'transform_func': <function transform_X at 0x7f496a613370>, 'beta': array([1, 2, 3, 4]), 'uniform_range_x': [-2, 2]}",<function generate_sim_data at 0x7f4967c62050>,1,0,"[{'n_iter': 200, 'patience': 100, 'input_size': 1, 'h_sizes': [40, 40]}]",[<class 'models.NueralNet'>],300,1,False,True,,,0.9,,,,,,,196,372,259,241,1.0,0.7567567567567568,1.0,0.5311203319502075,naive_on_y
0.9,100,500,False,True,False,False,"{'transform_func': <function transform_X at 0x7f496a613370>, 'beta': array([1, 2, 3, 4]), 'uniform_range_x': [-2, 2]}",<function generate_sim_data at 0x7f4967c62050>,1,0,"[{'n_iter': 200, 'patience': 100, 'input_size': 1, 'h_sizes': [40, 40]}]",[<class 'models.NueralNet'>],300,1,False,True,False,True,0.9000000000000341,0.9866666666666667,0.9066666666666667,0.9000000000000341,0.9866666666666667,0.9933333333333333,22.0,239,353,278,222,1.0,0.8597122302158273,1.0,0.6621621621621622,CS_on_mean
0.9,100,500,False,True,False,False,"{'transform_func': <function transform_X at 0x7f496a613370>, 'beta': array([1, 2, 3, 4]), 'uniform_range_x': [-2, 2]}",<function generate_sim_data at 0x7f4967c62050>,1,0,"[{'n_iter': 200, 'patience': 100, 'input_size': 1, 'h_sizes': [40, 40]}]",[<class 'models.NueralNet'>],300,1,False,True,,,0.9,,,,,,,262,307,278,222,1.0,0.9424460431654677,1.0,0.8693693693693694,naive_on_mean
0.9,100,500,False,True,False,False,"{'transform_func': <function transform_X at 0x7f496a613370>, 'beta': array([1, 2, 3, 4]), 'uniform_range_x': [-2, 2]}",<function generate_sim_data at 0x7f4967c62050>,1,0,"[{'n_iter': 200, 'patience': 100, 'input_size': 1, 'h_sizes': [40, 40]}]",[<class 'models.NueralNet'>],300,1,False,True,True,True,0.9000000000000341,0.97,0.7766666666666668,0.9000000000000341,0.97,0.9933333333333333,36.0,150,451,284,216,1.0,0.528169014084507,1.0,0.22685185185185186,CS_on_y
0.9,100,500,False,True,False,False,"{'transform_func': <function transform_X at 0x7f496a613370>, 'beta': array([1, 2, 3, 4]), 'uniform_range_x': [-2, 2]}",<function generate_sim_data at 0x7f4967c62050>,1,0,"[{'n_iter': 200, 'patience': 100, 'input_size': 1, 'h_sizes': [40, 40]}]",[<class 'models.NueralNet'>],300,1,False,True,,,0.9,,,,,,,210,391,284,216,1.0,0.7394366197183099,1.0,0.5046296296296297,naive_on_y
0.9,100,500,False,True,False,False,"{'transform_func': <function transform_X at 0x7f496a613370>, 'beta': array([1, 2, 3, 4]), 'uniform_range_x': [-2, 2]}",<function generate_sim_data at 0x7f4967c62050>,1,0,"[{'n_iter': 200, 'patience': 100, 'input_size': 1, 'h_sizes': [40, 40]}]",[<class 'models.NueralNet'>],300,1,False,True,True,True,0.9000000000000341,0.9766666666666667,0.8333333333333335,0.9000000000000341,0.9766666666666667,0.9833333333333333,12.0,232,320,267,233,1.0,0.8689138576779026,1.0,0.7725321888412018,CS_on_mean
0.9,100,500,False,True,False,False,"{'transform_func': <function transform_X at 0x7f496a613370>, 'beta': array([1, 2, 3, 4]), 'uniform_range_x': [-2, 2]}",<function generate_sim_data at 0x7f4967c62050>,1,0,"[{'n_iter': 200, 'patience': 100, 'input_size': 1, 'h_sizes': [40, 40]}]",[<class 'models.NueralNet'>],300,1,False,False,,,0.9,,,,,,,249,313,267,233,0.9959839357429718,0.9288389513108615,1.0,0.8025751072961373,naive_on_mean
0.9,100,500,False,True,False,False,"{'transform_func': <function transform_X at 0x7f496a613370>, 'beta': array([1, 2, 3, 4]), 'uniform_range_x': [-2, 2]}",<function generate_sim_data at 0x7f4967c62050>,1,0,"[{'n_iter': 200, 'patience': 100, 'input_size': 1, 'h_sizes': [40, 40]}]",[<class 'models.NueralNet'>],300,1,False,True,True,True,0.9000000000000341,0.9533333333333334,0.74,0.9000000000000341,0.9533333333333334,0.99,29.0,133,424,271,229,1.0,0.4907749077490775,1.0,0.3318777292576419,CS_on_y
0.9,100,500,False,True,False,False,"{'transform_func': <function transform_X at 0x7f496a613370>, 'beta': array([1, 2, 3, 4]), 'uniform_range_x': [-2, 2]}",<function generate_sim_data at 0x7f4967c62050>,1,0,"[{'n_iter': 200, 'patience': 100, 'input_size': 1, 'h_sizes': [40, 40]}]",[<class 'models.NueralNet'>],300,1,False,True,,,0.9,,,,,,,195,370,271,229,1.0,0.7195571955719557,1.0,0.5676855895196506,naive_on_y
0.9,100,500,False,True,False,False,"{'transform_func': <function transform_X at 0x7f496a613370>, 'beta': array([1, 2, 3, 4]), 'uniform_range_x': [-2, 2]}",<function generate_sim_data at 0x7f4967c62050>,1,0,"[{'n_iter': 200, 'patience': 100, 'input_size': 1, 'h_sizes': [40, 40]}]",[<class 'models.NueralNet'>],300,1,False,True,True,True,0.9000000000000341,0.98,0.8933333333333333,0.9000000000000341,0.98,0.9866666666666667,4.0,222,289,268,232,1.0,0.8283582089552239,1.0,0.9094827586206896,CS_on_mean
0.9,100,500,False,True,False,False,"{'transform_func': <function transform_X at 0x7f496a613370>, 'beta': array([1, 2, 3, 4]), 'uniform_range_x': [-2, 2]}",<function generate_sim_data at 0x7f4967c62050>,1,0,"[{'n_iter': 200, 'patience': 100, 'input_size': 1, 'h_sizes': [40, 40]}]",[<class 'models.NueralNet'>],300,1,False,True,,,0.9,,,,,,,243,285,268,232,1.0,0.9067164179104478,1.0,0.9267241379310345,naive_on_mean
0.9,100,500,False,True,False,False,"{'transform_func': <function transform_X at 0x7f496a613370>, 'beta': array([1, 2, 3, 4]), 'uniform_range_x': [-2, 2]}",<function generate_sim_data at 0x7f4967c62050>,1,0,"[{'n_iter': 200, 'patience': 100, 'input_size': 1, 'h_sizes': [40, 40]}]",[<class 'models.NueralNet'>],300,1,False,True,True,True,0.8999999999999773,0.9766666666666667,0.8466666666666667,0.8999999999999773,0.9766666666666667,0.9966666666666667,49.0,151,411,265,235,1.0,0.569811320754717,1.0,0.37872340425531914,CS_on_y
0.9,100,500,False,True,False,False,"{'transform_func': <function transform_X at 0x7f496a613370>, 'beta': array([1, 2, 3, 4]), 'uniform_range_x': [-2, 2]}",<function generate_sim_data at 0x7f4967c62050>,1,0,"[{'n_iter': 200, 'patience': 100, 'input_size': 1, 'h_sizes': [40, 40]}]",[<class 'models.NueralNet'>],300,1,False,False,,,0.9,,,,,,,200,336,265,235,1.0,0.7547169811320755,0.9939024390243902,0.6936170212765957,naive_on_y
0.9,100,500,False,True,False,False,"{'transform_func': <function transform_X at 0x7f496a613370>, 'beta': array([1, 2, 3, 4]), 'uniform_range_x': [-2, 2]}",<function generate_sim_data at 0x7f4967c62050>,1,0,"[{'n_iter': 200, 'patience': 100, 'input_size': 1, 'h_sizes': [40, 40]}]",[<class 'models.NueralNet'>],300,1,False,True,True,True,0.9000000000000341,0.96,0.7933333333333334,0.9000000000000341,0.96,0.9566666666666667,8.0,241,376,266,234,1.0,0.9060150375939849,1.0,0.5299145299145299,CS_on_mean
0.9,100,500,False,True,False,False,"{'transform_func': <function transform_X at 0x7f496a613370>, 'beta': array([1, 2, 3, 4]), 'uniform_range_x': [-2, 2]}",<function generate_sim_data at 0x7f4967c62050>,1,0,"[{'n_iter': 200, 'patience': 100, 'input_size': 1, 'h_sizes': [40, 40]}]",[<class 'models.NueralNet'>],300,1,False,True,,,0.9,,,,,,,250,291,266,234,1.0,0.9398496240601504,1.0,0.8931623931623932,naive_on_mean
0.9,100,500,False,True,False,False,"{'transform_func': <function transform_X at 0x7f496a613370>, 'beta': array([1, 2, 3, 4]), 'uniform_range_x': [-2, 2]}",<function generate_sim_data at 0x7f4967c62050>,1,0,"[{'n_iter': 200, 'patience': 100, 'input_size': 1, 'h_sizes': [40, 40]}]",[<class 'models.NueralNet'>],300,1,False,True,True,True,0.8999999999999773,0.9833333333333333,0.8633333333333333,0.8999999999999773,0.9833333333333333,0.9966666666666667,32.0,137,499,266,234,1.0,0.5150375939849624,1.0,0.004273504273504258,CS_on_y
0.9,100,500,False,True,False,False,"{'transform_func': <function transform_X at 0x7f496a613370>, 'beta': array([1, 2, 3, 4]), 'uniform_range_x': [-2, 2]}",<function generate_sim_data at 0x7f4967c62050>,1,0,"[{'n_iter': 200, 'patience': 100, 'input_size': 1, 'h_sizes': [40, 40]}]",[<class 'models.NueralNet'>],300,1,False,True,,,0.9,,,,,,,213,352,266,234,1.0,0.8007518796992481,1.0,0.6324786324786325,naive_on_y
0.9,100,500,False,True,False,False,"{'transform_func': <function transform_X at 0x7f496a613370>, 'beta': array([1, 2, 3, 4]), 'uniform_range_x': [-2, 2]}",<function generate_sim_data at 0x7f4967c62050>,1,0,"[{'n_iter': 200, 'patience': 100, 'input_size': 1, 'h_sizes': [40, 40]}]",[<class 'models.NueralNet'>],300,1,False,True,True,True,0.9000000000000341,0.9566666666666667,0.7733333333333334,0.9000000000000341,0.9566666666666667,0.98,7.0,245,310,267,233,1.0,0.9176029962546817,1.0,0.8154506437768241,CS_on_mean
0.9,100,500,False,True,False,False,"{'transform_func': <function transform_X at 0x7f496a613370>, 'beta': array([1, 2, 3, 4]), 'uniform_range_x': [-2, 2]}",<function generate_sim_data at 0x7f4967c62050>,1,0,"[{'n_iter': 200, 'patience': 100, 'input_size': 1, 'h_sizes': [40, 40]}]",[<class 'models.NueralNet'>],300,1,False,True,,,0.9,,,,,,,250,299,267,233,1.0,0.9363295880149812,1.0,0.8626609442060086,naive_on_mean
0.9,100,500,False,True,False,False,"{'transform_func': <function transform_X at 0x7f496a613370>, 'beta': array([1, 2, 3, 4]), 'uniform_range_x': [-2, 2]}",<function generate_sim_data at 0x7f4967c62050>,1,0,"[{'n_iter': 200, 'patience': 100, 'input_size': 1, 'h_sizes': [40, 40]}]",[<class 'models.NueralNet'>],300,1,False,True,True,True,0.9000000000000341,0.98,0.78,0.9000000000000341,0.98,1.0,38.0,127,487,272,228,1.0,0.46691176470588236,1.0,0.05701754385964908,CS_on_y
0.9,100,500,False,True,False,False,"{'transform_func': <function transform_X at 0x7f496a613370>, 'beta': array([1, 2, 3, 4]), 'uniform_range_x': [-2, 2]}",<function generate_sim_data at 0x7f4967c62050>,1,0,"[{'n_iter': 200, 'patience': 100, 'input_size': 1, 'h_sizes': [40, 40]}]",[<class 'models.NueralNet'>],300,1,False,True,,,0.9,,,,,,,200,366,272,228,1.0,0.7352941176470589,1.0,0.5877192982456141,naive_on_y
0.9,100,500,False,True,False,False,"{'transform_func': <function transform_X at 0x7f496a613370>, 'beta': array([1, 2, 3, 4]), 'uniform_range_x': [-2, 2]}",<function generate_sim_data at 0x7f4967c62050>,1,0,"[{'n_iter': 200, 'patience': 100, 'input_size': 1, 'h_sizes': [40, 40]}]",[<class 'models.NueralNet'>],300,1,False,True,True,True,0.9000000000000341,0.9666666666666667,0.8233333333333333,0.9000000000000341,0.9666666666666667,0.9933333333333333,25.0,226,292,256,244,1.0,0.8828125,1.0,0.8524590163934427,CS_on_mean
0.9,100,500,False,True,False,False,"{'transform_func': <function transform_X at 0x7f496a613370>, 'beta': array([1, 2, 3, 4]), 'uniform_range_x': [-2, 2]}",<function generate_sim_data at 0x7f4967c62050>,1,0,"[{'n_iter': 200, 'patience': 100, 'input_size': 1, 'h_sizes': [40, 40]}]",[<class 'models.NueralNet'>],300,1,False,True,,,0.9,,,,,,,235,287,256,244,1.0,0.91796875,1.0,0.8729508196721312,naive_on_mean
0.9,100,500,False,True,False,False,"{'transform_func': <function transform_X at 0x7f496a613370>, 'beta': array([1, 2, 3, 4]), 'uniform_range_x': [-2, 2]}",<function generate_sim_data at 0x7f4967c62050>,1,0,"[{'n_iter': 200, 'patience': 100, 'input_size': 1, 'h_sizes': [40, 40]}]",[<class 'models.NueralNet'>],300,1,False,True,True,True,0.9000000000000341,0.96,0.6333333333333333,0.9000000000000341,0.96,0.9933333333333333,14.0,161,449,265,235,1.0,0.6075471698113207,1.0,0.21702127659574466,CS_on_y
0.9,100,500,False,True,False,False,"{'transform_func': <function transform_X at 0x7f496a613370>, 'beta': array([1, 2, 3, 4]), 'uniform_range_x': [-2, 2]}",<function generate_sim_data at 0x7f4967c62050>,1,0,"[{'n_iter': 200, 'patience': 100, 'input_size': 1, 'h_sizes': [40, 40]}]",[<class 'models.NueralNet'>],300,1,False,False,,,0.9,,,,,,,207,360,265,235,1.0,0.7811320754716982,0.9928571428571429,0.5914893617021277,naive_on_y
0.9,100,500,False,True,False,False,"{'transform_func': <function transform_X at 0x7f496a613370>, 'beta': array([1, 2, 3, 4]), 'uniform_range_x': [-2, 2]}",<function generate_sim_data at 0x7f4967c62050>,1,0,"[{'n_iter': 200, 'patience': 100, 'input_size': 1, 'h_sizes': [40, 40]}]",[<class 'models.NueralNet'>],300,1,False,True,False,True,0.9000000000000341,0.9766666666666667,0.9100000000000001,0.9000000000000341,0.9766666666666667,0.99,14.0,246,429,283,217,1.0,0.8692579505300353,1.0,0.3271889400921659,CS_on_mean
0.9,100,500,False,True,False,False,"{'transform_func': <function transform_X at 0x7f496a613370>, 'beta': array([1, 2, 3, 4]), 'uniform_range_x': [-2, 2]}",<function generate_sim_data at 0x7f4967c62050>,1,0,"[{'n_iter': 200, 'patience': 100, 'input_size': 1, 'h_sizes': [40, 40]}]",[<class 'models.NueralNet'>],300,1,False,True,,,0.9,,,,,,,266,315,283,217,1.0,0.9399293286219081,1.0,0.8525345622119815,naive_on_mean
0.9,100,500,False,True,False,False,"{'transform_func': <function transform_X at 0x7f496a613370>, 'beta': array([1, 2, 3, 4]), 'uniform_range_x': [-2, 2]}",<function generate_sim_data at 0x7f4967c62050>,1,0,"[{'n_iter': 200, 'patience': 100, 'input_size': 1, 'h_sizes': [40, 40]}]",[<class 'models.NueralNet'>],300,1,False,True,True,True,0.8999999999999773,0.9833333333333333,0.7999999999999998,0.8999999999999773,0.9833333333333333,0.9966666666666667,26.0,135,500,282,218,1.0,0.4787234042553191,1.0,0.0,CS_on_y
0.9,100,500,False,True,False,False,"{'transform_func': <function transform_X at 0x7f496a613370>, 'beta': array([1, 2, 3, 4]), 'uniform_range_x': [-2, 2]}",<function generate_sim_data at 0x7f4967c62050>,1,0,"[{'n_iter': 200, 'patience': 100, 'input_size': 1, 'h_sizes': [40, 40]}]",[<class 'models.NueralNet'>],300,1,False,True,,,0.9,,,,,,,216,390,282,218,1.0,0.7659574468085106,1.0,0.5045871559633027,naive_on_y
0.9,100,500,False,True,False,False,"{'transform_func': <function transform_X at 0x7f496a613370>, 'beta': array([1, 2, 3, 4]), 'uniform_range_x': [-2, 2]}",<function generate_sim_data at 0x7f4967c62050>,1,0,"[{'n_iter': 200, 'patience': 100, 'input_size': 1, 'h_sizes': [40, 40]}]",[<class 'models.NueralNet'>],300,1,False,True,True,True,0.9000000000000341,0.9666666666666667,0.8200000000000001,0.9000000000000341,0.9666666666666667,0.9766666666666667,8.0,242,292,257,243,1.0,0.9416342412451362,1.0,0.8559670781893004,CS_on_mean
0.9,100,500,False,True,False,False,"{'transform_func': <function transform_X at 0x7f496a613370>, 'beta': array([1, 2, 3, 4]), 'uniform_range_x': [-2, 2]}",<function generate_sim_data at 0x7f4967c62050>,1,0,"[{'n_iter': 200, 'patience': 100, 'input_size': 1, 'h_sizes': [40, 40]}]",[<class 'models.NueralNet'>],300,1,False,True,,,0.9,,,,,,,249,288,257,243,1.0,0.9688715953307393,1.0,0.8724279835390947,naive_on_mean
0.9,100,500,False,True,False,False,"{'transform_func': <function transform_X at 0x7f496a613370>, 'beta': array([1, 2, 3, 4]), 'uniform_range_x': [-2, 2]}",<function generate_sim_data at 0x7f4967c62050>,1,0,"[{'n_iter': 200, 'patience': 100, 'input_size': 1, 'h_sizes': [40, 40]}]",[<class 'models.NueralNet'>],300,1,False,True,True,True,0.8999999999999773,0.9566666666666667,0.77,0.8999999999999773,0.9566666666666667,0.9966666666666667,21.0,156,463,261,239,1.0,0.5977011494252873,1.0,0.15481171548117156,CS_on_y
0.9,100,500,False,True,False,False,"{'transform_func': <function transform_X at 0x7f496a613370>, 'beta': array([1, 2, 3, 4]), 'uniform_range_x': [-2, 2]}",<function generate_sim_data at 0x7f4967c62050>,1,0,"[{'n_iter': 200, 'patience': 100, 'input_size': 1, 'h_sizes': [40, 40]}]",[<class 'models.NueralNet'>],300,1,False,False,,,0.9,,,,,,,209,352,261,239,0.9952153110047847,0.7969348659003832,1.0,0.6192468619246863,naive_on_y
0.9,100,500,False,True,False,False,"{'transform_func': <function transform_X at 0x7f496a613370>, 'beta': array([1, 2, 3, 4]), 'uniform_range_x': [-2, 2]}",<function generate_sim_data at 0x7f4967c62050>,1,0,"[{'n_iter': 200, 'patience': 100, 'input_size': 1, 'h_sizes': [40, 40]}]",[<class 'models.NueralNet'>],300,1,False,True,True,True,0.900000000000091,0.9766666666666667,0.8799999999999999,0.900000000000091,0.9766666666666667,0.98,6.0,231,423,264,236,1.0,0.875,1.0,0.326271186440678,CS_on_mean
0.9,100,500,False,True,False,False,"{'transform_func': <function transform_X at 0x7f496a613370>, 'beta': array([1, 2, 3, 4]), 'uniform_range_x': [-2, 2]}",<function generate_sim_data at 0x7f4967c62050>,1,0,"[{'n_iter': 200, 'patience': 100, 'input_size': 1, 'h_sizes': [40, 40]}]",[<class 'models.NueralNet'>],300,1,False,True,,,0.9,,,,,,,250,303,264,236,1.0,0.946969696969697,1.0,0.8347457627118644,naive_on_mean
0.9,100,500,False,True,False,False,"{'transform_func': <function transform_X at 0x7f496a613370>, 'beta': array([1, 2, 3, 4]), 'uniform_range_x': [-2, 2]}",<function generate_sim_data at 0x7f4967c62050>,1,0,"[{'n_iter': 200, 'patience': 100, 'input_size': 1, 'h_sizes': [40, 40]}]",[<class 'models.NueralNet'>],300,1,False,True,True,True,0.9000000000000341,0.9666666666666667,0.8966666666666667,0.9000000000000341,0.9666666666666667,0.9966666666666667,149.0,86,500,261,239,1.0,0.32950191570881227,1.0,0.0,CS_on_y
0.9,100,500,False,True,False,False,"{'transform_func': <function transform_X at 0x7f496a613370>, 'beta': array([1, 2, 3, 4]), 'uniform_range_x': [-2, 2]}",<function generate_sim_data at 0x7f4967c62050>,1,0,"[{'n_iter': 200, 'patience': 100, 'input_size': 1, 'h_sizes': [40, 40]}]",[<class 'models.NueralNet'>],300,1,False,True,,,0.9,,,,,,,188,496,261,239,1.0,0.7203065134099618,1.0,0.01673640167364021,naive_on_y
0.9,100,500,False,True,False,False,"{'transform_func': <function transform_X at 0x7f496a613370>, 'beta': array([1, 2, 3, 4]), 'uniform_range_x': [-2, 2]}",<function generate_sim_data at 0x7f4967c62050>,1,0,"[{'n_iter': 200, 'patience': 100, 'input_size': 1, 'h_sizes': [40, 40]}]",[<class 'models.NueralNet'>],300,1,False,True,True,True,0.9000000000000341,0.9766666666666667,0.9033333333333333,0.9000000000000341,0.9766666666666667,0.99,8.0,209,276,256,244,1.0,0.81640625,1.0,0.9180327868852459,CS_on_mean
0.9,100,500,False,True,False,False,"{'transform_func': <function transform_X at 0x7f496a613370>, 'beta': array([1, 2, 3, 4]), 'uniform_range_x': [-2, 2]}",<function generate_sim_data at 0x7f4967c62050>,1,0,"[{'n_iter': 200, 'patience': 100, 'input_size': 1, 'h_sizes': [40, 40]}]",[<class 'models.NueralNet'>],300,1,False,True,,,0.9,,,,,,,223,274,256,244,1.0,0.87109375,1.0,0.9262295081967213,naive_on_mean
0.9,100,500,False,True,False,False,"{'transform_func': <function transform_X at 0x7f496a613370>, 'beta': array([1, 2, 3, 4]), 'uniform_range_x': [-2, 2]}",<function generate_sim_data at 0x7f4967c62050>,1,0,"[{'n_iter': 200, 'patience': 100, 'input_size': 1, 'h_sizes': [40, 40]}]",[<class 'models.NueralNet'>],300,1,False,True,True,True,0.9000000000000341,0.9733333333333334,0.8333333333333335,0.9000000000000341,0.9733333333333334,0.9966666666666667,40.0,99,491,261,239,1.0,0.3793103448275862,1.0,0.03765690376569042,CS_on_y
0.9,100,500,False,True,False,False,"{'transform_func': <function transform_X at 0x7f496a613370>, 'beta': array([1, 2, 3, 4]), 'uniform_range_x': [-2, 2]}",<function generate_sim_data at 0x7f4967c62050>,1,0,"[{'n_iter': 200, 'patience': 100, 'input_size': 1, 'h_sizes': [40, 40]}]",[<class 'models.NueralNet'>],300,1,False,True,,,0.9,,,,,,,187,340,261,239,1.0,0.7164750957854407,1.0,0.6694560669456067,naive_on_y
0.9,100,500,False,True,False,False,"{'transform_func': <function transform_X at 0x7f496a613370>, 'beta': array([1, 2, 3, 4]), 'uniform_range_x': [-2, 2]}",<function generate_sim_data at 0x7f4967c62050>,1,0,"[{'n_iter': 200, 'patience': 100, 'input_size': 1, 'h_sizes': [40, 40]}]",[<class 'models.NueralNet'>],300,1,False,True,True,True,0.9000000000000341,0.97,0.8333333333333333,0.9000000000000341,0.97,0.9966666666666667,9.0,237,284,266,234,1.0,0.8909774436090225,1.0,0.9230769230769231,CS_on_mean
0.9,100,500,False,True,False,False,"{'transform_func': <function transform_X at 0x7f496a613370>, 'beta': array([1, 2, 3, 4]), 'uniform_range_x': [-2, 2]}",<function generate_sim_data at 0x7f4967c62050>,1,0,"[{'n_iter': 200, 'patience': 100, 'input_size': 1, 'h_sizes': [40, 40]}]",[<class 'models.NueralNet'>],300,1,False,True,,,0.9,,,,,,,250,277,266,234,1.0,0.9398496240601504,1.0,0.9529914529914529,naive_on_mean
0.9,100,500,False,True,False,False,"{'transform_func': <function transform_X at 0x7f496a613370>, 'beta': array([1, 2, 3, 4]), 'uniform_range_x': [-2, 2]}",<function generate_sim_data at 0x7f4967c62050>,1,0,"[{'n_iter': 200, 'patience': 100, 'input_size': 1, 'h_sizes': [40, 40]}]",[<class 'models.NueralNet'>],300,1,False,True,True,True,0.8999999999999773,0.9666666666666667,0.7999999999999998,0.8999999999999773,0.9666666666666667,0.99,16.0,125,458,251,249,1.0,0.49800796812749004,1.0,0.1686746987951807,CS_on_y
0.9,100,500,False,True,False,False,"{'transform_func': <function transform_X at 0x7f496a613370>, 'beta': array([1, 2, 3, 4]), 'uniform_range_x': [-2, 2]}",<function generate_sim_data at 0x7f4967c62050>,1,0,"[{'n_iter': 200, 'patience': 100, 'input_size': 1, 'h_sizes': [40, 40]}]",[<class 'models.NueralNet'>],300,1,False,True,,,0.9,,,,,,,196,322,251,249,1.0,0.7808764940239044,1.0,0.714859437751004,naive_on_y
0.9,100,500,False,True,False,False,"{'transform_func': <function transform_X at 0x7f496a613370>, 'beta': array([1, 2, 3, 4]), 'uniform_range_x': [-2, 2]}",<function generate_sim_data at 0x7f4967c62050>,1,0,"[{'n_iter': 200, 'patience': 100, 'input_size': 1, 'h_sizes': [40, 40]}]",[<class 'models.NueralNet'>],300,1,False,True,True,True,0.9000000000000341,0.9866666666666667,0.9500000000000002,0.9000000000000341,0.9866666666666667,0.99,13.0,181,314,255,245,1.0,0.7098039215686274,1.0,0.7591836734693878,CS_on_mean
0.9,100,500,False,True,False,False,"{'transform_func': <function transform_X at 0x7f496a613370>, 'beta': array([1, 2, 3, 4]), 'uniform_range_x': [-2, 2]}",<function generate_sim_data at 0x7f4967c62050>,1,0,"[{'n_iter': 200, 'patience': 100, 'input_size': 1, 'h_sizes': [40, 40]}]",[<class 'models.NueralNet'>],300,1,False,True,,,0.9,,,,,,,225,269,255,245,1.0,0.8823529411764706,1.0,0.9428571428571428,naive_on_mean
0.9,100,500,False,True,False,False,"{'transform_func': <function transform_X at 0x7f496a613370>, 'beta': array([1, 2, 3, 4]), 'uniform_range_x': [-2, 2]}",<function generate_sim_data at 0x7f4967c62050>,1,0,"[{'n_iter': 200, 'patience': 100, 'input_size': 1, 'h_sizes': [40, 40]}]",[<class 'models.NueralNet'>],300,1,False,True,True,True,0.9000000000000341,0.98,0.9066666666666667,0.9000000000000341,0.98,0.9966666666666667,159.0,101,480,260,240,1.0,0.3884615384615384,1.0,0.08333333333333337,CS_on_y
0.9,100,500,False,True,False,False,"{'transform_func': <function transform_X at 0x7f496a613370>, 'beta': array([1, 2, 3, 4]), 'uniform_range_x': [-2, 2]}",<function generate_sim_data at 0x7f4967c62050>,1,0,"[{'n_iter': 200, 'patience': 100, 'input_size': 1, 'h_sizes': [40, 40]}]",[<class 'models.NueralNet'>],300,1,False,True,,,0.9,,,,,,,181,345,260,240,1.0,0.6961538461538461,1.0,0.6458333333333333,naive_on_y
0.9,100,500,False,True,False,False,"{'transform_func': <function transform_X at 0x7f496a613370>, 'beta': array([1, 2, 3, 4]), 'uniform_range_x': [-2, 2]}",<function generate_sim_data at 0x7f4967c62050>,1,0,"[{'n_iter': 200, 'patience': 100, 'input_size': 1, 'h_sizes': [40, 40]}]",[<class 'models.NueralNet'>],300,1,False,True,True,True,0.9000000000000341,0.9733333333333334,0.9199999999999999,0.9000000000000341,0.9733333333333334,0.9866666666666667,10.0,235,333,260,240,1.0,0.9038461538461539,1.0,0.6958333333333333,CS_on_mean
0.9,100,500,False,True,False,False,"{'transform_func': <function transform_X at 0x7f496a613370>, 'beta': array([1, 2, 3, 4]), 'uniform_range_x': [-2, 2]}",<function generate_sim_data at 0x7f4967c62050>,1,0,"[{'n_iter': 200, 'patience': 100, 'input_size': 1, 'h_sizes': [40, 40]}]",[<class 'models.NueralNet'>],300,1,False,True,,,0.9,,,,,,,246,293,260,240,1.0,0.9461538461538461,1.0,0.8625,naive_on_mean
0.9,100,500,False,True,False,False,"{'transform_func': <function transform_X at 0x7f496a613370>, 'beta': array([1, 2, 3, 4]), 'uniform_range_x': [-2, 2]}",<function generate_sim_data at 0x7f4967c62050>,1,0,"[{'n_iter': 200, 'patience': 100, 'input_size': 1, 'h_sizes': [40, 40]}]",[<class 'models.NueralNet'>],300,1,False,True,True,True,0.9000000000000341,0.96,0.6833333333333333,0.9000000000000341,0.96,0.9866666666666667,23.0,136,496,267,233,1.0,0.5093632958801498,1.0,0.01716738197424894,CS_on_y
0.9,100,500,False,True,False,False,"{'transform_func': <function transform_X at 0x7f496a613370>, 'beta': array([1, 2, 3, 4]), 'uniform_range_x': [-2, 2]}",<function generate_sim_data at 0x7f4967c62050>,1,0,"[{'n_iter': 200, 'patience': 100, 'input_size': 1, 'h_sizes': [40, 40]}]",[<class 'models.NueralNet'>],300,1,False,True,,,0.9,,,,,,,196,460,267,233,1.0,0.7340823970037453,1.0,0.1716738197424893,naive_on_y
0.9,100,500,False,True,False,False,"{'transform_func': <function transform_X at 0x7f496a613370>, 'beta': array([1, 2, 3, 4]), 'uniform_range_x': [-2, 2]}",<function generate_sim_data at 0x7f4967c62050>,1,0,"[{'n_iter': 200, 'patience': 100, 'input_size': 1, 'h_sizes': [40, 40]}]",[<class 'models.NueralNet'>],300,1,False,True,True,True,0.8999999999999773,0.99,0.9566666666666666,0.8999999999999773,0.99,0.9933333333333333,14.0,170,324,276,224,1.0,0.6159420289855073,1.0,0.7857142857142857,CS_on_mean
0.9,100,500,False,True,False,False,"{'transform_func': <function transform_X at 0x7f496a613370>, 'beta': array([1, 2, 3, 4]), 'uniform_range_x': [-2, 2]}",<function generate_sim_data at 0x7f4967c62050>,1,0,"[{'n_iter': 200, 'patience': 100, 'input_size': 1, 'h_sizes': [40, 40]}]",[<class 'models.NueralNet'>],300,1,False,True,,,0.9,,,,,,,242,296,276,224,1.0,0.8768115942028986,1.0,0.9107142857142857,naive_on_mean
0.9,100,500,False,True,False,False,"{'transform_func': <function transform_X at 0x7f496a613370>, 'beta': array([1, 2, 3, 4]), 'uniform_range_x': [-2, 2]}",<function generate_sim_data at 0x7f4967c62050>,1,0,"[{'n_iter': 200, 'patience': 100, 'input_size': 1, 'h_sizes': [40, 40]}]",[<class 'models.NueralNet'>],300,1,False,True,True,True,0.9000000000000341,0.9766666666666667,0.8600000000000001,0.9000000000000341,0.9766666666666667,0.9966666666666667,106.0,103,435,270,230,1.0,0.38148148148148153,1.0,0.28260869565217395,CS_on_y
0.9,100,500,False,True,False,False,"{'transform_func': <function transform_X at 0x7f496a613370>, 'beta': array([1, 2, 3, 4]), 'uniform_range_x': [-2, 2]}",<function generate_sim_data at 0x7f4967c62050>,1,0,"[{'n_iter': 200, 'patience': 100, 'input_size': 1, 'h_sizes': [40, 40]}]",[<class 'models.NueralNet'>],300,1,False,True,,,0.9,,,,,,,203,347,270,230,1.0,0.7518518518518519,1.0,0.6652173913043478,naive_on_y
0.9,100,500,False,True,False,False,"{'transform_func': <function transform_X at 0x7f496a613370>, 'beta': array([1, 2, 3, 4]), 'uniform_range_x': [-2, 2]}",<function generate_sim_data at 0x7f4967c62050>,1,0,"[{'n_iter': 200, 'patience': 100, 'input_size': 1, 'h_sizes': [40, 40]}]",[<class 'models.NueralNet'>],300,1,False,True,True,True,0.8999999999999773,0.9833333333333333,0.8900000000000001,0.8999999999999773,0.9833333333333333,0.9866666666666667,7.0,243,280,265,235,1.0,0.9169811320754717,1.0,0.9361702127659575,CS_on_mean
0.9,100,500,False,True,False,False,"{'transform_func': <function transform_X at 0x7f496a613370>, 'beta': array([1, 2, 3, 4]), 'uniform_range_x': [-2, 2]}",<function generate_sim_data at 0x7f4967c62050>,1,0,"[{'n_iter': 200, 'patience': 100, 'input_size': 1, 'h_sizes': [40, 40]}]",[<class 'models.NueralNet'>],300,1,False,True,,,0.9,,,,,,,253,280,265,235,1.0,0.9547169811320755,1.0,0.9361702127659575,naive_on_mean
0.9,100,500,False,True,False,False,"{'transform_func': <function transform_X at 0x7f496a613370>, 'beta': array([1, 2, 3, 4]), 'uniform_range_x': [-2, 2]}",<function generate_sim_data at 0x7f4967c62050>,1,0,"[{'n_iter': 200, 'patience': 100, 'input_size': 1, 'h_sizes': [40, 40]}]",[<class 'models.NueralNet'>],300,1,False,True,True,True,0.9000000000000341,0.9833333333333333,0.9099999999999999,0.9000000000000341,0.9833333333333333,1.0,25.0,141,400,266,234,1.0,0.5300751879699248,1.0,0.4273504273504274,CS_on_y
0.9,100,500,False,True,False,False,"{'transform_func': <function transform_X at 0x7f496a613370>, 'beta': array([1, 2, 3, 4]), 'uniform_range_x': [-2, 2]}",<function generate_sim_data at 0x7f4967c62050>,1,0,"[{'n_iter': 200, 'patience': 100, 'input_size': 1, 'h_sizes': [40, 40]}]",[<class 'models.NueralNet'>],300,1,False,True,,,0.9,,,,,,,219,334,266,234,1.0,0.8233082706766918,1.0,0.7094017094017093,naive_on_y
0.9,100,500,False,True,False,False,"{'transform_func': <function transform_X at 0x7f496a613370>, 'beta': array([1, 2, 3, 4]), 'uniform_range_x': [-2, 2]}",<function generate_sim_data at 0x7f4967c62050>,1,0,"[{'n_iter': 200, 'patience': 100, 'input_size': 1, 'h_sizes': [40, 40]}]",[<class 'models.NueralNet'>],300,1,False,True,True,True,0.9000000000000341,0.95,0.8133333333333335,0.9000000000000341,0.95,0.9766666666666667,11.0,245,294,254,246,1.0,0.9645669291338582,1.0,0.8373983739837398,CS_on_mean
0.9,100,500,False,True,False,False,"{'transform_func': <function transform_X at 0x7f496a613370>, 'beta': array([1, 2, 3, 4]), 'uniform_range_x': [-2, 2]}",<function generate_sim_data at 0x7f4967c62050>,1,0,"[{'n_iter': 200, 'patience': 100, 'input_size': 1, 'h_sizes': [40, 40]}]",[<class 'models.NueralNet'>],300,1,False,True,,,0.9,,,,,,,243,282,254,246,1.0,0.9566929133858267,1.0,0.8861788617886179,naive_on_mean
0.9,100,500,False,True,False,False,"{'transform_func': <function transform_X at 0x7f496a613370>, 'beta': array([1, 2, 3, 4]), 'uniform_range_x': [-2, 2]}",<function generate_sim_data at 0x7f4967c62050>,1,0,"[{'n_iter': 200, 'patience': 100, 'input_size': 1, 'h_sizes': [40, 40]}]",[<class 'models.NueralNet'>],300,1,False,True,True,True,0.9000000000000341,0.96,0.4933333333333332,0.9000000000000341,0.96,0.9966666666666667,11.0,144,456,253,247,1.0,0.5691699604743083,1.0,0.17813765182186236,CS_on_y
0.9,100,500,False,True,False,False,"{'transform_func': <function transform_X at 0x7f496a613370>, 'beta': array([1, 2, 3, 4]), 'uniform_range_x': [-2, 2]}",<function generate_sim_data at 0x7f4967c62050>,1,0,"[{'n_iter': 200, 'patience': 100, 'input_size': 1, 'h_sizes': [40, 40]}]",[<class 'models.NueralNet'>],300,1,False,False,,,0.9,,,,,,,192,352,253,247,0.9947916666666666,0.7549407114624506,1.0,0.5991902834008097,naive_on_y
0.9,100,500,False,True,False,False,"{'transform_func': <function transform_X at 0x7f496a613370>, 'beta': array([1, 2, 3, 4]), 'uniform_range_x': [-2, 2]}",<function generate_sim_data at 0x7f4967c62050>,1,0,"[{'n_iter': 200, 'patience': 100, 'input_size': 1, 'h_sizes': [40, 40]}]",[<class 'models.NueralNet'>],300,1,False,True,True,True,0.8999999999999204,0.9666666666666667,0.8933333333333333,0.8999999999999204,0.9666666666666667,0.9833333333333333,7.0,245,384,269,231,1.0,0.9107806691449815,1.0,0.5021645021645021,CS_on_mean
0.9,100,500,False,True,False,False,"{'transform_func': <function transform_X at 0x7f496a613370>, 'beta': array([1, 2, 3, 4]), 'uniform_range_x': [-2, 2]}",<function generate_sim_data at 0x7f4967c62050>,1,0,"[{'n_iter': 200, 'patience': 100, 'input_size': 1, 'h_sizes': [40, 40]}]",[<class 'models.NueralNet'>],300,1,False,True,,,0.9,,,,,,,245,291,269,231,1.0,0.9107806691449815,1.0,0.9047619047619048,naive_on_mean
0.9,100,500,False,True,False,False,"{'transform_func': <function transform_X at 0x7f496a613370>, 'beta': array([1, 2, 3, 4]), 'uniform_range_x': [-2, 2]}",<function generate_sim_data at 0x7f4967c62050>,1,0,"[{'n_iter': 200, 'patience': 100, 'input_size': 1, 'h_sizes': [40, 40]}]",[<class 'models.NueralNet'>],300,1,False,True,True,True,0.9000000000000341,0.9866666666666667,0.8799999999999999,0.9000000000000341,0.9866666666666667,0.9933333333333333,59.0,137,500,268,232,1.0,0.5111940298507462,1.0,0.0,CS_on_y
0.9,100,500,False,True,False,False,"{'transform_func': <function transform_X at 0x7f496a613370>, 'beta': array([1, 2, 3, 4]), 'uniform_range_x': [-2, 2]}",<function generate_sim_data at 0x7f4967c62050>,1,0,"[{'n_iter': 200, 'patience': 100, 'input_size': 1, 'h_sizes': [40, 40]}]",[<class 'models.NueralNet'>],300,1,False,True,,,0.9,,,,,,,200,464,268,232,1.0,0.7462686567164178,1.0,0.15517241379310343,naive_on_y
0.9,100,500,False,True,False,False,"{'transform_func': <function transform_X at 0x7f496a613370>, 'beta': array([1, 2, 3, 4]), 'uniform_range_x': [-2, 2]}",<function generate_sim_data at 0x7f4967c62050>,1,0,"[{'n_iter': 200, 'patience': 100, 'input_size': 1, 'h_sizes': [40, 40]}]",[<class 'models.NueralNet'>],300,1,False,False,True,True,0.8999999999999773,0.9833333333333333,0.9166666666666665,0.8999999999999773,0.9833333333333333,1.0,9.0,220,334,252,248,0.9954545454545455,0.8690476190476191,1.0,0.6693548387096775,CS_on_mean
0.9,100,500,False,True,False,False,"{'transform_func': <function transform_X at 0x7f496a613370>, 'beta': array([1, 2, 3, 4]), 'uniform_range_x': [-2, 2]}",<function generate_sim_data at 0x7f4967c62050>,1,0,"[{'n_iter': 200, 'patience': 100, 'input_size': 1, 'h_sizes': [40, 40]}]",[<class 'models.NueralNet'>],300,1,False,False,,,0.9,,,,,,,229,293,252,248,0.9956331877729258,0.9047619047619048,1.0,0.8346774193548387,naive_on_mean
0.9,100,500,False,True,False,False,"{'transform_func': <function transform_X at 0x7f496a613370>, 'beta': array([1, 2, 3, 4]), 'uniform_range_x': [-2, 2]}",<function generate_sim_data at 0x7f4967c62050>,1,0,"[{'n_iter': 200, 'patience': 100, 'input_size': 1, 'h_sizes': [40, 40]}]",[<class 'models.NueralNet'>],300,1,False,True,True,True,0.8999999999999773,0.97,0.7766666666666668,0.8999999999999773,0.97,1.0,18.0,112,484,249,251,1.0,0.44979919678714864,1.0,0.06374501992031878,CS_on_y
0.9,100,500,False,True,False,False,"{'transform_func': <function transform_X at 0x7f496a613370>, 'beta': array([1, 2, 3, 4]), 'uniform_range_x': [-2, 2]}",<function generate_sim_data at 0x7f4967c62050>,1,0,"[{'n_iter': 200, 'patience': 100, 'input_size': 1, 'h_sizes': [40, 40]}]",[<class 'models.NueralNet'>],300,1,False,True,,,0.9,,,,,,,195,399,249,251,1.0,0.7831325301204819,1.0,0.40239043824701193,naive_on_y
0.9,100,500,False,True,False,False,"{'transform_func': <function transform_X at 0x7f496a613370>, 'beta': array([1, 2, 3, 4]), 'uniform_range_x': [-2, 2]}",<function generate_sim_data at 0x7f4967c62050>,1,0,"[{'n_iter': 200, 'patience': 100, 'input_size': 1, 'h_sizes': [40, 40]}]",[<class 'models.NueralNet'>],300,1,False,True,True,True,0.8999999999999773,0.9933333333333333,0.9033333333333333,0.8999999999999773,0.9933333333333333,0.9966666666666667,2.0,196,392,247,253,1.0,0.7935222672064777,1.0,0.4268774703557312,CS_on_mean
0.9,100,500,False,True,False,False,"{'transform_func': <function transform_X at 0x7f496a613370>, 'beta': array([1, 2, 3, 4]), 'uniform_range_x': [-2, 2]}",<function generate_sim_data at 0x7f4967c62050>,1,0,"[{'n_iter': 200, 'patience': 100, 'input_size': 1, 'h_sizes': [40, 40]}]",[<class 'models.NueralNet'>],300,1,False,True,,,0.9,,,,,,,211,267,247,253,1.0,0.854251012145749,1.0,0.9209486166007905,naive_on_mean
0.9,100,500,False,True,False,False,"{'transform_func': <function transform_X at 0x7f496a613370>, 'beta': array([1, 2, 3, 4]), 'uniform_range_x': [-2, 2]}",<function generate_sim_data at 0x7f4967c62050>,1,0,"[{'n_iter': 200, 'patience': 100, 'input_size': 1, 'h_sizes': [40, 40]}]",[<class 'models.NueralNet'>],300,1,False,True,True,True,0.9000000000000341,0.97,0.7166666666666668,0.9000000000000341,0.97,0.9966666666666667,20.0,122,462,256,244,1.0,0.4765625,1.0,0.15573770491803274,CS_on_y
0.9,100,500,False,True,False,False,"{'transform_func': <function transform_X at 0x7f496a613370>, 'beta': array([1, 2, 3, 4]), 'uniform_range_x': [-2, 2]}",<function generate_sim_data at 0x7f4967c62050>,1,0,"[{'n_iter': 200, 'patience': 100, 'input_size': 1, 'h_sizes': [40, 40]}]",[<class 'models.NueralNet'>],300,1,False,True,,,0.9,,,,,,,169,358,256,244,1.0,0.66015625,1.0,0.5819672131147541,naive_on_y
0.9,100,500,False,True,False,False,"{'transform_func': <function transform_X at 0x7f496a613370>, 'beta': array([1, 2, 3, 4]), 'uniform_range_x': [-2, 2]}",<function generate_sim_data at 0x7f4967c62050>,1,0,"[{'n_iter': 200, 'patience': 100, 'input_size': 1, 'h_sizes': [40, 40]}]",[<class 'models.NueralNet'>],300,1,False,True,True,True,0.9000000000000341,0.97,0.8533333333333333,0.9000000000000341,0.97,0.9733333333333334,3.0,229,288,253,247,1.0,0.9051383399209486,1.0,0.8582995951417004,CS_on_mean
0.9,100,500,False,True,False,False,"{'transform_func': <function transform_X at 0x7f496a613370>, 'beta': array([1, 2, 3, 4]), 'uniform_range_x': [-2, 2]}",<function generate_sim_data at 0x7f4967c62050>,1,0,"[{'n_iter': 200, 'patience': 100, 'input_size': 1, 'h_sizes': [40, 40]}]",[<class 'models.NueralNet'>],300,1,False,True,,,0.9,,,,,,,234,276,253,247,1.0,0.924901185770751,1.0,0.9068825910931174,naive_on_mean
0.9,100,500,False,True,False,False,"{'transform_func': <function transform_X at 0x7f496a613370>, 'beta': array([1, 2, 3, 4]), 'uniform_range_x': [-2, 2]}",<function generate_sim_data at 0x7f4967c62050>,1,0,"[{'n_iter': 200, 'patience': 100, 'input_size': 1, 'h_sizes': [40, 40]}]",[<class 'models.NueralNet'>],300,1,False,True,True,True,0.9000000000000341,0.9666666666666667,0.6299999999999999,0.9000000000000341,0.9666666666666667,0.99,27.0,150,432,255,245,1.0,0.5882352941176471,1.0,0.27755102040816326,CS_on_y
0.9,100,500,False,True,False,False,"{'transform_func': <function transform_X at 0x7f496a613370>, 'beta': array([1, 2, 3, 4]), 'uniform_range_x': [-2, 2]}",<function generate_sim_data at 0x7f4967c62050>,1,0,"[{'n_iter': 200, 'patience': 100, 'input_size': 1, 'h_sizes': [40, 40]}]",[<class 'models.NueralNet'>],300,1,False,True,,,0.9,,,,,,,200,333,255,245,1.0,0.7843137254901961,1.0,0.6816326530612244,naive_on_y
0.9,100,500,False,True,False,False,"{'transform_func': <function transform_X at 0x7f496a613370>, 'beta': array([1, 2, 3, 4]), 'uniform_range_x': [-2, 2]}",<function generate_sim_data at 0x7f4967c62050>,1,0,"[{'n_iter': 200, 'patience': 100, 'input_size': 1, 'h_sizes': [40, 40]}]",[<class 'models.NueralNet'>],300,1,False,True,True,True,0.9000000000000341,0.96,0.8633333333333333,0.9000000000000341,0.96,0.99,9.0,252,397,267,233,1.0,0.9438202247191011,1.0,0.4420600858369099,CS_on_mean
0.9,100,500,False,True,False,False,"{'transform_func': <function transform_X at 0x7f496a613370>, 'beta': array([1, 2, 3, 4]), 'uniform_range_x': [-2, 2]}",<function generate_sim_data at 0x7f4967c62050>,1,0,"[{'n_iter': 200, 'patience': 100, 'input_size': 1, 'h_sizes': [40, 40]}]",[<class 'models.NueralNet'>],300,1,False,True,,,0.9,,,,,,,258,298,267,233,1.0,0.9662921348314607,1.0,0.8669527896995708,naive_on_mean
0.9,100,500,False,True,False,False,"{'transform_func': <function transform_X at 0x7f496a613370>, 'beta': array([1, 2, 3, 4]), 'uniform_range_x': [-2, 2]}",<function generate_sim_data at 0x7f4967c62050>,1,0,"[{'n_iter': 200, 'patience': 100, 'input_size': 1, 'h_sizes': [40, 40]}]",[<class 'models.NueralNet'>],300,1,False,True,True,True,0.8999999999999773,0.96,0.6766666666666667,0.8999999999999773,0.96,0.9933333333333333,9.0,146,466,266,234,1.0,0.5488721804511278,1.0,0.14529914529914534,CS_on_y
0.9,100,500,False,True,False,False,"{'transform_func': <function transform_X at 0x7f496a613370>, 'beta': array([1, 2, 3, 4]), 'uniform_range_x': [-2, 2]}",<function generate_sim_data at 0x7f4967c62050>,1,0,"[{'n_iter': 200, 'patience': 100, 'input_size': 1, 'h_sizes': [40, 40]}]",[<class 'models.NueralNet'>],300,1,False,True,,,0.9,,,,,,,214,414,266,234,1.0,0.8045112781954887,1.0,0.36752136752136755,naive_on_y
0.9,100,500,False,True,False,False,"{'transform_func': <function transform_X at 0x7f496a613370>, 'beta': array([1, 2, 3, 4]), 'uniform_range_x': [-2, 2]}",<function generate_sim_data at 0x7f4967c62050>,1,0,"[{'n_iter': 200, 'patience': 100, 'input_size': 1, 'h_sizes': [40, 40]}]",[<class 'models.NueralNet'>],300,1,False,True,True,True,0.9000000000000341,0.96,0.75,0.9000000000000341,0.96,0.9866666666666667,6.0,233,277,260,240,1.0,0.8961538461538462,1.0,0.9291666666666667,CS_on_mean
0.9,100,500,False,True,False,False,"{'transform_func': <function transform_X at 0x7f496a613370>, 'beta': array([1, 2, 3, 4]), 'uniform_range_x': [-2, 2]}",<function generate_sim_data at 0x7f4967c62050>,1,0,"[{'n_iter': 200, 'patience': 100, 'input_size': 1, 'h_sizes': [40, 40]}]",[<class 'models.NueralNet'>],300,1,False,True,,,0.9,,,,,,,240,271,260,240,1.0,0.9230769230769231,1.0,0.9541666666666667,naive_on_mean
0.9,100,500,False,True,False,False,"{'transform_func': <function transform_X at 0x7f496a613370>, 'beta': array([1, 2, 3, 4]), 'uniform_range_x': [-2, 2]}",<function generate_sim_data at 0x7f4967c62050>,1,0,"[{'n_iter': 200, 'patience': 100, 'input_size': 1, 'h_sizes': [40, 40]}]",[<class 'models.NueralNet'>],300,1,False,True,True,True,0.8999999999999773,0.9766666666666667,0.8266666666666667,0.8999999999999773,0.9766666666666667,0.9966666666666667,17.0,161,379,255,245,1.0,0.6313725490196078,1.0,0.4938775510204082,CS_on_y
0.9,100,500,False,True,False,False,"{'transform_func': <function transform_X at 0x7f496a613370>, 'beta': array([1, 2, 3, 4]), 'uniform_range_x': [-2, 2]}",<function generate_sim_data at 0x7f4967c62050>,1,0,"[{'n_iter': 200, 'patience': 100, 'input_size': 1, 'h_sizes': [40, 40]}]",[<class 'models.NueralNet'>],300,1,False,False,,,0.9,,,,,,,198,314,255,245,0.9949494949494949,0.7725490196078432,0.9946236559139785,0.7551020408163265,naive_on_y
0.9,100,500,False,True,False,False,"{'transform_func': <function transform_X at 0x7f496a613370>, 'beta': array([1, 2, 3, 4]), 'uniform_range_x': [-2, 2]}",<function generate_sim_data at 0x7f4967c62050>,1,0,"[{'n_iter': 200, 'patience': 100, 'input_size': 1, 'h_sizes': [40, 40]}]",[<class 'models.NueralNet'>],300,1,False,True,False,True,0.9000000000000341,0.9533333333333334,0.8,0.9000000000000341,0.9533333333333334,0.9666666666666667,8.0,224,283,257,243,1.0,0.8715953307392996,1.0,0.8930041152263375,CS_on_mean
0.9,100,500,False,True,False,False,"{'transform_func': <function transform_X at 0x7f496a613370>, 'beta': array([1, 2, 3, 4]), 'uniform_range_x': [-2, 2]}",<function generate_sim_data at 0x7f4967c62050>,1,0,"[{'n_iter': 200, 'patience': 100, 'input_size': 1, 'h_sizes': [40, 40]}]",[<class 'models.NueralNet'>],300,1,False,True,,,0.9,,,,,,,224,267,257,243,1.0,0.8715953307392996,1.0,0.9588477366255144,naive_on_mean
0.9,100,500,False,True,False,False,"{'transform_func': <function transform_X at 0x7f496a613370>, 'beta': array([1, 2, 3, 4]), 'uniform_range_x': [-2, 2]}",<function generate_sim_data at 0x7f4967c62050>,1,0,"[{'n_iter': 200, 'patience': 100, 'input_size': 1, 'h_sizes': [40, 40]}]",[<class 'models.NueralNet'>],300,1,False,True,True,True,0.8999999999999773,0.96,0.6799999999999999,0.8999999999999773,0.96,0.9966666666666667,23.0,137,499,259,241,1.0,0.528957528957529,1.0,0.004149377593360981,CS_on_y
0.9,100,500,False,True,False,False,"{'transform_func': <function transform_X at 0x7f496a613370>, 'beta': array([1, 2, 3, 4]), 'uniform_range_x': [-2, 2]}",<function generate_sim_data at 0x7f4967c62050>,1,0,"[{'n_iter': 200, 'patience': 100, 'input_size': 1, 'h_sizes': [40, 40]}]",[<class 'models.NueralNet'>],300,1,False,True,,,0.9,,,,,,,189,342,259,241,1.0,0.7297297297297297,1.0,0.6556016597510373,naive_on_y
0.9,100,500,False,True,False,False,"{'transform_func': <function transform_X at 0x7f496a613370>, 'beta': array([1, 2, 3, 4]), 'uniform_range_x': [-2, 2]}",<function generate_sim_data at 0x7f4967c62050>,1,0,"[{'n_iter': 200, 'patience': 100, 'input_size': 1, 'h_sizes': [40, 40]}]",[<class 'models.NueralNet'>],300,1,False,True,True,True,0.9000000000000341,0.98,0.8066666666666666,0.9000000000000341,0.98,0.99,7.0,255,299,271,229,1.0,0.940959409594096,1.0,0.8777292576419214,CS_on_mean
0.9,100,500,False,True,False,False,"{'transform_func': <function transform_X at 0x7f496a613370>, 'beta': array([1, 2, 3, 4]), 'uniform_range_x': [-2, 2]}",<function generate_sim_data at 0x7f4967c62050>,1,0,"[{'n_iter': 200, 'patience': 100, 'input_size': 1, 'h_sizes': [40, 40]}]",[<class 'models.NueralNet'>],300,1,False,True,,,0.9,,,,,,,259,293,271,229,1.0,0.955719557195572,1.0,0.9039301310043668,naive_on_mean
0.9,100,500,False,True,False,False,"{'transform_func': <function transform_X at 0x7f496a613370>, 'beta': array([1, 2, 3, 4]), 'uniform_range_x': [-2, 2]}",<function generate_sim_data at 0x7f4967c62050>,1,0,"[{'n_iter': 200, 'patience': 100, 'input_size': 1, 'h_sizes': [40, 40]}]",[<class 'models.NueralNet'>],300,1,False,True,True,True,0.9000000000000341,0.9733333333333334,0.7366666666666666,0.9000000000000341,0.9733333333333334,0.9933333333333333,10.0,160,473,273,227,1.0,0.5860805860805861,1.0,0.11894273127753308,CS_on_y
0.9,100,500,False,True,False,False,"{'transform_func': <function transform_X at 0x7f496a613370>, 'beta': array([1, 2, 3, 4]), 'uniform_range_x': [-2, 2]}",<function generate_sim_data at 0x7f4967c62050>,1,0,"[{'n_iter': 200, 'patience': 100, 'input_size': 1, 'h_sizes': [40, 40]}]",[<class 'models.NueralNet'>],300,1,False,True,,,0.9,,,,,,,217,386,273,227,1.0,0.7948717948717949,1.0,0.5022026431718062,naive_on_y
0.9,100,500,False,True,False,False,"{'transform_func': <function transform_X at 0x7f496a613370>, 'beta': array([1, 2, 3, 4]), 'uniform_range_x': [-2, 2]}",<function generate_sim_data at 0x7f4967c62050>,1,0,"[{'n_iter': 200, 'patience': 100, 'input_size': 1, 'h_sizes': [40, 40]}]",[<class 'models.NueralNet'>],300,1,False,True,True,True,0.9000000000000341,0.9633333333333334,0.8466666666666667,0.9000000000000341,0.9633333333333334,0.9933333333333333,13.0,229,296,252,248,1.0,0.9087301587301587,1.0,0.8225806451612903,CS_on_mean
0.9,100,500,False,True,False,False,"{'transform_func': <function transform_X at 0x7f496a613370>, 'beta': array([1, 2, 3, 4]), 'uniform_range_x': [-2, 2]}",<function generate_sim_data at 0x7f4967c62050>,1,0,"[{'n_iter': 200, 'patience': 100, 'input_size': 1, 'h_sizes': [40, 40]}]",[<class 'models.NueralNet'>],300,1,False,True,,,0.9,,,,,,,238,291,252,248,1.0,0.9444444444444444,1.0,0.842741935483871,naive_on_mean
0.9,100,500,False,True,False,False,"{'transform_func': <function transform_X at 0x7f496a613370>, 'beta': array([1, 2, 3, 4]), 'uniform_range_x': [-2, 2]}",<function generate_sim_data at 0x7f4967c62050>,1,0,"[{'n_iter': 200, 'patience': 100, 'input_size': 1, 'h_sizes': [40, 40]}]",[<class 'models.NueralNet'>],300,1,False,True,True,True,0.8999999999999773,0.9666666666666667,0.7966666666666666,0.8999999999999773,0.9666666666666667,0.9966666666666667,15.0,119,464,261,239,1.0,0.4559386973180076,1.0,0.15062761506276146,CS_on_y
0.9,100,500,False,True,False,False,"{'transform_func': <function transform_X at 0x7f496a613370>, 'beta': array([1, 2, 3, 4]), 'uniform_range_x': [-2, 2]}",<function generate_sim_data at 0x7f4967c62050>,1,0,"[{'n_iter': 200, 'patience': 100, 'input_size': 1, 'h_sizes': [40, 40]}]",[<class 'models.NueralNet'>],300,1,False,False,,,0.9,,,,,,,200,357,261,239,0.995,0.7624521072796935,1.0,0.598326359832636,naive_on_y
0.9,100,500,False,True,False,False,"{'transform_func': <function transform_X at 0x7f496a613370>, 'beta': array([1, 2, 3, 4]), 'uniform_range_x': [-2, 2]}",<function generate_sim_data at 0x7f4967c62050>,1,0,"[{'n_iter': 200, 'patience': 100, 'input_size': 1, 'h_sizes': [40, 40]}]",[<class 'models.NueralNet'>],300,1,False,False,True,True,0.8999999999999773,0.97,0.7533333333333334,0.8999999999999773,0.97,0.9766666666666667,4.0,232,294,276,224,1.0,0.8405797101449275,0.9951456310679612,0.9151785714285714,CS_on_mean
0.9,100,500,False,True,False,False,"{'transform_func': <function transform_X at 0x7f496a613370>, 'beta': array([1, 2, 3, 4]), 'uniform_range_x': [-2, 2]}",<function generate_sim_data at 0x7f4967c62050>,1,0,"[{'n_iter': 200, 'patience': 100, 'input_size': 1, 'h_sizes': [40, 40]}]",[<class 'models.NueralNet'>],300,1,False,True,,,0.9,,,,,,,251,298,276,224,1.0,0.9094202898550725,1.0,0.9017857142857143,naive_on_mean
0.9,100,500,False,True,False,False,"{'transform_func': <function transform_X at 0x7f496a613370>, 'beta': array([1, 2, 3, 4]), 'uniform_range_x': [-2, 2]}",<function generate_sim_data at 0x7f4967c62050>,1,0,"[{'n_iter': 200, 'patience': 100, 'input_size': 1, 'h_sizes': [40, 40]}]",[<class 'models.NueralNet'>],300,1,False,True,True,True,0.9000000000000341,0.9566666666666667,0.7766666666666666,0.9000000000000341,0.9566666666666667,1.0,31.0,96,479,272,228,1.0,0.3529411764705882,1.0,0.09210526315789469,CS_on_y
0.9,100,500,False,True,False,False,"{'transform_func': <function transform_X at 0x7f496a613370>, 'beta': array([1, 2, 3, 4]), 'uniform_range_x': [-2, 2]}",<function generate_sim_data at 0x7f4967c62050>,1,0,"[{'n_iter': 200, 'patience': 100, 'input_size': 1, 'h_sizes': [40, 40]}]",[<class 'models.NueralNet'>],300,1,False,True,,,0.9,,,,,,,199,362,272,228,1.0,0.7316176470588236,1.0,0.6052631578947368,naive_on_y
0.9,100,500,False,True,False,False,"{'transform_func': <function transform_X at 0x7f496a613370>, 'beta': array([1, 2, 3, 4]), 'uniform_range_x': [-2, 2]}",<function generate_sim_data at 0x7f4967c62050>,1,0,"[{'n_iter': 200, 'patience': 100, 'input_size': 1, 'h_sizes': [40, 40]}]",[<class 'models.NueralNet'>],300,1,False,True,True,True,0.9000000000000341,0.9533333333333334,0.7966666666666666,0.9000000000000341,0.9533333333333334,0.9933333333333333,14.0,252,300,276,224,1.0,0.9130434782608696,1.0,0.8928571428571429,CS_on_mean
0.9,100,500,False,True,False,False,"{'transform_func': <function transform_X at 0x7f496a613370>, 'beta': array([1, 2, 3, 4]), 'uniform_range_x': [-2, 2]}",<function generate_sim_data at 0x7f4967c62050>,1,0,"[{'n_iter': 200, 'patience': 100, 'input_size': 1, 'h_sizes': [40, 40]}]",[<class 'models.NueralNet'>],300,1,False,True,,,0.9,,,,,,,262,296,276,224,1.0,0.9492753623188406,1.0,0.9107142857142857,naive_on_mean
0.9,100,500,False,True,False,False,"{'transform_func': <function transform_X at 0x7f496a613370>, 'beta': array([1, 2, 3, 4]), 'uniform_range_x': [-2, 2]}",<function generate_sim_data at 0x7f4967c62050>,1,0,"[{'n_iter': 200, 'patience': 100, 'input_size': 1, 'h_sizes': [40, 40]}]",[<class 'models.NueralNet'>],300,1,False,True,True,True,0.9000000000000341,0.9633333333333334,0.7799999999999998,0.9000000000000341,0.9633333333333334,1.0,19.0,162,425,277,223,1.0,0.5848375451263538,1.0,0.3363228699551569,CS_on_y
0.9,100,500,False,True,False,False,"{'transform_func': <function transform_X at 0x7f496a613370>, 'beta': array([1, 2, 3, 4]), 'uniform_range_x': [-2, 2]}",<function generate_sim_data at 0x7f4967c62050>,1,0,"[{'n_iter': 200, 'patience': 100, 'input_size': 1, 'h_sizes': [40, 40]}]",[<class 'models.NueralNet'>],300,1,False,True,,,0.9,,,,,,,219,347,277,223,1.0,0.7906137184115524,1.0,0.6860986547085202,naive_on_y
0.9,100,500,False,True,False,False,"{'transform_func': <function transform_X at 0x7f496a613370>, 'beta': array([1, 2, 3, 4]), 'uniform_range_x': [-2, 2]}",<function generate_sim_data at 0x7f4967c62050>,1,0,"[{'n_iter': 200, 'patience': 100, 'input_size': 1, 'h_sizes': [40, 40]}]",[<class 'models.NueralNet'>],300,1,False,True,True,True,0.8999999999999773,0.9666666666666667,0.8599999999999999,0.8999999999999773,0.9666666666666667,0.9866666666666667,6.0,234,299,260,240,1.0,0.9,1.0,0.8375,CS_on_mean
0.9,100,500,False,True,False,False,"{'transform_func': <function transform_X at 0x7f496a613370>, 'beta': array([1, 2, 3, 4]), 'uniform_range_x': [-2, 2]}",<function generate_sim_data at 0x7f4967c62050>,1,0,"[{'n_iter': 200, 'patience': 100, 'input_size': 1, 'h_sizes': [40, 40]}]",[<class 'models.NueralNet'>],300,1,False,True,,,0.9,,,,,,,239,273,260,240,1.0,0.9192307692307692,1.0,0.9458333333333333,naive_on_mean
0.9,100,500,False,True,False,False,"{'transform_func': <function transform_X at 0x7f496a613370>, 'beta': array([1, 2, 3, 4]), 'uniform_range_x': [-2, 2]}",<function generate_sim_data at 0x7f4967c62050>,1,0,"[{'n_iter': 200, 'patience': 100, 'input_size': 1, 'h_sizes': [40, 40]}]",[<class 'models.NueralNet'>],300,1,False,True,True,True,0.9000000000000341,0.9833333333333333,0.9033333333333333,0.9000000000000341,0.9833333333333333,1.0,170.0,98,434,269,231,1.0,0.3643122676579925,1.0,0.2857142857142857,CS_on_y
0.9,100,500,False,True,False,False,"{'transform_func': <function transform_X at 0x7f496a613370>, 'beta': array([1, 2, 3, 4]), 'uniform_range_x': [-2, 2]}",<function generate_sim_data at 0x7f4967c62050>,1,0,"[{'n_iter': 200, 'patience': 100, 'input_size': 1, 'h_sizes': [40, 40]}]",[<class 'models.NueralNet'>],300,1,False,False,,,0.9,,,,,,,187,328,269,231,1.0,0.6951672862453532,0.9941860465116279,0.7402597402597403,naive_on_y
0.9,100,500,False,True,False,False,"{'transform_func': <function transform_X at 0x7f496a613370>, 'beta': array([1, 2, 3, 4]), 'uniform_range_x': [-2, 2]}",<function generate_sim_data at 0x7f4967c62050>,1,0,"[{'n_iter': 200, 'patience': 100, 'input_size': 1, 'h_sizes': [40, 40]}]",[<class 'models.NueralNet'>],300,1,False,True,True,True,0.8999999999999773,0.99,0.9166666666666665,0.8999999999999773,0.99,0.99,14.0,216,393,254,246,1.0,0.8503937007874016,1.0,0.4349593495934959,CS_on_mean
0.9,100,500,False,True,False,False,"{'transform_func': <function transform_X at 0x7f496a613370>, 'beta': array([1, 2, 3, 4]), 'uniform_range_x': [-2, 2]}",<function generate_sim_data at 0x7f4967c62050>,1,0,"[{'n_iter': 200, 'patience': 100, 'input_size': 1, 'h_sizes': [40, 40]}]",[<class 'models.NueralNet'>],300,1,False,True,,,0.9,,,,,,,226,292,254,246,1.0,0.889763779527559,1.0,0.8455284552845528,naive_on_mean
0.9,100,500,False,True,False,False,"{'transform_func': <function transform_X at 0x7f496a613370>, 'beta': array([1, 2, 3, 4]), 'uniform_range_x': [-2, 2]}",<function generate_sim_data at 0x7f4967c62050>,1,0,"[{'n_iter': 200, 'patience': 100, 'input_size': 1, 'h_sizes': [40, 40]}]",[<class 'models.NueralNet'>],300,1,False,True,True,True,0.9000000000000341,0.97,0.8666666666666667,0.9000000000000341,0.97,0.9966666666666667,74.0,99,494,256,244,1.0,0.38671875,1.0,0.024590163934426257,CS_on_y
0.9,100,500,False,True,False,False,"{'transform_func': <function transform_X at 0x7f496a613370>, 'beta': array([1, 2, 3, 4]), 'uniform_range_x': [-2, 2]}",<function generate_sim_data at 0x7f4967c62050>,1,0,"[{'n_iter': 200, 'patience': 100, 'input_size': 1, 'h_sizes': [40, 40]}]",[<class 'models.NueralNet'>],300,1,False,True,,,0.9,,,,,,,188,357,256,244,1.0,0.734375,1.0,0.5860655737704918,naive_on_y
0.9,100,500,False,True,False,False,"{'transform_func': <function transform_X at 0x7f496a613370>, 'beta': array([1, 2, 3, 4]), 'uniform_range_x': [-2, 2]}",<function generate_sim_data at 0x7f4967c62050>,1,0,"[{'n_iter': 200, 'patience': 100, 'input_size': 1, 'h_sizes': [40, 40]}]",[<class 'models.NueralNet'>],300,1,False,True,False,True,0.9000000000000341,0.98,0.8700000000000001,0.9000000000000341,0.98,0.98,19.0,218,263,248,252,1.0,0.8790322580645161,1.0,0.9404761904761905,CS_on_mean
0.9,100,500,False,True,False,False,"{'transform_func': <function transform_X at 0x7f496a613370>, 'beta': array([1, 2, 3, 4]), 'uniform_range_x': [-2, 2]}",<function generate_sim_data at 0x7f4967c62050>,1,0,"[{'n_iter': 200, 'patience': 100, 'input_size': 1, 'h_sizes': [40, 40]}]",[<class 'models.NueralNet'>],300,1,False,True,,,0.9,,,,,,,229,259,248,252,1.0,0.9233870967741935,1.0,0.9563492063492064,naive_on_mean
0.9,100,500,False,True,False,False,"{'transform_func': <function transform_X at 0x7f496a613370>, 'beta': array([1, 2, 3, 4]), 'uniform_range_x': [-2, 2]}",<function generate_sim_data at 0x7f4967c62050>,1,0,"[{'n_iter': 200, 'patience': 100, 'input_size': 1, 'h_sizes': [40, 40]}]",[<class 'models.NueralNet'>],300,1,False,True,True,True,0.9000000000000341,0.9633333333333334,0.6833333333333333,0.9000000000000341,0.9633333333333334,0.9933333333333333,18.0,132,481,242,258,1.0,0.5454545454545454,1.0,0.0736434108527132,CS_on_y
0.9,100,500,False,True,False,False,"{'transform_func': <function transform_X at 0x7f496a613370>, 'beta': array([1, 2, 3, 4]), 'uniform_range_x': [-2, 2]}",<function generate_sim_data at 0x7f4967c62050>,1,0,"[{'n_iter': 200, 'patience': 100, 'input_size': 1, 'h_sizes': [40, 40]}]",[<class 'models.NueralNet'>],300,1,False,True,,,0.9,,,,,,,188,330,242,258,1.0,0.7768595041322314,1.0,0.6589147286821706,naive_on_y
0.9,100,500,False,True,False,False,"{'transform_func': <function transform_X at 0x7f496a613370>, 'beta': array([1, 2, 3, 4]), 'uniform_range_x': [-2, 2]}",<function generate_sim_data at 0x7f4967c62050>,1,0,"[{'n_iter': 200, 'patience': 100, 'input_size': 1, 'h_sizes': [40, 40]}]",[<class 'models.NueralNet'>],300,1,False,True,True,True,0.9000000000000341,0.9733333333333334,0.8533333333333333,0.9000000000000341,0.9733333333333334,0.9766666666666667,4.0,229,279,256,244,1.0,0.89453125,1.0,0.9057377049180328,CS_on_mean
0.9,100,500,False,True,False,False,"{'transform_func': <function transform_X at 0x7f496a613370>, 'beta': array([1, 2, 3, 4]), 'uniform_range_x': [-2, 2]}",<function generate_sim_data at 0x7f4967c62050>,1,0,"[{'n_iter': 200, 'patience': 100, 'input_size': 1, 'h_sizes': [40, 40]}]",[<class 'models.NueralNet'>],300,1,False,True,,,0.9,,,,,,,241,274,256,244,1.0,0.94140625,1.0,0.9262295081967213,naive_on_mean
0.9,100,500,False,True,False,False,"{'transform_func': <function transform_X at 0x7f496a613370>, 'beta': array([1, 2, 3, 4]), 'uniform_range_x': [-2, 2]}",<function generate_sim_data at 0x7f4967c62050>,1,0,"[{'n_iter': 200, 'patience': 100, 'input_size': 1, 'h_sizes': [40, 40]}]",[<class 'models.NueralNet'>],300,1,False,True,True,True,0.8999999999999773,0.96,0.7033333333333331,0.8999999999999773,0.96,1.0,22.0,109,500,262,238,1.0,0.416030534351145,1.0,0.0,CS_on_y
0.9,100,500,False,True,False,False,"{'transform_func': <function transform_X at 0x7f496a613370>, 'beta': array([1, 2, 3, 4]), 'uniform_range_x': [-2, 2]}",<function generate_sim_data at 0x7f4967c62050>,1,0,"[{'n_iter': 200, 'patience': 100, 'input_size': 1, 'h_sizes': [40, 40]}]",[<class 'models.NueralNet'>],300,1,False,True,,,0.9,,,,,,,197,356,262,238,1.0,0.7519083969465649,1.0,0.6050420168067228,naive_on_y
0.9,100,500,False,True,False,False,"{'transform_func': <function transform_X at 0x7f496a613370>, 'beta': array([1, 2, 3, 4]), 'uniform_range_x': [-2, 2]}",<function generate_sim_data at 0x7f4967c62050>,1,0,"[{'n_iter': 200, 'patience': 100, 'input_size': 1, 'h_sizes': [40, 40]}]",[<class 'models.NueralNet'>],300,1,False,True,True,True,0.9000000000000341,0.9766666666666667,0.8799999999999999,0.9000000000000341,0.9766666666666667,0.98,18.0,227,308,264,236,1.0,0.8598484848484849,1.0,0.8135593220338984,CS_on_mean
0.9,100,500,False,True,False,False,"{'transform_func': <function transform_X at 0x7f496a613370>, 'beta': array([1, 2, 3, 4]), 'uniform_range_x': [-2, 2]}",<function generate_sim_data at 0x7f4967c62050>,1,0,"[{'n_iter': 200, 'patience': 100, 'input_size': 1, 'h_sizes': [40, 40]}]",[<class 'models.NueralNet'>],300,1,False,True,,,0.9,,,,,,,242,279,264,236,1.0,0.9166666666666666,1.0,0.9364406779661016,naive_on_mean
0.9,100,500,False,True,False,False,"{'transform_func': <function transform_X at 0x7f496a613370>, 'beta': array([1, 2, 3, 4]), 'uniform_range_x': [-2, 2]}",<function generate_sim_data at 0x7f4967c62050>,1,0,"[{'n_iter': 200, 'patience': 100, 'input_size': 1, 'h_sizes': [40, 40]}]",[<class 'models.NueralNet'>],300,1,False,True,True,True,0.8999999999999773,0.9866666666666667,0.8533333333333333,0.8999999999999773,0.9866666666666667,1.0,13.0,124,426,265,235,1.0,0.4679245283018868,1.0,0.3148936170212766,CS_on_y
0.9,100,500,False,True,False,False,"{'transform_func': <function transform_X at 0x7f496a613370>, 'beta': array([1, 2, 3, 4]), 'uniform_range_x': [-2, 2]}",<function generate_sim_data at 0x7f4967c62050>,1,0,"[{'n_iter': 200, 'patience': 100, 'input_size': 1, 'h_sizes': [40, 40]}]",[<class 'models.NueralNet'>],300,1,False,True,,,0.9,,,,,,,204,341,265,235,1.0,0.769811320754717,1.0,0.676595744680851,naive_on_y
0.9,100,500,False,True,False,False,"{'transform_func': <function transform_X at 0x7f496a613370>, 'beta': array([1, 2, 3, 4]), 'uniform_range_x': [-2, 2]}",<function generate_sim_data at 0x7f4967c62050>,1,0,"[{'n_iter': 200, 'patience': 100, 'input_size': 1, 'h_sizes': [40, 40]}]",[<class 'models.NueralNet'>],300,1,False,True,True,True,0.8999999999999773,0.9766666666666667,0.8900000000000001,0.8999999999999773,0.9766666666666667,0.99,16.0,225,290,258,242,1.0,0.872093023255814,1.0,0.8677685950413223,CS_on_mean
0.9,100,500,False,True,False,False,"{'transform_func': <function transform_X at 0x7f496a613370>, 'beta': array([1, 2, 3, 4]), 'uniform_range_x': [-2, 2]}",<function generate_sim_data at 0x7f4967c62050>,1,0,"[{'n_iter': 200, 'patience': 100, 'input_size': 1, 'h_sizes': [40, 40]}]",[<class 'models.NueralNet'>],300,1,False,True,,,0.9,,,,,,,237,278,258,242,1.0,0.9186046511627907,1.0,0.9173553719008265,naive_on_mean
0.9,100,500,False,True,False,False,"{'transform_func': <function transform_X at 0x7f496a613370>, 'beta': array([1, 2, 3, 4]), 'uniform_range_x': [-2, 2]}",<function generate_sim_data at 0x7f4967c62050>,1,0,"[{'n_iter': 200, 'patience': 100, 'input_size': 1, 'h_sizes': [40, 40]}]",[<class 'models.NueralNet'>],300,1,False,True,True,True,0.9000000000000341,0.9633333333333334,0.8166666666666667,0.9000000000000341,0.9633333333333334,0.9966666666666667,55.0,125,460,245,255,1.0,0.5102040816326531,1.0,0.1568627450980392,CS_on_y
0.9,100,500,False,True,False,False,"{'transform_func': <function transform_X at 0x7f496a613370>, 'beta': array([1, 2, 3, 4]), 'uniform_range_x': [-2, 2]}",<function generate_sim_data at 0x7f4967c62050>,1,0,"[{'n_iter': 200, 'patience': 100, 'input_size': 1, 'h_sizes': [40, 40]}]",[<class 'models.NueralNet'>],300,1,False,True,,,0.9,,,,,,,191,359,245,255,1.0,0.7795918367346939,1.0,0.5529411764705883,naive_on_y
0.9,100,500,False,True,False,False,"{'transform_func': <function transform_X at 0x7f496a613370>, 'beta': array([1, 2, 3, 4]), 'uniform_range_x': [-2, 2]}",<function generate_sim_data at 0x7f4967c62050>,1,0,"[{'n_iter': 200, 'patience': 100, 'input_size': 1, 'h_sizes': [40, 40]}]",[<class 'models.NueralNet'>],300,1,False,True,True,True,0.9000000000000341,0.9633333333333334,0.78,0.9000000000000341,0.9633333333333334,0.9866666666666667,14.0,240,289,261,239,1.0,0.9195402298850575,1.0,0.8828451882845189,CS_on_mean
0.9,100,500,False,True,False,False,"{'transform_func': <function transform_X at 0x7f496a613370>, 'beta': array([1, 2, 3, 4]), 'uniform_range_x': [-2, 2]}",<function generate_sim_data at 0x7f4967c62050>,1,0,"[{'n_iter': 200, 'patience': 100, 'input_size': 1, 'h_sizes': [40, 40]}]",[<class 'models.NueralNet'>],300,1,False,True,,,0.9,,,,,,,244,283,261,239,1.0,0.9348659003831418,1.0,0.9079497907949791,naive_on_mean
0.9,100,500,False,True,False,False,"{'transform_func': <function transform_X at 0x7f496a613370>, 'beta': array([1, 2, 3, 4]), 'uniform_range_x': [-2, 2]}",<function generate_sim_data at 0x7f4967c62050>,1,0,"[{'n_iter': 200, 'patience': 100, 'input_size': 1, 'h_sizes': [40, 40]}]",[<class 'models.NueralNet'>],300,1,False,True,True,True,0.9000000000000341,0.9833333333333333,0.8166666666666667,0.9000000000000341,0.9833333333333333,0.9933333333333333,18.0,162,417,261,239,1.0,0.6206896551724138,1.0,0.34728033472803344,CS_on_y
0.9,100,500,False,True,False,False,"{'transform_func': <function transform_X at 0x7f496a613370>, 'beta': array([1, 2, 3, 4]), 'uniform_range_x': [-2, 2]}",<function generate_sim_data at 0x7f4967c62050>,1,0,"[{'n_iter': 200, 'patience': 100, 'input_size': 1, 'h_sizes': [40, 40]}]",[<class 'models.NueralNet'>],300,1,False,True,,,0.9,,,,,,,202,336,261,239,1.0,0.7739463601532567,1.0,0.6861924686192469,naive_on_y
0.9,100,500,False,True,False,False,"{'transform_func': <function transform_X at 0x7f496a613370>, 'beta': array([1, 2, 3, 4]), 'uniform_range_x': [-2, 2]}",<function generate_sim_data at 0x7f4967c62050>,1,0,"[{'n_iter': 200, 'patience': 100, 'input_size': 1, 'h_sizes': [40, 40]}]",[<class 'models.NueralNet'>],300,1,False,True,True,True,0.8999999999999773,0.9733333333333334,0.7633333333333334,0.8999999999999773,0.9733333333333334,0.9766666666666667,5.0,250,285,269,231,1.0,0.929368029739777,1.0,0.9307359307359307,CS_on_mean
0.9,100,500,False,True,False,False,"{'transform_func': <function transform_X at 0x7f496a613370>, 'beta': array([1, 2, 3, 4]), 'uniform_range_x': [-2, 2]}",<function generate_sim_data at 0x7f4967c62050>,1,0,"[{'n_iter': 200, 'patience': 100, 'input_size': 1, 'h_sizes': [40, 40]}]",[<class 'models.NueralNet'>],300,1,False,False,,,0.9,,,,,,,253,279,269,231,0.9960474308300395,0.9368029739776952,1.0,0.9567099567099567,naive_on_mean
0.9,100,500,False,True,False,False,"{'transform_func': <function transform_X at 0x7f496a613370>, 'beta': array([1, 2, 3, 4]), 'uniform_range_x': [-2, 2]}",<function generate_sim_data at 0x7f4967c62050>,1,0,"[{'n_iter': 200, 'patience': 100, 'input_size': 1, 'h_sizes': [40, 40]}]",[<class 'models.NueralNet'>],300,1,False,True,True,True,0.9000000000000341,0.97,0.8466666666666667,0.9000000000000341,0.97,0.9933333333333333,13.0,167,381,270,230,1.0,0.6185185185185185,1.0,0.5173913043478261,CS_on_y
0.9,100,500,False,True,False,False,"{'transform_func': <function transform_X at 0x7f496a613370>, 'beta': array([1, 2, 3, 4]), 'uniform_range_x': [-2, 2]}",<function generate_sim_data at 0x7f4967c62050>,1,0,"[{'n_iter': 200, 'patience': 100, 'input_size': 1, 'h_sizes': [40, 40]}]",[<class 'models.NueralNet'>],300,1,False,False,,,0.9,,,,,,,213,321,270,230,0.9953051643192489,0.7851851851851852,1.0,0.7782608695652173,naive_on_y
0.9,100,500,False,True,False,False,"{'transform_func': <function transform_X at 0x7f496a613370>, 'beta': array([1, 2, 3, 4]), 'uniform_range_x': [-2, 2]}",<function generate_sim_data at 0x7f4967c62050>,1,0,"[{'n_iter': 200, 'patience': 100, 'input_size': 1, 'h_sizes': [40, 40]}]",[<class 'models.NueralNet'>],300,1,False,True,True,True,0.8999999999999773,0.9633333333333334,0.8900000000000001,0.8999999999999773,0.9633333333333334,0.9933333333333333,14.0,261,318,277,223,1.0,0.9422382671480144,1.0,0.8161434977578476,CS_on_mean
0.9,100,500,False,True,False,False,"{'transform_func': <function transform_X at 0x7f496a613370>, 'beta': array([1, 2, 3, 4]), 'uniform_range_x': [-2, 2]}",<function generate_sim_data at 0x7f4967c62050>,1,0,"[{'n_iter': 200, 'patience': 100, 'input_size': 1, 'h_sizes': [40, 40]}]",[<class 'models.NueralNet'>],300,1,False,True,,,0.9,,,,,,,267,307,277,223,1.0,0.9638989169675091,1.0,0.8654708520179373,naive_on_mean
0.9,100,500,False,True,False,False,"{'transform_func': <function transform_X at 0x7f496a613370>, 'beta': array([1, 2, 3, 4]), 'uniform_range_x': [-2, 2]}",<function generate_sim_data at 0x7f4967c62050>,1,0,"[{'n_iter': 200, 'patience': 100, 'input_size': 1, 'h_sizes': [40, 40]}]",[<class 'models.NueralNet'>],300,1,False,True,True,True,0.9000000000000341,0.9466666666666667,0.6266666666666665,0.9000000000000341,0.9466666666666667,0.9866666666666667,22.0,157,497,279,221,1.0,0.5627240143369175,1.0,0.013574660633484115,CS_on_y
0.9,100,500,False,True,False,False,"{'transform_func': <function transform_X at 0x7f496a613370>, 'beta': array([1, 2, 3, 4]), 'uniform_range_x': [-2, 2]}",<function generate_sim_data at 0x7f4967c62050>,1,0,"[{'n_iter': 200, 'patience': 100, 'input_size': 1, 'h_sizes': [40, 40]}]",[<class 'models.NueralNet'>],300,1,False,True,,,0.9,,,,,,,212,390,279,221,1.0,0.7598566308243728,1.0,0.497737556561086,naive_on_y
0.9,100,500,False,True,False,False,"{'transform_func': <function transform_X at 0x7f496a613370>, 'beta': array([1, 2, 3, 4]), 'uniform_range_x': [-2, 2]}",<function generate_sim_data at 0x7f4967c62050>,1,0,"[{'n_iter': 200, 'patience': 100, 'input_size': 1, 'h_sizes': [40, 40]}]",[<class 'models.NueralNet'>],300,1,False,True,True,True,0.8999999999999773,0.97,0.8899999999999999,0.8999999999999773,0.97,0.9766666666666667,11.0,231,301,261,239,1.0,0.8850574712643678,1.0,0.8326359832635983,CS_on_mean
0.9,100,500,False,True,False,False,"{'transform_func': <function transform_X at 0x7f496a613370>, 'beta': array([1, 2, 3, 4]), 'uniform_range_x': [-2, 2]}",<function generate_sim_data at 0x7f4967c62050>,1,0,"[{'n_iter': 200, 'patience': 100, 'input_size': 1, 'h_sizes': [40, 40]}]",[<class 'models.NueralNet'>],300,1,False,True,,,0.9,,,,,,,246,292,261,239,1.0,0.9425287356321839,1.0,0.8702928870292888,naive_on_mean
0.9,100,500,False,True,False,False,"{'transform_func': <function transform_X at 0x7f496a613370>, 'beta': array([1, 2, 3, 4]), 'uniform_range_x': [-2, 2]}",<function generate_sim_data at 0x7f4967c62050>,1,0,"[{'n_iter': 200, 'patience': 100, 'input_size': 1, 'h_sizes': [40, 40]}]",[<class 'models.NueralNet'>],300,1,False,True,True,True,0.9000000000000341,0.9766666666666667,0.6600000000000001,0.9000000000000341,0.9766666666666667,0.9966666666666667,9.0,144,490,258,242,1.0,0.5581395348837209,1.0,0.04132231404958675,CS_on_y
0.9,100,500,False,True,False,False,"{'transform_func': <function transform_X at 0x7f496a613370>, 'beta': array([1, 2, 3, 4]), 'uniform_range_x': [-2, 2]}",<function generate_sim_data at 0x7f4967c62050>,1,0,"[{'n_iter': 200, 'patience': 100, 'input_size': 1, 'h_sizes': [40, 40]}]",[<class 'models.NueralNet'>],300,1,False,True,,,0.9,,,,,,,201,364,258,242,1.0,0.7790697674418605,1.0,0.5619834710743802,naive_on_y
0.9,100,500,False,True,False,False,"{'transform_func': <function transform_X at 0x7f496a613370>, 'beta': array([1, 2, 3, 4]), 'uniform_range_x': [-2, 2]}",<function generate_sim_data at 0x7f4967c62050>,1,0,"[{'n_iter': 200, 'patience': 100, 'input_size': 1, 'h_sizes': [40, 40]}]",[<class 'models.NueralNet'>],300,1,False,True,True,True,0.8999999999999773,0.9533333333333334,0.8466666666666667,0.8999999999999773,0.9533333333333334,0.97,6.0,217,290,259,241,1.0,0.8378378378378378,1.0,0.8713692946058091,CS_on_mean
0.9,100,500,False,True,False,False,"{'transform_func': <function transform_X at 0x7f496a613370>, 'beta': array([1, 2, 3, 4]), 'uniform_range_x': [-2, 2]}",<function generate_sim_data at 0x7f4967c62050>,1,0,"[{'n_iter': 200, 'patience': 100, 'input_size': 1, 'h_sizes': [40, 40]}]",[<class 'models.NueralNet'>],300,1,False,True,,,0.9,,,,,,,236,274,259,241,1.0,0.9111969111969112,1.0,0.9377593360995851,naive_on_mean
0.9,100,500,False,True,False,False,"{'transform_func': <function transform_X at 0x7f496a613370>, 'beta': array([1, 2, 3, 4]), 'uniform_range_x': [-2, 2]}",<function generate_sim_data at 0x7f4967c62050>,1,0,"[{'n_iter': 200, 'patience': 100, 'input_size': 1, 'h_sizes': [40, 40]}]",[<class 'models.NueralNet'>],300,1,False,True,True,True,0.9000000000000341,0.97,0.7633333333333332,0.9000000000000341,0.97,1.0,36.0,136,424,257,243,1.0,0.5291828793774319,1.0,0.31275720164609055,CS_on_y
0.9,100,500,False,True,False,False,"{'transform_func': <function transform_X at 0x7f496a613370>, 'beta': array([1, 2, 3, 4]), 'uniform_range_x': [-2, 2]}",<function generate_sim_data at 0x7f4967c62050>,1,0,"[{'n_iter': 200, 'patience': 100, 'input_size': 1, 'h_sizes': [40, 40]}]",[<class 'models.NueralNet'>],300,1,False,False,,,0.9,,,,,,,189,332,257,243,0.9947089947089947,0.7315175097276265,1.0,0.691358024691358,naive_on_y
0.9,100,500,False,True,False,False,"{'transform_func': <function transform_X at 0x7f496a613370>, 'beta': array([1, 2, 3, 4]), 'uniform_range_x': [-2, 2]}",<function generate_sim_data at 0x7f4967c62050>,1,0,"[{'n_iter': 200, 'patience': 100, 'input_size': 1, 'h_sizes': [40, 40]}]",[<class 'models.NueralNet'>],300,1,False,True,True,True,0.8999999999999773,0.99,0.9566666666666666,0.8999999999999773,0.99,0.9966666666666667,5.0,251,409,274,226,1.0,0.916058394160584,1.0,0.40265486725663713,CS_on_mean
0.9,100,500,False,True,False,False,"{'transform_func': <function transform_X at 0x7f496a613370>, 'beta': array([1, 2, 3, 4]), 'uniform_range_x': [-2, 2]}",<function generate_sim_data at 0x7f4967c62050>,1,0,"[{'n_iter': 200, 'patience': 100, 'input_size': 1, 'h_sizes': [40, 40]}]",[<class 'models.NueralNet'>],300,1,False,True,,,0.9,,,,,,,262,304,274,226,1.0,0.9562043795620438,1.0,0.8672566371681416,naive_on_mean
0.9,100,500,False,True,False,False,"{'transform_func': <function transform_X at 0x7f496a613370>, 'beta': array([1, 2, 3, 4]), 'uniform_range_x': [-2, 2]}",<function generate_sim_data at 0x7f4967c62050>,1,0,"[{'n_iter': 200, 'patience': 100, 'input_size': 1, 'h_sizes': [40, 40]}]",[<class 'models.NueralNet'>],300,1,False,True,True,True,0.900000000000091,0.9766666666666667,0.7266666666666666,0.900000000000091,0.9766666666666667,1.0,19.0,153,500,284,216,1.0,0.5387323943661972,1.0,0.0,CS_on_y
0.9,100,500,False,True,False,False,"{'transform_func': <function transform_X at 0x7f496a613370>, 'beta': array([1, 2, 3, 4]), 'uniform_range_x': [-2, 2]}",<function generate_sim_data at 0x7f4967c62050>,1,0,"[{'n_iter': 200, 'patience': 100, 'input_size': 1, 'h_sizes': [40, 40]}]",[<class 'models.NueralNet'>],300,1,False,True,,,0.9,,,,,,,217,437,284,216,1.0,0.7640845070422535,1.0,0.29166666666666663,naive_on_y
0.9,100,500,False,True,False,False,"{'transform_func': <function transform_X at 0x7f496a613370>, 'beta': array([1, 2, 3, 4]), 'uniform_range_x': [-2, 2]}",<function generate_sim_data at 0x7f4967c62050>,1,0,"[{'n_iter': 200, 'patience': 100, 'input_size': 1, 'h_sizes': [40, 40]}]",[<class 'models.NueralNet'>],300,1,False,True,True,True,0.9000000000000341,0.9566666666666667,0.8199999999999998,0.9000000000000341,0.9566666666666667,0.9933333333333333,7.0,222,298,248,252,1.0,0.8951612903225806,1.0,0.8015873015873016,CS_on_mean
0.9,100,500,False,True,False,False,"{'transform_func': <function transform_X at 0x7f496a613370>, 'beta': array([1, 2, 3, 4]), 'uniform_range_x': [-2, 2]}",<function generate_sim_data at 0x7f4967c62050>,1,0,"[{'n_iter': 200, 'patience': 100, 'input_size': 1, 'h_sizes': [40, 40]}]",[<class 'models.NueralNet'>],300,1,False,True,,,0.9,,,,,,,228,276,248,252,1.0,0.9193548387096774,1.0,0.8888888888888888,naive_on_mean
0.9,100,500,False,True,False,False,"{'transform_func': <function transform_X at 0x7f496a613370>, 'beta': array([1, 2, 3, 4]), 'uniform_range_x': [-2, 2]}",<function generate_sim_data at 0x7f4967c62050>,1,0,"[{'n_iter': 200, 'patience': 100, 'input_size': 1, 'h_sizes': [40, 40]}]",[<class 'models.NueralNet'>],300,1,False,True,True,True,0.9000000000000341,0.9766666666666667,0.81,0.9000000000000341,0.9766666666666667,0.9933333333333333,23.0,132,432,251,249,1.0,0.5258964143426295,1.0,0.2730923694779116,CS_on_y
0.9,100,500,False,True,False,False,"{'transform_func': <function transform_X at 0x7f496a613370>, 'beta': array([1, 2, 3, 4]), 'uniform_range_x': [-2, 2]}",<function generate_sim_data at 0x7f4967c62050>,1,0,"[{'n_iter': 200, 'patience': 100, 'input_size': 1, 'h_sizes': [40, 40]}]",[<class 'models.NueralNet'>],300,1,False,True,,,0.9,,,,,,,191,334,251,249,1.0,0.7609561752988048,1.0,0.6666666666666667,naive_on_y
0.9,100,500,False,True,False,False,"{'transform_func': <function transform_X at 0x7f496a613370>, 'beta': array([1, 2, 3, 4]), 'uniform_range_x': [-2, 2]}",<function generate_sim_data at 0x7f4967c62050>,1,0,"[{'n_iter': 200, 'patience': 100, 'input_size': 1, 'h_sizes': [40, 40]}]",[<class 'models.NueralNet'>],300,1,False,True,True,True,0.9000000000000341,0.98,0.8466666666666667,0.9000000000000341,0.98,0.9833333333333333,26.0,239,306,273,227,1.0,0.8754578754578755,1.0,0.8546255506607929,CS_on_mean
0.9,100,500,False,True,False,False,"{'transform_func': <function transform_X at 0x7f496a613370>, 'beta': array([1, 2, 3, 4]), 'uniform_range_x': [-2, 2]}",<function generate_sim_data at 0x7f4967c62050>,1,0,"[{'n_iter': 200, 'patience': 100, 'input_size': 1, 'h_sizes': [40, 40]}]",[<class 'models.NueralNet'>],300,1,False,True,,,0.9,,,,,,,246,284,273,227,1.0,0.9010989010989011,1.0,0.9515418502202643,naive_on_mean
0.9,100,500,False,True,False,False,"{'transform_func': <function transform_X at 0x7f496a613370>, 'beta': array([1, 2, 3, 4]), 'uniform_range_x': [-2, 2]}",<function generate_sim_data at 0x7f4967c62050>,1,0,"[{'n_iter': 200, 'patience': 100, 'input_size': 1, 'h_sizes': [40, 40]}]",[<class 'models.NueralNet'>],300,1,False,True,True,True,0.9000000000000341,0.9666666666666667,0.6166666666666667,0.9000000000000341,0.9666666666666667,1.0,16.0,143,455,273,227,1.0,0.5238095238095238,1.0,0.19823788546255505,CS_on_y
0.9,100,500,False,True,False,False,"{'transform_func': <function transform_X at 0x7f496a613370>, 'beta': array([1, 2, 3, 4]), 'uniform_range_x': [-2, 2]}",<function generate_sim_data at 0x7f4967c62050>,1,0,"[{'n_iter': 200, 'patience': 100, 'input_size': 1, 'h_sizes': [40, 40]}]",[<class 'models.NueralNet'>],300,1,False,True,,,0.9,,,,,,,197,354,273,227,1.0,0.7216117216117216,1.0,0.6431718061674009,naive_on_y
0.9,100,500,False,True,False,False,"{'transform_func': <function transform_X at 0x7f496a613370>, 'beta': array([1, 2, 3, 4]), 'uniform_range_x': [-2, 2]}",<function generate_sim_data at 0x7f4967c62050>,1,0,"[{'n_iter': 200, 'patience': 100, 'input_size': 1, 'h_sizes': [40, 40]}]",[<class 'models.NueralNet'>],300,1,False,True,True,True,0.9000000000000341,0.96,0.7933333333333334,0.9000000000000341,0.96,0.9666666666666667,3.0,256,370,267,233,1.0,0.9588014981273408,1.0,0.5579399141630901,CS_on_mean
0.9,100,500,False,True,False,False,"{'transform_func': <function transform_X at 0x7f496a613370>, 'beta': array([1, 2, 3, 4]), 'uniform_range_x': [-2, 2]}",<function generate_sim_data at 0x7f4967c62050>,1,0,"[{'n_iter': 200, 'patience': 100, 'input_size': 1, 'h_sizes': [40, 40]}]",[<class 'models.NueralNet'>],300,1,False,True,,,0.9,,,,,,,255,293,267,233,1.0,0.9550561797752809,1.0,0.8884120171673819,naive_on_mean
0.9,100,500,False,True,False,False,"{'transform_func': <function transform_X at 0x7f496a613370>, 'beta': array([1, 2, 3, 4]), 'uniform_range_x': [-2, 2]}",<function generate_sim_data at 0x7f4967c62050>,1,0,"[{'n_iter': 200, 'patience': 100, 'input_size': 1, 'h_sizes': [40, 40]}]",[<class 'models.NueralNet'>],300,1,False,True,True,True,0.9000000000000341,0.9633333333333334,0.53,0.9000000000000341,0.9633333333333334,0.9966666666666667,17.0,179,468,274,226,1.0,0.6532846715328466,1.0,0.1415929203539823,CS_on_y
0.9,100,500,False,True,False,False,"{'transform_func': <function transform_X at 0x7f496a613370>, 'beta': array([1, 2, 3, 4]), 'uniform_range_x': [-2, 2]}",<function generate_sim_data at 0x7f4967c62050>,1,0,"[{'n_iter': 200, 'patience': 100, 'input_size': 1, 'h_sizes': [40, 40]}]",[<class 'models.NueralNet'>],300,1,False,False,,,0.9,,,,,,,209,356,274,226,0.9952153110047847,0.7591240875912408,1.0,0.6371681415929203,naive_on_y
0.9,100,500,False,True,False,False,"{'transform_func': <function transform_X at 0x7f496a613370>, 'beta': array([1, 2, 3, 4]), 'uniform_range_x': [-2, 2]}",<function generate_sim_data at 0x7f4967c62050>,1,0,"[{'n_iter': 200, 'patience': 100, 'input_size': 1, 'h_sizes': [40, 40]}]",[<class 'models.NueralNet'>],300,1,False,True,False,True,0.8999999999999773,0.9766666666666667,0.8233333333333333,0.8999999999999773,0.9766666666666667,0.9866666666666667,6.0,244,380,282,218,1.0,0.8652482269503546,1.0,0.5504587155963303,CS_on_mean
0.9,100,500,False,True,False,False,"{'transform_func': <function transform_X at 0x7f496a613370>, 'beta': array([1, 2, 3, 4]), 'uniform_range_x': [-2, 2]}",<function generate_sim_data at 0x7f4967c62050>,1,0,"[{'n_iter': 200, 'patience': 100, 'input_size': 1, 'h_sizes': [40, 40]}]",[<class 'models.NueralNet'>],300,1,False,True,,,0.9,,,,,,,262,291,282,218,1.0,0.9290780141843972,1.0,0.9587155963302753,naive_on_mean
0.9,100,500,False,True,False,False,"{'transform_func': <function transform_X at 0x7f496a613370>, 'beta': array([1, 2, 3, 4]), 'uniform_range_x': [-2, 2]}",<function generate_sim_data at 0x7f4967c62050>,1,0,"[{'n_iter': 200, 'patience': 100, 'input_size': 1, 'h_sizes': [40, 40]}]",[<class 'models.NueralNet'>],300,1,False,True,True,True,0.8999999999999773,0.9666666666666667,0.8333333333333333,0.8999999999999773,0.9666666666666667,0.9866666666666667,38.0,165,482,278,222,1.0,0.5935251798561151,1.0,0.08108108108108103,CS_on_y
0.9,100,500,False,True,False,False,"{'transform_func': <function transform_X at 0x7f496a613370>, 'beta': array([1, 2, 3, 4]), 'uniform_range_x': [-2, 2]}",<function generate_sim_data at 0x7f4967c62050>,1,0,"[{'n_iter': 200, 'patience': 100, 'input_size': 1, 'h_sizes': [40, 40]}]",[<class 'models.NueralNet'>],300,1,False,True,,,0.9,,,,,,,215,409,278,222,1.0,0.7733812949640287,1.0,0.40990990990990994,naive_on_y
0.9,100,500,False,True,False,False,"{'transform_func': <function transform_X at 0x7f496a613370>, 'beta': array([1, 2, 3, 4]), 'uniform_range_x': [-2, 2]}",<function generate_sim_data at 0x7f4967c62050>,1,0,"[{'n_iter': 200, 'patience': 100, 'input_size': 1, 'h_sizes': [40, 40]}]",[<class 'models.NueralNet'>],300,1,False,True,True,True,0.900000000000091,0.9833333333333333,0.9199999999999999,0.900000000000091,0.9833333333333333,0.9966666666666667,13.0,211,378,257,243,1.0,0.8210116731517509,1.0,0.5020576131687242,CS_on_mean
0.9,100,500,False,True,False,False,"{'transform_func': <function transform_X at 0x7f496a613370>, 'beta': array([1, 2, 3, 4]), 'uniform_range_x': [-2, 2]}",<function generate_sim_data at 0x7f4967c62050>,1,0,"[{'n_iter': 200, 'patience': 100, 'input_size': 1, 'h_sizes': [40, 40]}]",[<class 'models.NueralNet'>],300,1,False,True,,,0.9,,,,,,,220,270,257,243,1.0,0.8560311284046693,1.0,0.9465020576131687,naive_on_mean
0.9,100,500,False,True,False,False,"{'transform_func': <function transform_X at 0x7f496a613370>, 'beta': array([1, 2, 3, 4]), 'uniform_range_x': [-2, 2]}",<function generate_sim_data at 0x7f4967c62050>,1,0,"[{'n_iter': 200, 'patience': 100, 'input_size': 1, 'h_sizes': [40, 40]}]",[<class 'models.NueralNet'>],300,1,False,True,True,True,0.9000000000000341,0.98,0.7933333333333334,0.9000000000000341,0.98,1.0,18.0,123,488,254,246,1.0,0.48425196850393704,1.0,0.04878048780487809,CS_on_y
0.9,100,500,False,True,False,False,"{'transform_func': <function transform_X at 0x7f496a613370>, 'beta': array([1, 2, 3, 4]), 'uniform_range_x': [-2, 2]}",<function generate_sim_data at 0x7f4967c62050>,1,0,"[{'n_iter': 200, 'patience': 100, 'input_size': 1, 'h_sizes': [40, 40]}]",[<class 'models.NueralNet'>],300,1,False,True,,,0.9,,,,,,,177,367,254,246,1.0,0.6968503937007874,1.0,0.540650406504065,naive_on_y
0.9,100,500,False,True,False,False,"{'transform_func': <function transform_X at 0x7f496a613370>, 'beta': array([1, 2, 3, 4]), 'uniform_range_x': [-2, 2]}",<function generate_sim_data at 0x7f4967c62050>,1,0,"[{'n_iter': 200, 'patience': 100, 'input_size': 1, 'h_sizes': [40, 40]}]",[<class 'models.NueralNet'>],300,1,False,True,True,True,0.9000000000000341,0.9966666666666667,0.9766666666666666,0.9000000000000341,0.9966666666666667,0.9966666666666667,69.0,236,325,277,223,1.0,0.851985559566787,1.0,0.7847533632286996,CS_on_mean
0.9,100,500,False,True,False,False,"{'transform_func': <function transform_X at 0x7f496a613370>, 'beta': array([1, 2, 3, 4]), 'uniform_range_x': [-2, 2]}",<function generate_sim_data at 0x7f4967c62050>,1,0,"[{'n_iter': 200, 'patience': 100, 'input_size': 1, 'h_sizes': [40, 40]}]",[<class 'models.NueralNet'>],300,1,False,True,,,0.9,,,,,,,259,303,277,223,1.0,0.9350180505415162,1.0,0.8834080717488789,naive_on_mean
0.9,100,500,False,True,False,False,"{'transform_func': <function transform_X at 0x7f496a613370>, 'beta': array([1, 2, 3, 4]), 'uniform_range_x': [-2, 2]}",<function generate_sim_data at 0x7f4967c62050>,1,0,"[{'n_iter': 200, 'patience': 100, 'input_size': 1, 'h_sizes': [40, 40]}]",[<class 'models.NueralNet'>],300,1,False,True,True,True,0.9000000000000341,0.98,0.8866666666666667,0.9000000000000341,0.98,1.0,38.0,141,483,281,219,1.0,0.501779359430605,1.0,0.07762557077625576,CS_on_y
0.9,100,500,False,True,False,False,"{'transform_func': <function transform_X at 0x7f496a613370>, 'beta': array([1, 2, 3, 4]), 'uniform_range_x': [-2, 2]}",<function generate_sim_data at 0x7f4967c62050>,1,0,"[{'n_iter': 200, 'patience': 100, 'input_size': 1, 'h_sizes': [40, 40]}]",[<class 'models.NueralNet'>],300,1,False,True,,,0.9,,,,,,,214,351,281,219,1.0,0.7615658362989324,1.0,0.680365296803653,naive_on_y
0.9,100,500,False,True,False,False,"{'transform_func': <function transform_X at 0x7f496a613370>, 'beta': array([1, 2, 3, 4]), 'uniform_range_x': [-2, 2]}",<function generate_sim_data at 0x7f4967c62050>,1,0,"[{'n_iter': 200, 'patience': 100, 'input_size': 1, 'h_sizes': [40, 40]}]",[<class 'models.NueralNet'>],300,1,False,True,True,True,0.8999999999999773,0.97,0.81,0.8999999999999773,0.97,0.9866666666666667,8.0,239,297,265,235,1.0,0.9018867924528302,1.0,0.8638297872340426,CS_on_mean
0.9,100,500,False,True,False,False,"{'transform_func': <function transform_X at 0x7f496a613370>, 'beta': array([1, 2, 3, 4]), 'uniform_range_x': [-2, 2]}",<function generate_sim_data at 0x7f4967c62050>,1,0,"[{'n_iter': 200, 'patience': 100, 'input_size': 1, 'h_sizes': [40, 40]}]",[<class 'models.NueralNet'>],300,1,False,True,,,0.9,,,,,,,249,287,265,235,1.0,0.939622641509434,1.0,0.9063829787234042,naive_on_mean
0.9,100,500,False,True,False,False,"{'transform_func': <function transform_X at 0x7f496a613370>, 'beta': array([1, 2, 3, 4]), 'uniform_range_x': [-2, 2]}",<function generate_sim_data at 0x7f4967c62050>,1,0,"[{'n_iter': 200, 'patience': 100, 'input_size': 1, 'h_sizes': [40, 40]}]",[<class 'models.NueralNet'>],300,1,False,True,True,True,0.8999999999999773,0.9666666666666667,0.6366666666666667,0.8999999999999773,0.9666666666666667,0.9866666666666667,11.0,149,395,263,237,1.0,0.5665399239543727,1.0,0.44303797468354433,CS_on_y
0.9,100,500,False,True,False,False,"{'transform_func': <function transform_X at 0x7f496a613370>, 'beta': array([1, 2, 3, 4]), 'uniform_range_x': [-2, 2]}",<function generate_sim_data at 0x7f4967c62050>,1,0,"[{'n_iter': 200, 'patience': 100, 'input_size': 1, 'h_sizes': [40, 40]}]",[<class 'models.NueralNet'>],300,1,False,True,,,0.9,,,,,,,183,331,263,237,1.0,0.6958174904942966,1.0,0.7130801687763713,naive_on_y
0.9,100,500,False,True,False,False,"{'transform_func': <function transform_X at 0x7f496a613370>, 'beta': array([1, 2, 3, 4]), 'uniform_range_x': [-2, 2]}",<function generate_sim_data at 0x7f4967c62050>,1,0,"[{'n_iter': 200, 'patience': 100, 'input_size': 1, 'h_sizes': [40, 40]}]",[<class 'models.NueralNet'>],300,1,False,True,True,True,0.8999999999999773,0.98,0.9233333333333333,0.8999999999999773,0.98,1.0,11.0,225,298,266,234,1.0,0.8458646616541353,1.0,0.8632478632478633,CS_on_mean
0.9,100,500,False,True,False,False,"{'transform_func': <function transform_X at 0x7f496a613370>, 'beta': array([1, 2, 3, 4]), 'uniform_range_x': [-2, 2]}",<function generate_sim_data at 0x7f4967c62050>,1,0,"[{'n_iter': 200, 'patience': 100, 'input_size': 1, 'h_sizes': [40, 40]}]",[<class 'models.NueralNet'>],300,1,False,False,,,0.9,,,,,,,233,284,266,234,0.9957081545064378,0.8721804511278195,0.9953703703703703,0.9188034188034188,naive_on_mean
0.9,100,500,False,True,False,False,"{'transform_func': <function transform_X at 0x7f496a613370>, 'beta': array([1, 2, 3, 4]), 'uniform_range_x': [-2, 2]}",<function generate_sim_data at 0x7f4967c62050>,1,0,"[{'n_iter': 200, 'patience': 100, 'input_size': 1, 'h_sizes': [40, 40]}]",[<class 'models.NueralNet'>],300,1,False,True,True,True,0.8999999999999773,0.97,0.8900000000000001,0.8999999999999773,0.97,0.9933333333333333,54.0,96,497,271,229,1.0,0.35424354243542433,1.0,0.013100436681222738,CS_on_y
0.9,100,500,False,True,False,False,"{'transform_func': <function transform_X at 0x7f496a613370>, 'beta': array([1, 2, 3, 4]), 'uniform_range_x': [-2, 2]}",<function generate_sim_data at 0x7f4967c62050>,1,0,"[{'n_iter': 200, 'patience': 100, 'input_size': 1, 'h_sizes': [40, 40]}]",[<class 'models.NueralNet'>],300,1,False,True,,,0.9,,,,,,,190,351,271,229,1.0,0.7011070110701108,1.0,0.6506550218340612,naive_on_y
0.9,100,500,False,True,False,False,"{'transform_func': <function transform_X at 0x7f496a613370>, 'beta': array([1, 2, 3, 4]), 'uniform_range_x': [-2, 2]}",<function generate_sim_data at 0x7f4967c62050>,1,0,"[{'n_iter': 200, 'patience': 100, 'input_size': 1, 'h_sizes': [40, 40]}]",[<class 'models.NueralNet'>],300,1,False,True,True,True,0.9000000000000341,0.98,0.8466666666666667,0.9000000000000341,0.98,0.99,7.0,243,384,266,234,1.0,0.9135338345864662,1.0,0.49572649572649574,CS_on_mean
0.9,100,500,False,True,False,False,"{'transform_func': <function transform_X at 0x7f496a613370>, 'beta': array([1, 2, 3, 4]), 'uniform_range_x': [-2, 2]}",<function generate_sim_data at 0x7f4967c62050>,1,0,"[{'n_iter': 200, 'patience': 100, 'input_size': 1, 'h_sizes': [40, 40]}]",[<class 'models.NueralNet'>],300,1,False,True,,,0.9,,,,,,,250,299,266,234,1.0,0.9398496240601504,1.0,0.858974358974359,naive_on_mean
0.9,100,500,False,True,False,False,"{'transform_func': <function transform_X at 0x7f496a613370>, 'beta': array([1, 2, 3, 4]), 'uniform_range_x': [-2, 2]}",<function generate_sim_data at 0x7f4967c62050>,1,0,"[{'n_iter': 200, 'patience': 100, 'input_size': 1, 'h_sizes': [40, 40]}]",[<class 'models.NueralNet'>],300,1,False,True,True,True,0.8999999999999773,0.9766666666666667,0.6633333333333333,0.8999999999999773,0.9766666666666667,0.9966666666666667,10.0,130,500,279,221,1.0,0.4659498207885304,1.0,0.0,CS_on_y
0.9,100,500,False,True,False,False,"{'transform_func': <function transform_X at 0x7f496a613370>, 'beta': array([1, 2, 3, 4]), 'uniform_range_x': [-2, 2]}",<function generate_sim_data at 0x7f4967c62050>,1,0,"[{'n_iter': 200, 'patience': 100, 'input_size': 1, 'h_sizes': [40, 40]}]",[<class 'models.NueralNet'>],300,1,False,True,,,0.9,,,,,,,203,431,279,221,1.0,0.7275985663082437,1.0,0.31221719457013575,naive_on_y
0.9,100,500,False,True,False,False,"{'transform_func': <function transform_X at 0x7f496a613370>, 'beta': array([1, 2, 3, 4]), 'uniform_range_x': [-2, 2]}",<function generate_sim_data at 0x7f4967c62050>,1,0,"[{'n_iter': 200, 'patience': 100, 'input_size': 1, 'h_sizes': [40, 40]}]",[<class 'models.NueralNet'>],300,1,False,True,True,True,0.9000000000000341,0.9666666666666667,0.7966666666666666,0.9000000000000341,0.9666666666666667,0.98,3.0,245,288,269,231,1.0,0.9107806691449815,1.0,0.9177489177489178,CS_on_mean
0.9,100,500,False,True,False,False,"{'transform_func': <function transform_X at 0x7f496a613370>, 'beta': array([1, 2, 3, 4]), 'uniform_range_x': [-2, 2]}",<function generate_sim_data at 0x7f4967c62050>,1,0,"[{'n_iter': 200, 'patience': 100, 'input_size': 1, 'h_sizes': [40, 40]}]",[<class 'models.NueralNet'>],300,1,False,True,,,0.9,,,,,,,253,289,269,231,1.0,0.9405204460966543,1.0,0.9134199134199135,naive_on_mean
0.9,100,500,False,True,False,False,"{'transform_func': <function transform_X at 0x7f496a613370>, 'beta': array([1, 2, 3, 4]), 'uniform_range_x': [-2, 2]}",<function generate_sim_data at 0x7f4967c62050>,1,0,"[{'n_iter': 200, 'patience': 100, 'input_size': 1, 'h_sizes': [40, 40]}]",[<class 'models.NueralNet'>],300,1,False,True,True,True,0.9000000000000341,0.9633333333333334,0.6800000000000002,0.9000000000000341,0.9633333333333334,0.9933333333333333,13.0,159,384,278,222,1.0,0.5719424460431655,1.0,0.5225225225225225,CS_on_y
0.9,100,500,False,True,False,False,"{'transform_func': <function transform_X at 0x7f496a613370>, 'beta': array([1, 2, 3, 4]), 'uniform_range_x': [-2, 2]}",<function generate_sim_data at 0x7f4967c62050>,1,0,"[{'n_iter': 200, 'patience': 100, 'input_size': 1, 'h_sizes': [40, 40]}]",[<class 'models.NueralNet'>],300,1,False,True,,,0.9,,,,,,,211,341,278,222,1.0,0.7589928057553956,1.0,0.7162162162162162,naive_on_y
0.9,100,500,False,True,False,False,"{'transform_func': <function transform_X at 0x7f496a613370>, 'beta': array([1, 2, 3, 4]), 'uniform_range_x': [-2, 2]}",<function generate_sim_data at 0x7f4967c62050>,1,0,"[{'n_iter': 200, 'patience': 100, 'input_size': 1, 'h_sizes': [40, 40]}]",[<class 'models.NueralNet'>],300,1,False,True,True,True,0.9000000000000341,0.9933333333333333,0.97,0.9000000000000341,0.9933333333333333,1.0,37.0,218,273,254,246,1.0,0.8582677165354331,1.0,0.9227642276422764,CS_on_mean
0.9,100,500,False,True,False,False,"{'transform_func': <function transform_X at 0x7f496a613370>, 'beta': array([1, 2, 3, 4]), 'uniform_range_x': [-2, 2]}",<function generate_sim_data at 0x7f4967c62050>,1,0,"[{'n_iter': 200, 'patience': 100, 'input_size': 1, 'h_sizes': [40, 40]}]",[<class 'models.NueralNet'>],300,1,False,True,,,0.9,,,,,,,239,273,254,246,1.0,0.9409448818897638,1.0,0.9227642276422764,naive_on_mean
0.9,100,500,False,True,False,False,"{'transform_func': <function transform_X at 0x7f496a613370>, 'beta': array([1, 2, 3, 4]), 'uniform_range_x': [-2, 2]}",<function generate_sim_data at 0x7f4967c62050>,1,0,"[{'n_iter': 200, 'patience': 100, 'input_size': 1, 'h_sizes': [40, 40]}]",[<class 'models.NueralNet'>],300,1,False,True,True,True,0.9000000000000341,0.9733333333333334,0.8300000000000001,0.9000000000000341,0.9733333333333334,1.0,19.0,126,449,259,241,1.0,0.4864864864864865,1.0,0.2116182572614108,CS_on_y
0.9,100,500,False,True,False,False,"{'transform_func': <function transform_X at 0x7f496a613370>, 'beta': array([1, 2, 3, 4]), 'uniform_range_x': [-2, 2]}",<function generate_sim_data at 0x7f4967c62050>,1,0,"[{'n_iter': 200, 'patience': 100, 'input_size': 1, 'h_sizes': [40, 40]}]",[<class 'models.NueralNet'>],300,1,False,False,,,0.9,,,,,,,203,341,259,241,0.9950738916256158,0.7799227799227799,1.0,0.6597510373443983,naive_on_y
0.9,100,500,False,True,False,False,"{'transform_func': <function transform_X at 0x7f496a613370>, 'beta': array([1, 2, 3, 4]), 'uniform_range_x': [-2, 2]}",<function generate_sim_data at 0x7f4967c62050>,1,0,"[{'n_iter': 200, 'patience': 100, 'input_size': 1, 'h_sizes': [40, 40]}]",[<class 'models.NueralNet'>],300,1,False,True,True,True,0.9000000000000341,0.98,0.8333333333333333,0.9000000000000341,0.98,0.99,3.0,249,304,269,231,1.0,0.9256505576208178,1.0,0.8484848484848485,CS_on_mean
0.9,100,500,False,True,False,False,"{'transform_func': <function transform_X at 0x7f496a613370>, 'beta': array([1, 2, 3, 4]), 'uniform_range_x': [-2, 2]}",<function generate_sim_data at 0x7f4967c62050>,1,0,"[{'n_iter': 200, 'patience': 100, 'input_size': 1, 'h_sizes': [40, 40]}]",[<class 'models.NueralNet'>],300,1,False,True,,,0.9,,,,,,,257,298,269,231,1.0,0.9553903345724907,1.0,0.8744588744588745,naive_on_mean
0.9,100,500,False,True,False,False,"{'transform_func': <function transform_X at 0x7f496a613370>, 'beta': array([1, 2, 3, 4]), 'uniform_range_x': [-2, 2]}",<function generate_sim_data at 0x7f4967c62050>,1,0,"[{'n_iter': 200, 'patience': 100, 'input_size': 1, 'h_sizes': [40, 40]}]",[<class 'models.NueralNet'>],300,1,False,True,True,True,0.9000000000000341,0.9766666666666667,0.76,0.9000000000000341,0.9766666666666667,0.9933333333333333,22.0,163,432,272,228,1.0,0.5992647058823529,1.0,0.29824561403508776,CS_on_y
0.9,100,500,False,True,False,False,"{'transform_func': <function transform_X at 0x7f496a613370>, 'beta': array([1, 2, 3, 4]), 'uniform_range_x': [-2, 2]}",<function generate_sim_data at 0x7f4967c62050>,1,0,"[{'n_iter': 200, 'patience': 100, 'input_size': 1, 'h_sizes': [40, 40]}]",[<class 'models.NueralNet'>],300,1,False,True,,,0.9,,,,,,,216,343,272,228,1.0,0.7941176470588236,1.0,0.6885964912280702,naive_on_y
0.9,100,500,False,True,False,False,"{'transform_func': <function transform_X at 0x7f496a613370>, 'beta': array([1, 2, 3, 4]), 'uniform_range_x': [-2, 2]}",<function generate_sim_data at 0x7f4967c62050>,1,0,"[{'n_iter': 200, 'patience': 100, 'input_size': 1, 'h_sizes': [40, 40]}]",[<class 'models.NueralNet'>],300,1,False,True,True,True,0.8999999999999773,0.98,0.8633333333333333,0.8999999999999773,0.98,0.9933333333333333,7.0,251,357,267,233,1.0,0.9400749063670412,1.0,0.6137339055793991,CS_on_mean
0.9,100,500,False,True,False,False,"{'transform_func': <function transform_X at 0x7f496a613370>, 'beta': array([1, 2, 3, 4]), 'uniform_range_x': [-2, 2]}",<function generate_sim_data at 0x7f4967c62050>,1,0,"[{'n_iter': 200, 'patience': 100, 'input_size': 1, 'h_sizes': [40, 40]}]",[<class 'models.NueralNet'>],300,1,False,True,,,0.9,,,,,,,249,298,267,233,1.0,0.9325842696629214,1.0,0.8669527896995708,naive_on_mean
0.9,100,500,False,True,False,False,"{'transform_func': <function transform_X at 0x7f496a613370>, 'beta': array([1, 2, 3, 4]), 'uniform_range_x': [-2, 2]}",<function generate_sim_data at 0x7f4967c62050>,1,0,"[{'n_iter': 200, 'patience': 100, 'input_size': 1, 'h_sizes': [40, 40]}]",[<class 'models.NueralNet'>],300,1,False,True,True,True,0.9000000000000341,0.9833333333333333,0.8666666666666667,0.9000000000000341,0.9833333333333333,0.9966666666666667,30.0,118,460,268,232,1.0,0.4402985074626866,1.0,0.1724137931034483,CS_on_y
0.9,100,500,False,True,False,False,"{'transform_func': <function transform_X at 0x7f496a613370>, 'beta': array([1, 2, 3, 4]), 'uniform_range_x': [-2, 2]}",<function generate_sim_data at 0x7f4967c62050>,1,0,"[{'n_iter': 200, 'patience': 100, 'input_size': 1, 'h_sizes': [40, 40]}]",[<class 'models.NueralNet'>],300,1,False,True,,,0.9,,,,,,,202,342,268,232,1.0,0.7537313432835822,1.0,0.6810344827586207,naive_on_y
0.9,100,500,False,True,False,False,"{'transform_func': <function transform_X at 0x7f496a613370>, 'beta': array([1, 2, 3, 4]), 'uniform_range_x': [-2, 2]}",<function generate_sim_data at 0x7f4967c62050>,1,0,"[{'n_iter': 200, 'patience': 100, 'input_size': 1, 'h_sizes': [40, 40]}]",[<class 'models.NueralNet'>],300,1,False,True,False,True,0.8999999999999773,0.97,0.9066666666666667,0.8999999999999773,0.97,0.99,18.0,246,311,269,231,1.0,0.9144981412639406,1.0,0.8181818181818181,CS_on_mean
0.9,100,500,False,True,False,False,"{'transform_func': <function transform_X at 0x7f496a613370>, 'beta': array([1, 2, 3, 4]), 'uniform_range_x': [-2, 2]}",<function generate_sim_data at 0x7f4967c62050>,1,0,"[{'n_iter': 200, 'patience': 100, 'input_size': 1, 'h_sizes': [40, 40]}]",[<class 'models.NueralNet'>],300,1,False,False,,,0.9,,,,,,,253,295,269,231,0.9960474308300395,0.9368029739776952,1.0,0.8874458874458875,naive_on_mean
0.9,100,500,False,True,False,False,"{'transform_func': <function transform_X at 0x7f496a613370>, 'beta': array([1, 2, 3, 4]), 'uniform_range_x': [-2, 2]}",<function generate_sim_data at 0x7f4967c62050>,1,0,"[{'n_iter': 200, 'patience': 100, 'input_size': 1, 'h_sizes': [40, 40]}]",[<class 'models.NueralNet'>],300,1,False,True,True,True,0.8999999999999773,0.9633333333333334,0.7766666666666666,0.8999999999999773,0.9633333333333334,0.9966666666666667,43.0,135,500,265,235,1.0,0.5094339622641509,1.0,0.0,CS_on_y
0.9,100,500,False,True,False,False,"{'transform_func': <function transform_X at 0x7f496a613370>, 'beta': array([1, 2, 3, 4]), 'uniform_range_x': [-2, 2]}",<function generate_sim_data at 0x7f4967c62050>,1,0,"[{'n_iter': 200, 'patience': 100, 'input_size': 1, 'h_sizes': [40, 40]}]",[<class 'models.NueralNet'>],300,1,False,True,,,0.9,,,,,,,213,396,265,235,1.0,0.8037735849056604,1.0,0.4425531914893617,naive_on_y
0.9,100,500,False,True,False,False,"{'transform_func': <function transform_X at 0x7f496a613370>, 'beta': array([1, 2, 3, 4]), 'uniform_range_x': [-2, 2]}",<function generate_sim_data at 0x7f4967c62050>,1,0,"[{'n_iter': 200, 'patience': 100, 'input_size': 1, 'h_sizes': [40, 40]}]",[<class 'models.NueralNet'>],300,1,False,True,True,True,0.9000000000000341,0.9733333333333334,0.8966666666666665,0.9000000000000341,0.9733333333333334,0.9866666666666667,5.0,216,346,269,231,1.0,0.8029739776951673,1.0,0.6666666666666667,CS_on_mean
0.9,100,500,False,True,False,False,"{'transform_func': <function transform_X at 0x7f496a613370>, 'beta': array([1, 2, 3, 4]), 'uniform_range_x': [-2, 2]}",<function generate_sim_data at 0x7f4967c62050>,1,0,"[{'n_iter': 200, 'patience': 100, 'input_size': 1, 'h_sizes': [40, 40]}]",[<class 'models.NueralNet'>],300,1,False,True,,,0.9,,,,,,,229,301,269,231,1.0,0.8513011152416357,1.0,0.8614718614718615,naive_on_mean
0.9,100,500,False,True,False,False,"{'transform_func': <function transform_X at 0x7f496a613370>, 'beta': array([1, 2, 3, 4]), 'uniform_range_x': [-2, 2]}",<function generate_sim_data at 0x7f4967c62050>,1,0,"[{'n_iter': 200, 'patience': 100, 'input_size': 1, 'h_sizes': [40, 40]}]",[<class 'models.NueralNet'>],300,1,False,True,True,True,0.8999999999999204,0.9733333333333334,0.81,0.8999999999999204,0.9733333333333334,1.0,38.0,86,500,265,235,1.0,0.3245283018867925,1.0,0.0,CS_on_y
0.9,100,500,False,True,False,False,"{'transform_func': <function transform_X at 0x7f496a613370>, 'beta': array([1, 2, 3, 4]), 'uniform_range_x': [-2, 2]}",<function generate_sim_data at 0x7f4967c62050>,1,0,"[{'n_iter': 200, 'patience': 100, 'input_size': 1, 'h_sizes': [40, 40]}]",[<class 'models.NueralNet'>],300,1,False,True,,,0.9,,,,,,,183,414,265,235,1.0,0.6905660377358491,1.0,0.3659574468085106,naive_on_y
0.9,100,500,False,True,False,False,"{'transform_func': <function transform_X at 0x7f496a613370>, 'beta': array([1, 2, 3, 4]), 'uniform_range_x': [-2, 2]}",<function generate_sim_data at 0x7f4967c62050>,1,0,"[{'n_iter': 200, 'patience': 100, 'input_size': 1, 'h_sizes': [40, 40]}]",[<class 'models.NueralNet'>],300,1,False,True,True,True,0.8999999999999773,0.9766666666666667,0.8766666666666665,0.8999999999999773,0.9766666666666667,0.9866666666666667,10.0,243,318,269,231,1.0,0.9033457249070632,1.0,0.7878787878787878,CS_on_mean
0.9,100,500,False,True,False,False,"{'transform_func': <function transform_X at 0x7f496a613370>, 'beta': array([1, 2, 3, 4]), 'uniform_range_x': [-2, 2]}",<function generate_sim_data at 0x7f4967c62050>,1,0,"[{'n_iter': 200, 'patience': 100, 'input_size': 1, 'h_sizes': [40, 40]}]",[<class 'models.NueralNet'>],300,1,False,True,,,0.9,,,,,,,254,291,269,231,1.0,0.9442379182156134,1.0,0.9047619047619048,naive_on_mean
0.9,100,500,False,True,False,False,"{'transform_func': <function transform_X at 0x7f496a613370>, 'beta': array([1, 2, 3, 4]), 'uniform_range_x': [-2, 2]}",<function generate_sim_data at 0x7f4967c62050>,1,0,"[{'n_iter': 200, 'patience': 100, 'input_size': 1, 'h_sizes': [40, 40]}]",[<class 'models.NueralNet'>],300,1,False,True,True,True,0.8999999999999773,0.97,0.7266666666666666,0.8999999999999773,0.97,0.9933333333333333,13.0,128,499,267,233,1.0,0.47940074906367036,1.0,0.0042918454935622075,CS_on_y
0.9,100,500,False,True,False,False,"{'transform_func': <function transform_X at 0x7f496a613370>, 'beta': array([1, 2, 3, 4]), 'uniform_range_x': [-2, 2]}",<function generate_sim_data at 0x7f4967c62050>,1,0,"[{'n_iter': 200, 'patience': 100, 'input_size': 1, 'h_sizes': [40, 40]}]",[<class 'models.NueralNet'>],300,1,False,True,,,0.9,,,,,,,211,433,267,233,1.0,0.7902621722846441,1.0,0.28755364806866957,naive_on_y
0.9,100,500,False,True,False,False,"{'transform_func': <function transform_X at 0x7f496a613370>, 'beta': array([1, 2, 3, 4]), 'uniform_range_x': [-2, 2]}",<function generate_sim_data at 0x7f4967c62050>,1,0,"[{'n_iter': 200, 'patience': 100, 'input_size': 1, 'h_sizes': [40, 40]}]",[<class 'models.NueralNet'>],300,1,False,True,True,True,0.8999999999999773,0.9766666666666667,0.8566666666666667,0.8999999999999773,0.9766666666666667,0.9933333333333333,7.0,212,287,248,252,1.0,0.8548387096774194,1.0,0.8452380952380952,CS_on_mean
0.9,100,500,False,True,False,False,"{'transform_func': <function transform_X at 0x7f496a613370>, 'beta': array([1, 2, 3, 4]), 'uniform_range_x': [-2, 2]}",<function generate_sim_data at 0x7f4967c62050>,1,0,"[{'n_iter': 200, 'patience': 100, 'input_size': 1, 'h_sizes': [40, 40]}]",[<class 'models.NueralNet'>],300,1,False,True,,,0.9,,,,,,,222,270,248,252,1.0,0.8951612903225806,1.0,0.9126984126984127,naive_on_mean
0.9,100,500,False,True,False,False,"{'transform_func': <function transform_X at 0x7f496a613370>, 'beta': array([1, 2, 3, 4]), 'uniform_range_x': [-2, 2]}",<function generate_sim_data at 0x7f4967c62050>,1,0,"[{'n_iter': 200, 'patience': 100, 'input_size': 1, 'h_sizes': [40, 40]}]",[<class 'models.NueralNet'>],300,1,False,True,True,True,0.8999999999999773,0.9733333333333334,0.7966666666666666,0.8999999999999773,0.9733333333333334,1.0,43.0,111,499,246,254,1.0,0.4512195121951219,1.0,0.003937007874015741,CS_on_y
0.9,100,500,False,True,False,False,"{'transform_func': <function transform_X at 0x7f496a613370>, 'beta': array([1, 2, 3, 4]), 'uniform_range_x': [-2, 2]}",<function generate_sim_data at 0x7f4967c62050>,1,0,"[{'n_iter': 200, 'patience': 100, 'input_size': 1, 'h_sizes': [40, 40]}]",[<class 'models.NueralNet'>],300,1,False,True,,,0.9,,,,,,,185,334,246,254,1.0,0.7520325203252033,1.0,0.6535433070866141,naive_on_y
0.9,100,500,False,True,False,False,"{'transform_func': <function transform_X at 0x7f496a613370>, 'beta': array([1, 2, 3, 4]), 'uniform_range_x': [-2, 2]}",<function generate_sim_data at 0x7f4967c62050>,1,0,"[{'n_iter': 200, 'patience': 100, 'input_size': 1, 'h_sizes': [40, 40]}]",[<class 'models.NueralNet'>],300,1,False,True,True,True,0.9000000000000341,0.9666666666666667,0.8366666666666667,0.9000000000000341,0.9666666666666667,0.99,8.0,248,327,271,229,1.0,0.915129151291513,1.0,0.7554585152838428,CS_on_mean
0.9,100,500,False,True,False,False,"{'transform_func': <function transform_X at 0x7f496a613370>, 'beta': array([1, 2, 3, 4]), 'uniform_range_x': [-2, 2]}",<function generate_sim_data at 0x7f4967c62050>,1,0,"[{'n_iter': 200, 'patience': 100, 'input_size': 1, 'h_sizes': [40, 40]}]",[<class 'models.NueralNet'>],300,1,False,True,,,0.9,,,,,,,250,290,271,229,1.0,0.9225092250922509,1.0,0.9170305676855895,naive_on_mean
0.9,100,500,False,True,False,False,"{'transform_func': <function transform_X at 0x7f496a613370>, 'beta': array([1, 2, 3, 4]), 'uniform_range_x': [-2, 2]}",<function generate_sim_data at 0x7f4967c62050>,1,0,"[{'n_iter': 200, 'patience': 100, 'input_size': 1, 'h_sizes': [40, 40]}]",[<class 'models.NueralNet'>],300,1,False,True,True,True,0.8999999999999773,0.9633333333333334,0.5900000000000001,0.8999999999999773,0.9633333333333334,0.9933333333333333,10.0,175,489,266,234,1.0,0.6578947368421053,1.0,0.047008547008547064,CS_on_y
0.9,100,500,False,True,False,False,"{'transform_func': <function transform_X at 0x7f496a613370>, 'beta': array([1, 2, 3, 4]), 'uniform_range_x': [-2, 2]}",<function generate_sim_data at 0x7f4967c62050>,1,0,"[{'n_iter': 200, 'patience': 100, 'input_size': 1, 'h_sizes': [40, 40]}]",[<class 'models.NueralNet'>],300,1,False,True,,,0.9,,,,,,,207,398,266,234,1.0,0.7781954887218046,1.0,0.4358974358974359,naive_on_y
0.9,100,500,False,True,False,False,"{'transform_func': <function transform_X at 0x7f496a613370>, 'beta': array([1, 2, 3, 4]), 'uniform_range_x': [-2, 2]}",<function generate_sim_data at 0x7f4967c62050>,1,0,"[{'n_iter': 200, 'patience': 100, 'input_size': 1, 'h_sizes': [40, 40]}]",[<class 'models.NueralNet'>],300,1,False,True,True,True,0.9000000000000341,0.9666666666666667,0.8599999999999999,0.9000000000000341,0.9666666666666667,0.9833333333333333,11.0,242,289,263,237,1.0,0.9201520912547528,1.0,0.890295358649789,CS_on_mean
0.9,100,500,False,True,False,False,"{'transform_func': <function transform_X at 0x7f496a613370>, 'beta': array([1, 2, 3, 4]), 'uniform_range_x': [-2, 2]}",<function generate_sim_data at 0x7f4967c62050>,1,0,"[{'n_iter': 200, 'patience': 100, 'input_size': 1, 'h_sizes': [40, 40]}]",[<class 'models.NueralNet'>],300,1,False,True,,,0.9,,,,,,,245,284,263,237,1.0,0.9315589353612167,1.0,0.9113924050632911,naive_on_mean
0.9,100,500,False,True,False,False,"{'transform_func': <function transform_X at 0x7f496a613370>, 'beta': array([1, 2, 3, 4]), 'uniform_range_x': [-2, 2]}",<function generate_sim_data at 0x7f4967c62050>,1,0,"[{'n_iter': 200, 'patience': 100, 'input_size': 1, 'h_sizes': [40, 40]}]",[<class 'models.NueralNet'>],300,1,False,True,True,True,0.8999999999999773,0.9666666666666667,0.7833333333333332,0.8999999999999773,0.9666666666666667,0.9933333333333333,31.0,137,453,265,235,1.0,0.5169811320754717,1.0,0.19999999999999996,CS_on_y
0.9,100,500,False,True,False,False,"{'transform_func': <function transform_X at 0x7f496a613370>, 'beta': array([1, 2, 3, 4]), 'uniform_range_x': [-2, 2]}",<function generate_sim_data at 0x7f4967c62050>,1,0,"[{'n_iter': 200, 'patience': 100, 'input_size': 1, 'h_sizes': [40, 40]}]",[<class 'models.NueralNet'>],300,1,False,True,,,0.9,,,,,,,196,340,265,235,1.0,0.739622641509434,1.0,0.6808510638297872,naive_on_y
0.9,100,500,False,True,False,False,"{'transform_func': <function transform_X at 0x7f496a613370>, 'beta': array([1, 2, 3, 4]), 'uniform_range_x': [-2, 2]}",<function generate_sim_data at 0x7f4967c62050>,1,0,"[{'n_iter': 200, 'patience': 100, 'input_size': 1, 'h_sizes': [40, 40]}]",[<class 'models.NueralNet'>],300,1,False,True,True,True,0.9000000000000341,0.98,0.9199999999999999,0.9000000000000341,0.98,0.9866666666666667,12.0,235,307,263,237,1.0,0.8935361216730038,1.0,0.8143459915611815,CS_on_mean
0.9,100,500,False,True,False,False,"{'transform_func': <function transform_X at 0x7f496a613370>, 'beta': array([1, 2, 3, 4]), 'uniform_range_x': [-2, 2]}",<function generate_sim_data at 0x7f4967c62050>,1,0,"[{'n_iter': 200, 'patience': 100, 'input_size': 1, 'h_sizes': [40, 40]}]",[<class 'models.NueralNet'>],300,1,False,True,,,0.9,,,,,,,248,294,263,237,1.0,0.9429657794676806,1.0,0.869198312236287,naive_on_mean
0.9,100,500,False,True,False,False,"{'transform_func': <function transform_X at 0x7f496a613370>, 'beta': array([1, 2, 3, 4]), 'uniform_range_x': [-2, 2]}",<function generate_sim_data at 0x7f4967c62050>,1,0,"[{'n_iter': 200, 'patience': 100, 'input_size': 1, 'h_sizes': [40, 40]}]",[<class 'models.NueralNet'>],300,1,False,True,True,True,0.9000000000000341,0.9733333333333334,0.71,0.9000000000000341,0.9733333333333334,1.0,11.0,140,467,259,241,1.0,0.5405405405405406,1.0,0.13692946058091282,CS_on_y
0.9,100,500,False,True,False,False,"{'transform_func': <function transform_X at 0x7f496a613370>, 'beta': array([1, 2, 3, 4]), 'uniform_range_x': [-2, 2]}",<function generate_sim_data at 0x7f4967c62050>,1,0,"[{'n_iter': 200, 'patience': 100, 'input_size': 1, 'h_sizes': [40, 40]}]",[<class 'models.NueralNet'>],300,1,False,True,,,0.9,,,,,,,198,349,259,241,1.0,0.7644787644787645,1.0,0.6265560165975104,naive_on_y
0.9,100,500,False,True,False,False,"{'transform_func': <function transform_X at 0x7f496a613370>, 'beta': array([1, 2, 3, 4]), 'uniform_range_x': [-2, 2]}",<function generate_sim_data at 0x7f4967c62050>,1,0,"[{'n_iter': 200, 'patience': 100, 'input_size': 1, 'h_sizes': [40, 40]}]",[<class 'models.NueralNet'>],300,1,False,True,True,True,0.9000000000000341,0.9733333333333334,0.8799999999999999,0.9000000000000341,0.9733333333333334,0.9866666666666667,24.0,263,335,294,206,1.0,0.8945578231292517,1.0,0.8009708737864077,CS_on_mean
0.9,100,500,False,True,False,False,"{'transform_func': <function transform_X at 0x7f496a613370>, 'beta': array([1, 2, 3, 4]), 'uniform_range_x': [-2, 2]}",<function generate_sim_data at 0x7f4967c62050>,1,0,"[{'n_iter': 200, 'patience': 100, 'input_size': 1, 'h_sizes': [40, 40]}]",[<class 'models.NueralNet'>],300,1,False,False,,,0.9,,,,,,,278,319,294,206,0.9928057553956835,0.9387755102040817,1.0,0.8786407766990292,naive_on_mean
0.9,100,500,False,True,False,False,"{'transform_func': <function transform_X at 0x7f496a613370>, 'beta': array([1, 2, 3, 4]), 'uniform_range_x': [-2, 2]}",<function generate_sim_data at 0x7f4967c62050>,1,0,"[{'n_iter': 200, 'patience': 100, 'input_size': 1, 'h_sizes': [40, 40]}]",[<class 'models.NueralNet'>],300,1,False,True,True,True,0.9000000000000341,0.9666666666666667,0.7166666666666668,0.9000000000000341,0.9666666666666667,0.9966666666666667,30.0,161,497,294,206,1.0,0.5476190476190477,1.0,0.014563106796116498,CS_on_y
0.9,100,500,False,True,False,False,"{'transform_func': <function transform_X at 0x7f496a613370>, 'beta': array([1, 2, 3, 4]), 'uniform_range_x': [-2, 2]}",<function generate_sim_data at 0x7f4967c62050>,1,0,"[{'n_iter': 200, 'patience': 100, 'input_size': 1, 'h_sizes': [40, 40]}]",[<class 'models.NueralNet'>],300,1,False,False,,,0.9,,,,,,,228,435,294,206,0.9912280701754386,0.7687074829931972,1.0,0.31553398058252424,naive_on_y
0.9,100,500,False,True,False,False,"{'transform_func': <function transform_X at 0x7f496a613370>, 'beta': array([1, 2, 3, 4]), 'uniform_range_x': [-2, 2]}",<function generate_sim_data at 0x7f4967c62050>,1,0,"[{'n_iter': 200, 'patience': 100, 'input_size': 1, 'h_sizes': [40, 40]}]",[<class 'models.NueralNet'>],300,1,False,True,True,True,0.9000000000000341,0.9633333333333334,0.7999999999999998,0.9000000000000341,0.9633333333333334,0.98,9.0,229,367,265,235,1.0,0.8641509433962264,1.0,0.5659574468085107,CS_on_mean
0.9,100,500,False,True,False,False,"{'transform_func': <function transform_X at 0x7f496a613370>, 'beta': array([1, 2, 3, 4]), 'uniform_range_x': [-2, 2]}",<function generate_sim_data at 0x7f4967c62050>,1,0,"[{'n_iter': 200, 'patience': 100, 'input_size': 1, 'h_sizes': [40, 40]}]",[<class 'models.NueralNet'>],300,1,False,True,,,0.9,,,,,,,239,280,265,235,1.0,0.9018867924528302,1.0,0.9361702127659575,naive_on_mean
0.9,100,500,False,True,False,False,"{'transform_func': <function transform_X at 0x7f496a613370>, 'beta': array([1, 2, 3, 4]), 'uniform_range_x': [-2, 2]}",<function generate_sim_data at 0x7f4967c62050>,1,0,"[{'n_iter': 200, 'patience': 100, 'input_size': 1, 'h_sizes': [40, 40]}]",[<class 'models.NueralNet'>],300,1,False,True,True,True,0.9000000000000341,0.9733333333333334,0.7766666666666666,0.9000000000000341,0.9733333333333334,0.9933333333333333,26.0,140,458,252,248,1.0,0.5555555555555556,1.0,0.16935483870967738,CS_on_y
0.9,100,500,False,True,False,False,"{'transform_func': <function transform_X at 0x7f496a613370>, 'beta': array([1, 2, 3, 4]), 'uniform_range_x': [-2, 2]}",<function generate_sim_data at 0x7f4967c62050>,1,0,"[{'n_iter': 200, 'patience': 100, 'input_size': 1, 'h_sizes': [40, 40]}]",[<class 'models.NueralNet'>],300,1,False,False,,,0.9,,,,,,,194,375,252,248,0.9948453608247423,0.7658730158730158,1.0,0.5040322580645161,naive_on_y
0.9,100,500,False,True,False,False,"{'transform_func': <function transform_X at 0x7f496a613370>, 'beta': array([1, 2, 3, 4]), 'uniform_range_x': [-2, 2]}",<function generate_sim_data at 0x7f4967c62050>,1,0,"[{'n_iter': 200, 'patience': 100, 'input_size': 1, 'h_sizes': [40, 40]}]",[<class 'models.NueralNet'>],300,1,False,True,True,True,0.9000000000000341,0.9466666666666667,0.8300000000000001,0.9000000000000341,0.9466666666666667,0.9766666666666667,4.0,242,282,264,236,1.0,0.9166666666666666,1.0,0.923728813559322,CS_on_mean
0.9,100,500,False,True,False,False,"{'transform_func': <function transform_X at 0x7f496a613370>, 'beta': array([1, 2, 3, 4]), 'uniform_range_x': [-2, 2]}",<function generate_sim_data at 0x7f4967c62050>,1,0,"[{'n_iter': 200, 'patience': 100, 'input_size': 1, 'h_sizes': [40, 40]}]",[<class 'models.NueralNet'>],300,1,False,True,,,0.9,,,,,,,247,278,264,236,1.0,0.9356060606060606,1.0,0.940677966101695,naive_on_mean
0.9,100,500,False,True,False,False,"{'transform_func': <function transform_X at 0x7f496a613370>, 'beta': array([1, 2, 3, 4]), 'uniform_range_x': [-2, 2]}",<function generate_sim_data at 0x7f4967c62050>,1,0,"[{'n_iter': 200, 'patience': 100, 'input_size': 1, 'h_sizes': [40, 40]}]",[<class 'models.NueralNet'>],300,1,False,True,True,True,0.9000000000000341,0.9633333333333334,0.7966666666666666,0.9000000000000341,0.9633333333333334,0.9966666666666667,28.0,150,458,265,235,1.0,0.5660377358490566,1.0,0.17872340425531918,CS_on_y
0.9,100,500,False,True,False,False,"{'transform_func': <function transform_X at 0x7f496a613370>, 'beta': array([1, 2, 3, 4]), 'uniform_range_x': [-2, 2]}",<function generate_sim_data at 0x7f4967c62050>,1,0,"[{'n_iter': 200, 'patience': 100, 'input_size': 1, 'h_sizes': [40, 40]}]",[<class 'models.NueralNet'>],300,1,False,False,,,0.9,,,,,,,206,333,265,235,0.9951456310679612,0.7735849056603774,1.0,0.7106382978723405,naive_on_y
0.9,100,500,False,True,False,False,"{'transform_func': <function transform_X at 0x7f496a613370>, 'beta': array([1, 2, 3, 4]), 'uniform_range_x': [-2, 2]}",<function generate_sim_data at 0x7f4967c62050>,1,0,"[{'n_iter': 200, 'patience': 100, 'input_size': 1, 'h_sizes': [40, 40]}]",[<class 'models.NueralNet'>],300,1,False,True,True,True,0.8999999999999773,0.96,0.7566666666666666,0.8999999999999773,0.96,0.9833333333333333,4.0,247,280,257,243,1.0,0.9610894941634242,1.0,0.9053497942386831,CS_on_mean
0.9,100,500,False,True,False,False,"{'transform_func': <function transform_X at 0x7f496a613370>, 'beta': array([1, 2, 3, 4]), 'uniform_range_x': [-2, 2]}",<function generate_sim_data at 0x7f4967c62050>,1,0,"[{'n_iter': 200, 'patience': 100, 'input_size': 1, 'h_sizes': [40, 40]}]",[<class 'models.NueralNet'>],300,1,False,True,,,0.9,,,,,,,247,275,257,243,1.0,0.9610894941634242,1.0,0.9259259259259259,naive_on_mean
0.9,100,500,False,True,False,False,"{'transform_func': <function transform_X at 0x7f496a613370>, 'beta': array([1, 2, 3, 4]), 'uniform_range_x': [-2, 2]}",<function generate_sim_data at 0x7f4967c62050>,1,0,"[{'n_iter': 200, 'patience': 100, 'input_size': 1, 'h_sizes': [40, 40]}]",[<class 'models.NueralNet'>],300,1,False,True,True,True,0.9000000000000341,0.9566666666666667,0.7433333333333334,0.9000000000000341,0.9566666666666667,0.9966666666666667,16.0,165,374,262,238,1.0,0.6297709923664122,1.0,0.5294117647058824,CS_on_y
0.9,100,500,False,True,False,False,"{'transform_func': <function transform_X at 0x7f496a613370>, 'beta': array([1, 2, 3, 4]), 'uniform_range_x': [-2, 2]}",<function generate_sim_data at 0x7f4967c62050>,1,0,"[{'n_iter': 200, 'patience': 100, 'input_size': 1, 'h_sizes': [40, 40]}]",[<class 'models.NueralNet'>],300,1,False,False,,,0.9,,,,,,,208,315,262,238,1.0,0.7938931297709924,0.9945945945945946,0.773109243697479,naive_on_y
0.9,100,500,False,True,False,False,"{'transform_func': <function transform_X at 0x7f496a613370>, 'beta': array([1, 2, 3, 4]), 'uniform_range_x': [-2, 2]}",<function generate_sim_data at 0x7f4967c62050>,1,0,"[{'n_iter': 200, 'patience': 100, 'input_size': 1, 'h_sizes': [40, 40]}]",[<class 'models.NueralNet'>],300,1,False,True,True,True,0.9000000000000341,0.96,0.8666666666666667,0.9000000000000341,0.96,0.9866666666666667,11.0,246,472,275,225,1.0,0.8945454545454545,1.0,0.12444444444444447,CS_on_mean
0.9,100,500,False,True,False,False,"{'transform_func': <function transform_X at 0x7f496a613370>, 'beta': array([1, 2, 3, 4]), 'uniform_range_x': [-2, 2]}",<function generate_sim_data at 0x7f4967c62050>,1,0,"[{'n_iter': 200, 'patience': 100, 'input_size': 1, 'h_sizes': [40, 40]}]",[<class 'models.NueralNet'>],300,1,False,False,,,0.9,,,,,,,262,315,275,225,0.9961832061068703,0.9490909090909091,1.0,0.8222222222222222,naive_on_mean
0.9,100,500,False,True,False,False,"{'transform_func': <function transform_X at 0x7f496a613370>, 'beta': array([1, 2, 3, 4]), 'uniform_range_x': [-2, 2]}",<function generate_sim_data at 0x7f4967c62050>,1,0,"[{'n_iter': 200, 'patience': 100, 'input_size': 1, 'h_sizes': [40, 40]}]",[<class 'models.NueralNet'>],300,1,False,True,True,True,0.9000000000000341,0.9666666666666667,0.78,0.9000000000000341,0.9666666666666667,0.9966666666666667,12.0,142,500,276,224,1.0,0.5144927536231885,1.0,0.0,CS_on_y
0.9,100,500,False,True,False,False,"{'transform_func': <function transform_X at 0x7f496a613370>, 'beta': array([1, 2, 3, 4]), 'uniform_range_x': [-2, 2]}",<function generate_sim_data at 0x7f4967c62050>,1,0,"[{'n_iter': 200, 'patience': 100, 'input_size': 1, 'h_sizes': [40, 40]}]",[<class 'models.NueralNet'>],300,1,False,True,,,0.9,,,,,,,203,475,276,224,1.0,0.7355072463768115,1.0,0.1116071428571429,naive_on_y
0.9,100,500,False,True,False,False,"{'transform_func': <function transform_X at 0x7f496a613370>, 'beta': array([1, 2, 3, 4]), 'uniform_range_x': [-2, 2]}",<function generate_sim_data at 0x7f4967c62050>,1,0,"[{'n_iter': 200, 'patience': 100, 'input_size': 1, 'h_sizes': [40, 40]}]",[<class 'models.NueralNet'>],300,1,False,True,True,True,0.8999999999999773,0.9633333333333334,0.8133333333333335,0.8999999999999773,0.9633333333333334,0.9833333333333333,5.0,226,278,248,252,1.0,0.9112903225806451,1.0,0.8809523809523809,CS_on_mean
0.9,100,500,False,True,False,False,"{'transform_func': <function transform_X at 0x7f496a613370>, 'beta': array([1, 2, 3, 4]), 'uniform_range_x': [-2, 2]}",<function generate_sim_data at 0x7f4967c62050>,1,0,"[{'n_iter': 200, 'patience': 100, 'input_size': 1, 'h_sizes': [40, 40]}]",[<class 'models.NueralNet'>],300,1,False,True,,,0.9,,,,,,,230,272,248,252,1.0,0.9274193548387096,1.0,0.9047619047619048,naive_on_mean
0.9,100,500,False,True,False,False,"{'transform_func': <function transform_X at 0x7f496a613370>, 'beta': array([1, 2, 3, 4]), 'uniform_range_x': [-2, 2]}",<function generate_sim_data at 0x7f4967c62050>,1,0,"[{'n_iter': 200, 'patience': 100, 'input_size': 1, 'h_sizes': [40, 40]}]",[<class 'models.NueralNet'>],300,1,False,True,True,True,0.9000000000000341,0.9566666666666667,0.8033333333333332,0.9000000000000341,0.9566666666666667,0.9966666666666667,59.0,119,479,257,243,1.0,0.46303501945525294,1.0,0.0864197530864198,CS_on_y
0.9,100,500,False,True,False,False,"{'transform_func': <function transform_X at 0x7f496a613370>, 'beta': array([1, 2, 3, 4]), 'uniform_range_x': [-2, 2]}",<function generate_sim_data at 0x7f4967c62050>,1,0,"[{'n_iter': 200, 'patience': 100, 'input_size': 1, 'h_sizes': [40, 40]}]",[<class 'models.NueralNet'>],300,1,False,False,,,0.9,,,,,,,189,355,257,243,1.0,0.7354085603112841,0.993103448275862,0.5925925925925926,naive_on_y
0.9,100,500,False,True,False,False,"{'transform_func': <function transform_X at 0x7f496a613370>, 'beta': array([1, 2, 3, 4]), 'uniform_range_x': [-2, 2]}",<function generate_sim_data at 0x7f4967c62050>,1,0,"[{'n_iter': 200, 'patience': 100, 'input_size': 1, 'h_sizes': [40, 40]}]",[<class 'models.NueralNet'>],300,1,False,True,True,True,0.8999999999999773,0.9666666666666667,0.8399999999999999,0.8999999999999773,0.9666666666666667,0.98,4.0,246,382,268,232,1.0,0.917910447761194,1.0,0.5086206896551724,CS_on_mean
0.9,100,500,False,True,False,False,"{'transform_func': <function transform_X at 0x7f496a613370>, 'beta': array([1, 2, 3, 4]), 'uniform_range_x': [-2, 2]}",<function generate_sim_data at 0x7f4967c62050>,1,0,"[{'n_iter': 200, 'patience': 100, 'input_size': 1, 'h_sizes': [40, 40]}]",[<class 'models.NueralNet'>],300,1,False,True,,,0.9,,,,,,,257,288,268,232,1.0,0.9589552238805971,1.0,0.9137931034482758,naive_on_mean
0.9,100,500,False,True,False,False,"{'transform_func': <function transform_X at 0x7f496a613370>, 'beta': array([1, 2, 3, 4]), 'uniform_range_x': [-2, 2]}",<function generate_sim_data at 0x7f4967c62050>,1,0,"[{'n_iter': 200, 'patience': 100, 'input_size': 1, 'h_sizes': [40, 40]}]",[<class 'models.NueralNet'>],300,1,False,True,True,True,0.9000000000000341,0.9733333333333334,0.6800000000000002,0.9000000000000341,0.9733333333333334,0.9866666666666667,10.0,164,461,268,232,1.0,0.6119402985074627,1.0,0.1681034482758621,CS_on_y
0.9,100,500,False,True,False,False,"{'transform_func': <function transform_X at 0x7f496a613370>, 'beta': array([1, 2, 3, 4]), 'uniform_range_x': [-2, 2]}",<function generate_sim_data at 0x7f4967c62050>,1,0,"[{'n_iter': 200, 'patience': 100, 'input_size': 1, 'h_sizes': [40, 40]}]",[<class 'models.NueralNet'>],300,1,False,True,,,0.9,,,,,,,220,400,268,232,1.0,0.8208955223880597,1.0,0.43103448275862066,naive_on_y
0.9,100,500,False,True,False,False,"{'transform_func': <function transform_X at 0x7f496a613370>, 'beta': array([1, 2, 3, 4]), 'uniform_range_x': [-2, 2]}",<function generate_sim_data at 0x7f4967c62050>,1,0,"[{'n_iter': 200, 'patience': 100, 'input_size': 1, 'h_sizes': [40, 40]}]",[<class 'models.NueralNet'>],300,1,False,True,True,True,0.9000000000000341,0.96,0.8600000000000001,0.9000000000000341,0.96,0.9833333333333333,12.0,246,303,270,230,1.0,0.9111111111111111,1.0,0.8565217391304347,CS_on_mean
0.9,100,500,False,True,False,False,"{'transform_func': <function transform_X at 0x7f496a613370>, 'beta': array([1, 2, 3, 4]), 'uniform_range_x': [-2, 2]}",<function generate_sim_data at 0x7f4967c62050>,1,0,"[{'n_iter': 200, 'patience': 100, 'input_size': 1, 'h_sizes': [40, 40]}]",[<class 'models.NueralNet'>],300,1,False,True,,,0.9,,,,,,,254,296,270,230,1.0,0.9407407407407408,1.0,0.8869565217391304,naive_on_mean
0.9,100,500,False,True,False,False,"{'transform_func': <function transform_X at 0x7f496a613370>, 'beta': array([1, 2, 3, 4]), 'uniform_range_x': [-2, 2]}",<function generate_sim_data at 0x7f4967c62050>,1,0,"[{'n_iter': 200, 'patience': 100, 'input_size': 1, 'h_sizes': [40, 40]}]",[<class 'models.NueralNet'>],300,1,False,True,True,True,0.8999999999999204,0.9733333333333334,0.8433333333333333,0.8999999999999204,0.9733333333333334,1.0,54.0,114,499,271,229,1.0,0.4206642066420664,1.0,0.004366812227074246,CS_on_y
0.9,100,500,False,True,False,False,"{'transform_func': <function transform_X at 0x7f496a613370>, 'beta': array([1, 2, 3, 4]), 'uniform_range_x': [-2, 2]}",<function generate_sim_data at 0x7f4967c62050>,1,0,"[{'n_iter': 200, 'patience': 100, 'input_size': 1, 'h_sizes': [40, 40]}]",[<class 'models.NueralNet'>],300,1,False,False,,,0.9,,,,,,,212,400,271,229,0.9952830188679245,0.7785977859778598,1.0,0.4366812227074236,naive_on_y
0.9,100,500,False,True,False,False,"{'transform_func': <function transform_X at 0x7f496a613370>, 'beta': array([1, 2, 3, 4]), 'uniform_range_x': [-2, 2]}",<function generate_sim_data at 0x7f4967c62050>,1,0,"[{'n_iter': 200, 'patience': 100, 'input_size': 1, 'h_sizes': [40, 40]}]",[<class 'models.NueralNet'>],300,1,False,True,True,True,0.9000000000000341,0.9866666666666667,0.96,0.9000000000000341,0.9866666666666667,1.0,26.0,228,330,288,212,1.0,0.7916666666666666,1.0,0.8018867924528301,CS_on_mean
0.9,100,500,False,True,False,False,"{'transform_func': <function transform_X at 0x7f496a613370>, 'beta': array([1, 2, 3, 4]), 'uniform_range_x': [-2, 2]}",<function generate_sim_data at 0x7f4967c62050>,1,0,"[{'n_iter': 200, 'patience': 100, 'input_size': 1, 'h_sizes': [40, 40]}]",[<class 'models.NueralNet'>],300,1,False,True,,,0.9,,,,,,,258,304,288,212,1.0,0.8958333333333334,1.0,0.9245283018867925,naive_on_mean
0.9,100,500,False,True,False,False,"{'transform_func': <function transform_X at 0x7f496a613370>, 'beta': array([1, 2, 3, 4]), 'uniform_range_x': [-2, 2]}",<function generate_sim_data at 0x7f4967c62050>,1,0,"[{'n_iter': 200, 'patience': 100, 'input_size': 1, 'h_sizes': [40, 40]}]",[<class 'models.NueralNet'>],300,1,False,True,True,True,0.9000000000000341,0.9733333333333334,0.8733333333333333,0.9000000000000341,0.9733333333333334,0.9966666666666667,46.0,103,467,281,219,1.0,0.3665480427046264,1.0,0.15068493150684936,CS_on_y
0.9,100,500,False,True,False,False,"{'transform_func': <function transform_X at 0x7f496a613370>, 'beta': array([1, 2, 3, 4]), 'uniform_range_x': [-2, 2]}",<function generate_sim_data at 0x7f4967c62050>,1,0,"[{'n_iter': 200, 'patience': 100, 'input_size': 1, 'h_sizes': [40, 40]}]",[<class 'models.NueralNet'>],300,1,False,False,,,0.9,,,,,,,200,357,281,219,1.0,0.7117437722419928,0.993006993006993,0.6484018264840183,naive_on_y
0.9,100,500,False,True,False,False,"{'transform_func': <function transform_X at 0x7f496a613370>, 'beta': array([1, 2, 3, 4]), 'uniform_range_x': [-2, 2]}",<function generate_sim_data at 0x7f4967c62050>,1,0,"[{'n_iter': 200, 'patience': 100, 'input_size': 1, 'h_sizes': [40, 40]}]",[<class 'models.NueralNet'>],300,1,False,True,True,True,0.9000000000000341,0.9633333333333334,0.8599999999999999,0.9000000000000341,0.9633333333333334,0.9733333333333334,9.0,236,294,260,240,1.0,0.9076923076923077,1.0,0.8583333333333334,CS_on_mean
0.9,100,500,False,True,False,False,"{'transform_func': <function transform_X at 0x7f496a613370>, 'beta': array([1, 2, 3, 4]), 'uniform_range_x': [-2, 2]}",<function generate_sim_data at 0x7f4967c62050>,1,0,"[{'n_iter': 200, 'patience': 100, 'input_size': 1, 'h_sizes': [40, 40]}]",[<class 'models.NueralNet'>],300,1,False,True,,,0.9,,,,,,,243,284,260,240,1.0,0.9346153846153846,1.0,0.9,naive_on_mean
0.9,100,500,False,True,False,False,"{'transform_func': <function transform_X at 0x7f496a613370>, 'beta': array([1, 2, 3, 4]), 'uniform_range_x': [-2, 2]}",<function generate_sim_data at 0x7f4967c62050>,1,0,"[{'n_iter': 200, 'patience': 100, 'input_size': 1, 'h_sizes': [40, 40]}]",[<class 'models.NueralNet'>],300,1,False,True,True,True,0.9000000000000341,0.95,0.8399999999999999,0.9000000000000341,0.95,0.9966666666666667,66.0,131,500,254,246,1.0,0.515748031496063,1.0,0.0,CS_on_y
0.9,100,500,False,True,False,False,"{'transform_func': <function transform_X at 0x7f496a613370>, 'beta': array([1, 2, 3, 4]), 'uniform_range_x': [-2, 2]}",<function generate_sim_data at 0x7f4967c62050>,1,0,"[{'n_iter': 200, 'patience': 100, 'input_size': 1, 'h_sizes': [40, 40]}]",[<class 'models.NueralNet'>],300,1,False,True,,,0.9,,,,,,,188,352,254,246,1.0,0.7401574803149606,1.0,0.6016260162601625,naive_on_y
0.9,100,500,False,True,False,False,"{'transform_func': <function transform_X at 0x7f496a613370>, 'beta': array([1, 2, 3, 4]), 'uniform_range_x': [-2, 2]}",<function generate_sim_data at 0x7f4967c62050>,1,0,"[{'n_iter': 200, 'patience': 100, 'input_size': 1, 'h_sizes': [40, 40]}]",[<class 'models.NueralNet'>],300,1,False,True,True,True,0.9000000000000341,0.99,0.94,0.9000000000000341,0.99,0.9933333333333333,4.0,224,289,257,243,1.0,0.8715953307392996,1.0,0.868312757201646,CS_on_mean
0.9,100,500,False,True,False,False,"{'transform_func': <function transform_X at 0x7f496a613370>, 'beta': array([1, 2, 3, 4]), 'uniform_range_x': [-2, 2]}",<function generate_sim_data at 0x7f4967c62050>,1,0,"[{'n_iter': 200, 'patience': 100, 'input_size': 1, 'h_sizes': [40, 40]}]",[<class 'models.NueralNet'>],300,1,False,True,,,0.9,,,,,,,247,278,257,243,1.0,0.9610894941634242,1.0,0.9135802469135803,naive_on_mean
0.9,100,500,False,True,False,False,"{'transform_func': <function transform_X at 0x7f496a613370>, 'beta': array([1, 2, 3, 4]), 'uniform_range_x': [-2, 2]}",<function generate_sim_data at 0x7f4967c62050>,1,0,"[{'n_iter': 200, 'patience': 100, 'input_size': 1, 'h_sizes': [40, 40]}]",[<class 'models.NueralNet'>],300,1,False,True,True,True,0.9000000000000341,0.97,0.7833333333333332,0.9000000000000341,0.97,0.9933333333333333,11.0,139,377,253,247,1.0,0.5494071146245059,1.0,0.49797570850202433,CS_on_y
0.9,100,500,False,True,False,False,"{'transform_func': <function transform_X at 0x7f496a613370>, 'beta': array([1, 2, 3, 4]), 'uniform_range_x': [-2, 2]}",<function generate_sim_data at 0x7f4967c62050>,1,0,"[{'n_iter': 200, 'patience': 100, 'input_size': 1, 'h_sizes': [40, 40]}]",[<class 'models.NueralNet'>],300,1,False,False,,,0.9,,,,,,,194,318,253,247,0.9948453608247423,0.7628458498023716,1.0,0.736842105263158,naive_on_y
0.9,100,500,False,True,False,False,"{'transform_func': <function transform_X at 0x7f496a613370>, 'beta': array([1, 2, 3, 4]), 'uniform_range_x': [-2, 2]}",<function generate_sim_data at 0x7f4967c62050>,1,0,"[{'n_iter': 200, 'patience': 100, 'input_size': 1, 'h_sizes': [40, 40]}]",[<class 'models.NueralNet'>],300,1,False,True,True,True,0.8999999999999773,0.9633333333333334,0.7833333333333332,0.8999999999999773,0.9633333333333334,0.99,5.0,247,292,263,237,1.0,0.9391634980988594,1.0,0.8776371308016877,CS_on_mean
0.9,100,500,False,True,False,False,"{'transform_func': <function transform_X at 0x7f496a613370>, 'beta': array([1, 2, 3, 4]), 'uniform_range_x': [-2, 2]}",<function generate_sim_data at 0x7f4967c62050>,1,0,"[{'n_iter': 200, 'patience': 100, 'input_size': 1, 'h_sizes': [40, 40]}]",[<class 'models.NueralNet'>],300,1,False,True,,,0.9,,,,,,,242,280,263,237,1.0,0.9201520912547528,1.0,0.9282700421940928,naive_on_mean
0.9,100,500,False,True,False,False,"{'transform_func': <function transform_X at 0x7f496a613370>, 'beta': array([1, 2, 3, 4]), 'uniform_range_x': [-2, 2]}",<function generate_sim_data at 0x7f4967c62050>,1,0,"[{'n_iter': 200, 'patience': 100, 'input_size': 1, 'h_sizes': [40, 40]}]",[<class 'models.NueralNet'>],300,1,False,True,True,True,0.9000000000000341,0.9766666666666667,0.8500000000000001,0.9000000000000341,0.9766666666666667,0.9966666666666667,34.0,174,388,268,232,1.0,0.6492537313432836,1.0,0.48275862068965514,CS_on_y
0.9,100,500,False,True,False,False,"{'transform_func': <function transform_X at 0x7f496a613370>, 'beta': array([1, 2, 3, 4]), 'uniform_range_x': [-2, 2]}",<function generate_sim_data at 0x7f4967c62050>,1,0,"[{'n_iter': 200, 'patience': 100, 'input_size': 1, 'h_sizes': [40, 40]}]",[<class 'models.NueralNet'>],300,1,False,True,,,0.9,,,,,,,205,334,268,232,1.0,0.7649253731343284,1.0,0.7155172413793103,naive_on_y
0.9,100,500,False,True,False,False,"{'transform_func': <function transform_X at 0x7f496a613370>, 'beta': array([1, 2, 3, 4]), 'uniform_range_x': [-2, 2]}",<function generate_sim_data at 0x7f4967c62050>,1,0,"[{'n_iter': 200, 'patience': 100, 'input_size': 1, 'h_sizes': [40, 40]}]",[<class 'models.NueralNet'>],300,1,False,True,True,True,0.8999999999999773,0.9566666666666667,0.7933333333333334,0.8999999999999773,0.9566666666666667,0.9766666666666667,5.0,248,305,273,227,1.0,0.9084249084249084,1.0,0.8590308370044053,CS_on_mean
0.9,100,500,False,True,False,False,"{'transform_func': <function transform_X at 0x7f496a613370>, 'beta': array([1, 2, 3, 4]), 'uniform_range_x': [-2, 2]}",<function generate_sim_data at 0x7f4967c62050>,1,0,"[{'n_iter': 200, 'patience': 100, 'input_size': 1, 'h_sizes': [40, 40]}]",[<class 'models.NueralNet'>],300,1,False,True,,,0.9,,,,,,,246,285,273,227,1.0,0.9010989010989011,1.0,0.947136563876652,naive_on_mean
0.9,100,500,False,True,False,False,"{'transform_func': <function transform_X at 0x7f496a613370>, 'beta': array([1, 2, 3, 4]), 'uniform_range_x': [-2, 2]}",<function generate_sim_data at 0x7f4967c62050>,1,0,"[{'n_iter': 200, 'patience': 100, 'input_size': 1, 'h_sizes': [40, 40]}]",[<class 'models.NueralNet'>],300,1,False,True,True,True,0.8999999999999773,0.9633333333333334,0.7200000000000002,0.8999999999999773,0.9633333333333334,1.0,15.0,142,456,270,230,1.0,0.5259259259259259,1.0,0.19130434782608696,CS_on_y
0.9,100,500,False,True,False,False,"{'transform_func': <function transform_X at 0x7f496a613370>, 'beta': array([1, 2, 3, 4]), 'uniform_range_x': [-2, 2]}",<function generate_sim_data at 0x7f4967c62050>,1,0,"[{'n_iter': 200, 'patience': 100, 'input_size': 1, 'h_sizes': [40, 40]}]",[<class 'models.NueralNet'>],300,1,False,True,,,0.9,,,,,,,195,382,270,230,1.0,0.7222222222222222,1.0,0.5130434782608695,naive_on_y
0.9,100,500,False,True,False,False,"{'transform_func': <function transform_X at 0x7f496a613370>, 'beta': array([1, 2, 3, 4]), 'uniform_range_x': [-2, 2]}",<function generate_sim_data at 0x7f4967c62050>,1,0,"[{'n_iter': 200, 'patience': 100, 'input_size': 1, 'h_sizes': [40, 40]}]",[<class 'models.NueralNet'>],300,1,False,True,True,True,0.9000000000000341,0.9666666666666667,0.8500000000000001,0.9000000000000341,0.9666666666666667,0.9766666666666667,5.0,231,303,265,235,1.0,0.8716981132075472,1.0,0.8382978723404255,CS_on_mean
0.9,100,500,False,True,False,False,"{'transform_func': <function transform_X at 0x7f496a613370>, 'beta': array([1, 2, 3, 4]), 'uniform_range_x': [-2, 2]}",<function generate_sim_data at 0x7f4967c62050>,1,0,"[{'n_iter': 200, 'patience': 100, 'input_size': 1, 'h_sizes': [40, 40]}]",[<class 'models.NueralNet'>],300,1,False,True,,,0.9,,,,,,,244,281,265,235,1.0,0.9207547169811321,1.0,0.9319148936170213,naive_on_mean
0.9,100,500,False,True,False,False,"{'transform_func': <function transform_X at 0x7f496a613370>, 'beta': array([1, 2, 3, 4]), 'uniform_range_x': [-2, 2]}",<function generate_sim_data at 0x7f4967c62050>,1,0,"[{'n_iter': 200, 'patience': 100, 'input_size': 1, 'h_sizes': [40, 40]}]",[<class 'models.NueralNet'>],300,1,False,True,True,True,0.8999999999999773,0.9733333333333334,0.8266666666666667,0.8999999999999773,0.9733333333333334,1.0,22.0,136,455,263,237,1.0,0.5171102661596958,1.0,0.189873417721519,CS_on_y
0.9,100,500,False,True,False,False,"{'transform_func': <function transform_X at 0x7f496a613370>, 'beta': array([1, 2, 3, 4]), 'uniform_range_x': [-2, 2]}",<function generate_sim_data at 0x7f4967c62050>,1,0,"[{'n_iter': 200, 'patience': 100, 'input_size': 1, 'h_sizes': [40, 40]}]",[<class 'models.NueralNet'>],300,1,False,False,,,0.9,,,,,,,192,402,263,237,0.9947916666666666,0.7262357414448669,1.0,0.4135021097046413,naive_on_y
0.9,100,500,False,True,False,False,"{'transform_func': <function transform_X at 0x7f496a613370>, 'beta': array([1, 2, 3, 4]), 'uniform_range_x': [-2, 2]}",<function generate_sim_data at 0x7f4967c62050>,1,0,"[{'n_iter': 200, 'patience': 100, 'input_size': 1, 'h_sizes': [40, 40]}]",[<class 'models.NueralNet'>],300,1,False,True,True,True,0.9000000000000341,0.9733333333333334,0.7966666666666669,0.9000000000000341,0.9733333333333334,0.9866666666666667,14.0,242,299,261,239,1.0,0.9272030651340997,1.0,0.8410041841004184,CS_on_mean
0.9,100,500,False,True,False,False,"{'transform_func': <function transform_X at 0x7f496a613370>, 'beta': array([1, 2, 3, 4]), 'uniform_range_x': [-2, 2]}",<function generate_sim_data at 0x7f4967c62050>,1,0,"[{'n_iter': 200, 'patience': 100, 'input_size': 1, 'h_sizes': [40, 40]}]",[<class 'models.NueralNet'>],300,1,False,True,,,0.9,,,,,,,247,294,261,239,1.0,0.946360153256705,1.0,0.8619246861924686,naive_on_mean
0.9,100,500,False,True,False,False,"{'transform_func': <function transform_X at 0x7f496a613370>, 'beta': array([1, 2, 3, 4]), 'uniform_range_x': [-2, 2]}",<function generate_sim_data at 0x7f4967c62050>,1,0,"[{'n_iter': 200, 'patience': 100, 'input_size': 1, 'h_sizes': [40, 40]}]",[<class 'models.NueralNet'>],300,1,False,True,True,True,0.9000000000000341,0.9533333333333334,0.8200000000000001,0.9000000000000341,0.9533333333333334,0.9966666666666667,39.0,159,415,265,235,1.0,0.6,1.0,0.36170212765957444,CS_on_y
0.9,100,500,False,True,False,False,"{'transform_func': <function transform_X at 0x7f496a613370>, 'beta': array([1, 2, 3, 4]), 'uniform_range_x': [-2, 2]}",<function generate_sim_data at 0x7f4967c62050>,1,0,"[{'n_iter': 200, 'patience': 100, 'input_size': 1, 'h_sizes': [40, 40]}]",[<class 'models.NueralNet'>],300,1,False,False,,,0.9,,,,,,,220,334,265,235,1.0,0.8301886792452831,0.9939759036144579,0.7021276595744681,naive_on_y
0.9,100,500,False,True,False,False,"{'transform_func': <function transform_X at 0x7f496a613370>, 'beta': array([1, 2, 3, 4]), 'uniform_range_x': [-2, 2]}",<function generate_sim_data at 0x7f4967c62050>,1,0,"[{'n_iter': 200, 'patience': 100, 'input_size': 1, 'h_sizes': [40, 40]}]",[<class 'models.NueralNet'>],300,1,False,True,True,True,0.9000000000000341,0.9733333333333334,0.8433333333333333,0.9000000000000341,0.9733333333333334,0.98,7.0,243,289,261,239,1.0,0.9310344827586207,1.0,0.8828451882845189,CS_on_mean
0.9,100,500,False,True,False,False,"{'transform_func': <function transform_X at 0x7f496a613370>, 'beta': array([1, 2, 3, 4]), 'uniform_range_x': [-2, 2]}",<function generate_sim_data at 0x7f4967c62050>,1,0,"[{'n_iter': 200, 'patience': 100, 'input_size': 1, 'h_sizes': [40, 40]}]",[<class 'models.NueralNet'>],300,1,False,True,,,0.9,,,,,,,249,287,261,239,1.0,0.9540229885057472,1.0,0.891213389121339,naive_on_mean
0.9,100,500,False,True,False,False,"{'transform_func': <function transform_X at 0x7f496a613370>, 'beta': array([1, 2, 3, 4]), 'uniform_range_x': [-2, 2]}",<function generate_sim_data at 0x7f4967c62050>,1,0,"[{'n_iter': 200, 'patience': 100, 'input_size': 1, 'h_sizes': [40, 40]}]",[<class 'models.NueralNet'>],300,1,False,True,True,True,0.8999999999999773,0.97,0.8500000000000001,0.8999999999999773,0.97,0.9966666666666667,21.0,174,366,265,235,1.0,0.6566037735849057,1.0,0.5702127659574467,CS_on_y
0.9,100,500,False,True,False,False,"{'transform_func': <function transform_X at 0x7f496a613370>, 'beta': array([1, 2, 3, 4]), 'uniform_range_x': [-2, 2]}",<function generate_sim_data at 0x7f4967c62050>,1,0,"[{'n_iter': 200, 'patience': 100, 'input_size': 1, 'h_sizes': [40, 40]}]",[<class 'models.NueralNet'>],300,1,False,True,,,0.9,,,,,,,205,327,265,235,1.0,0.7735849056603774,1.0,0.7361702127659575,naive_on_y
0.9,100,500,False,True,False,False,"{'transform_func': <function transform_X at 0x7f496a613370>, 'beta': array([1, 2, 3, 4]), 'uniform_range_x': [-2, 2]}",<function generate_sim_data at 0x7f4967c62050>,1,0,"[{'n_iter': 200, 'patience': 100, 'input_size': 1, 'h_sizes': [40, 40]}]",[<class 'models.NueralNet'>],300,1,False,True,True,True,0.9000000000000341,0.9566666666666667,0.7666666666666666,0.9000000000000341,0.9566666666666667,0.9766666666666667,6.0,252,331,281,219,1.0,0.896797153024911,1.0,0.771689497716895,CS_on_mean
0.9,100,500,False,True,False,False,"{'transform_func': <function transform_X at 0x7f496a613370>, 'beta': array([1, 2, 3, 4]), 'uniform_range_x': [-2, 2]}",<function generate_sim_data at 0x7f4967c62050>,1,0,"[{'n_iter': 200, 'patience': 100, 'input_size': 1, 'h_sizes': [40, 40]}]",[<class 'models.NueralNet'>],300,1,False,True,,,0.9,,,,,,,260,306,281,219,1.0,0.9252669039145908,1.0,0.8858447488584476,naive_on_mean
0.9,100,500,False,True,False,False,"{'transform_func': <function transform_X at 0x7f496a613370>, 'beta': array([1, 2, 3, 4]), 'uniform_range_x': [-2, 2]}",<function generate_sim_data at 0x7f4967c62050>,1,0,"[{'n_iter': 200, 'patience': 100, 'input_size': 1, 'h_sizes': [40, 40]}]",[<class 'models.NueralNet'>],300,1,False,True,True,True,0.9000000000000341,0.9666666666666667,0.7633333333333334,0.9000000000000341,0.9666666666666667,0.9933333333333333,23.0,147,480,288,212,1.0,0.5104166666666667,1.0,0.09433962264150941,CS_on_y
0.9,100,500,False,True,False,False,"{'transform_func': <function transform_X at 0x7f496a613370>, 'beta': array([1, 2, 3, 4]), 'uniform_range_x': [-2, 2]}",<function generate_sim_data at 0x7f4967c62050>,1,0,"[{'n_iter': 200, 'patience': 100, 'input_size': 1, 'h_sizes': [40, 40]}]",[<class 'models.NueralNet'>],300,1,False,True,,,0.9,,,,,,,200,374,288,212,1.0,0.6944444444444444,1.0,0.5943396226415094,naive_on_y
0.9,100,500,False,True,False,False,"{'transform_func': <function transform_X at 0x7f496a613370>, 'beta': array([1, 2, 3, 4]), 'uniform_range_x': [-2, 2]}",<function generate_sim_data at 0x7f4967c62050>,1,0,"[{'n_iter': 200, 'patience': 100, 'input_size': 1, 'h_sizes': [40, 40]}]",[<class 'models.NueralNet'>],300,1,False,True,True,True,0.9000000000000341,0.9766666666666667,0.8766666666666665,0.9000000000000341,0.9766666666666667,0.9966666666666667,5.0,230,299,256,244,1.0,0.8984375,1.0,0.8237704918032787,CS_on_mean
0.9,100,500,False,True,False,False,"{'transform_func': <function transform_X at 0x7f496a613370>, 'beta': array([1, 2, 3, 4]), 'uniform_range_x': [-2, 2]}",<function generate_sim_data at 0x7f4967c62050>,1,0,"[{'n_iter': 200, 'patience': 100, 'input_size': 1, 'h_sizes': [40, 40]}]",[<class 'models.NueralNet'>],300,1,False,True,,,0.9,,,,,,,247,275,256,244,1.0,0.96484375,1.0,0.9221311475409836,naive_on_mean
0.9,100,500,False,True,False,False,"{'transform_func': <function transform_X at 0x7f496a613370>, 'beta': array([1, 2, 3, 4]), 'uniform_range_x': [-2, 2]}",<function generate_sim_data at 0x7f4967c62050>,1,0,"[{'n_iter': 200, 'patience': 100, 'input_size': 1, 'h_sizes': [40, 40]}]",[<class 'models.NueralNet'>],300,1,False,True,True,True,0.8999999999999773,0.9766666666666667,0.8033333333333332,0.8999999999999773,0.9766666666666667,0.9966666666666667,15.0,151,385,253,247,1.0,0.5968379446640316,1.0,0.4655870445344129,CS_on_y
0.9,100,500,False,True,False,False,"{'transform_func': <function transform_X at 0x7f496a613370>, 'beta': array([1, 2, 3, 4]), 'uniform_range_x': [-2, 2]}",<function generate_sim_data at 0x7f4967c62050>,1,0,"[{'n_iter': 200, 'patience': 100, 'input_size': 1, 'h_sizes': [40, 40]}]",[<class 'models.NueralNet'>],300,1,False,False,,,0.9,,,,,,,210,335,253,247,0.9952380952380953,0.8260869565217391,1.0,0.6680161943319838,naive_on_y
0.9,100,500,False,True,False,False,"{'transform_func': <function transform_X at 0x7f496a613370>, 'beta': array([1, 2, 3, 4]), 'uniform_range_x': [-2, 2]}",<function generate_sim_data at 0x7f4967c62050>,1,0,"[{'n_iter': 200, 'patience': 100, 'input_size': 1, 'h_sizes': [40, 40]}]",[<class 'models.NueralNet'>],300,1,False,True,True,True,0.8999999999999773,0.9933333333333333,0.9666666666666668,0.8999999999999773,0.9933333333333333,1.0,3.0,221,412,281,219,1.0,0.7864768683274022,1.0,0.4018264840182648,CS_on_mean
0.9,100,500,False,True,False,False,"{'transform_func': <function transform_X at 0x7f496a613370>, 'beta': array([1, 2, 3, 4]), 'uniform_range_x': [-2, 2]}",<function generate_sim_data at 0x7f4967c62050>,1,0,"[{'n_iter': 200, 'patience': 100, 'input_size': 1, 'h_sizes': [40, 40]}]",[<class 'models.NueralNet'>],300,1,False,True,,,0.9,,,,,,,262,298,281,219,1.0,0.9323843416370107,1.0,0.9223744292237444,naive_on_mean
0.9,100,500,False,True,False,False,"{'transform_func': <function transform_X at 0x7f496a613370>, 'beta': array([1, 2, 3, 4]), 'uniform_range_x': [-2, 2]}",<function generate_sim_data at 0x7f4967c62050>,1,0,"[{'n_iter': 200, 'patience': 100, 'input_size': 1, 'h_sizes': [40, 40]}]",[<class 'models.NueralNet'>],300,1,False,True,True,True,0.8999999999999773,0.9833333333333333,0.9100000000000001,0.8999999999999773,0.9833333333333333,0.9966666666666667,84.0,141,475,286,214,1.0,0.493006993006993,1.0,0.11682242990654201,CS_on_y
0.9,100,500,False,True,False,False,"{'transform_func': <function transform_X at 0x7f496a613370>, 'beta': array([1, 2, 3, 4]), 'uniform_range_x': [-2, 2]}",<function generate_sim_data at 0x7f4967c62050>,1,0,"[{'n_iter': 200, 'patience': 100, 'input_size': 1, 'h_sizes': [40, 40]}]",[<class 'models.NueralNet'>],300,1,False,True,,,0.9,,,,,,,222,347,286,214,1.0,0.7762237762237763,1.0,0.7149532710280374,naive_on_y
0.9,100,500,False,True,False,False,"{'transform_func': <function transform_X at 0x7f496a613370>, 'beta': array([1, 2, 3, 4]), 'uniform_range_x': [-2, 2]}",<function generate_sim_data at 0x7f4967c62050>,1,0,"[{'n_iter': 200, 'patience': 100, 'input_size': 1, 'h_sizes': [40, 40]}]",[<class 'models.NueralNet'>],300,1,False,True,True,True,0.8999999999999773,0.96,0.7966666666666666,0.8999999999999773,0.96,0.9733333333333334,4.0,233,283,263,237,1.0,0.8859315589353612,1.0,0.9156118143459916,CS_on_mean
0.9,100,500,False,True,False,False,"{'transform_func': <function transform_X at 0x7f496a613370>, 'beta': array([1, 2, 3, 4]), 'uniform_range_x': [-2, 2]}",<function generate_sim_data at 0x7f4967c62050>,1,0,"[{'n_iter': 200, 'patience': 100, 'input_size': 1, 'h_sizes': [40, 40]}]",[<class 'models.NueralNet'>],300,1,False,True,,,0.9,,,,,,,248,284,263,237,1.0,0.9429657794676806,1.0,0.9113924050632911,naive_on_mean
0.9,100,500,False,True,False,False,"{'transform_func': <function transform_X at 0x7f496a613370>, 'beta': array([1, 2, 3, 4]), 'uniform_range_x': [-2, 2]}",<function generate_sim_data at 0x7f4967c62050>,1,0,"[{'n_iter': 200, 'patience': 100, 'input_size': 1, 'h_sizes': [40, 40]}]",[<class 'models.NueralNet'>],300,1,False,True,True,True,0.8999999999999773,0.98,0.8033333333333332,0.8999999999999773,0.98,0.9933333333333333,11.0,121,470,265,235,1.0,0.45660377358490567,1.0,0.12765957446808507,CS_on_y
0.9,100,500,False,True,False,False,"{'transform_func': <function transform_X at 0x7f496a613370>, 'beta': array([1, 2, 3, 4]), 'uniform_range_x': [-2, 2]}",<function generate_sim_data at 0x7f4967c62050>,1,0,"[{'n_iter': 200, 'patience': 100, 'input_size': 1, 'h_sizes': [40, 40]}]",[<class 'models.NueralNet'>],300,1,False,True,,,0.9,,,,,,,196,336,265,235,1.0,0.739622641509434,1.0,0.6978723404255319,naive_on_y
0.9,100,500,False,True,False,False,"{'transform_func': <function transform_X at 0x7f496a613370>, 'beta': array([1, 2, 3, 4]), 'uniform_range_x': [-2, 2]}",<function generate_sim_data at 0x7f4967c62050>,1,0,"[{'n_iter': 200, 'patience': 100, 'input_size': 1, 'h_sizes': [40, 40]}]",[<class 'models.NueralNet'>],300,1,False,False,False,True,0.9000000000000341,0.9766666666666667,0.9066666666666667,0.9000000000000341,0.9766666666666667,0.9833333333333333,20.0,239,369,278,222,1.0,0.8597122302158273,0.9923664122137404,0.5855855855855856,CS_on_mean
0.9,100,500,False,True,False,False,"{'transform_func': <function transform_X at 0x7f496a613370>, 'beta': array([1, 2, 3, 4]), 'uniform_range_x': [-2, 2]}",<function generate_sim_data at 0x7f4967c62050>,1,0,"[{'n_iter': 200, 'patience': 100, 'input_size': 1, 'h_sizes': [40, 40]}]",[<class 'models.NueralNet'>],300,1,False,True,,,0.9,,,,,,,261,303,278,222,1.0,0.9388489208633094,1.0,0.8873873873873874,naive_on_mean
0.9,100,500,False,True,False,False,"{'transform_func': <function transform_X at 0x7f496a613370>, 'beta': array([1, 2, 3, 4]), 'uniform_range_x': [-2, 2]}",<function generate_sim_data at 0x7f4967c62050>,1,0,"[{'n_iter': 200, 'patience': 100, 'input_size': 1, 'h_sizes': [40, 40]}]",[<class 'models.NueralNet'>],300,1,False,True,True,True,0.9000000000000341,0.9766666666666667,0.7766666666666668,0.9000000000000341,0.9766666666666667,1.0,31.0,136,500,285,215,1.0,0.4771929824561404,1.0,0.0,CS_on_y
0.9,100,500,False,True,False,False,"{'transform_func': <function transform_X at 0x7f496a613370>, 'beta': array([1, 2, 3, 4]), 'uniform_range_x': [-2, 2]}",<function generate_sim_data at 0x7f4967c62050>,1,0,"[{'n_iter': 200, 'patience': 100, 'input_size': 1, 'h_sizes': [40, 40]}]",[<class 'models.NueralNet'>],300,1,False,True,,,0.9,,,,,,,203,405,285,215,1.0,0.712280701754386,1.0,0.4418604651162791,naive_on_y
0.9,100,500,False,True,False,False,"{'transform_func': <function transform_X at 0x7f496a613370>, 'beta': array([1, 2, 3, 4]), 'uniform_range_x': [-2, 2]}",<function generate_sim_data at 0x7f4967c62050>,1,0,"[{'n_iter': 200, 'patience': 100, 'input_size': 1, 'h_sizes': [40, 40]}]",[<class 'models.NueralNet'>],300,1,False,False,False,True,0.8999999999999773,0.97,0.8066666666666666,0.8999999999999773,0.97,0.9766666666666667,4.0,244,293,255,245,0.9877049180327869,0.9450980392156862,1.0,0.8448979591836735,CS_on_mean
0.9,100,500,False,True,False,False,"{'transform_func': <function transform_X at 0x7f496a613370>, 'beta': array([1, 2, 3, 4]), 'uniform_range_x': [-2, 2]}",<function generate_sim_data at 0x7f4967c62050>,1,0,"[{'n_iter': 200, 'patience': 100, 'input_size': 1, 'h_sizes': [40, 40]}]",[<class 'models.NueralNet'>],300,1,False,False,,,0.9,,,,,,,243,274,255,245,0.9876543209876543,0.9411764705882353,1.0,0.9224489795918367,naive_on_mean
0.9,100,500,False,True,False,False,"{'transform_func': <function transform_X at 0x7f496a613370>, 'beta': array([1, 2, 3, 4]), 'uniform_range_x': [-2, 2]}",<function generate_sim_data at 0x7f4967c62050>,1,0,"[{'n_iter': 200, 'patience': 100, 'input_size': 1, 'h_sizes': [40, 40]}]",[<class 'models.NueralNet'>],300,1,False,True,True,True,0.9000000000000341,0.96,0.8133333333333335,0.9000000000000341,0.96,0.9933333333333333,31.0,179,434,259,241,1.0,0.6911196911196911,1.0,0.27385892116182575,CS_on_y
0.9,100,500,False,True,False,False,"{'transform_func': <function transform_X at 0x7f496a613370>, 'beta': array([1, 2, 3, 4]), 'uniform_range_x': [-2, 2]}",<function generate_sim_data at 0x7f4967c62050>,1,0,"[{'n_iter': 200, 'patience': 100, 'input_size': 1, 'h_sizes': [40, 40]}]",[<class 'models.NueralNet'>],300,1,False,False,,,0.9,,,,,,,205,326,259,241,1.0,0.7915057915057915,0.9942528735632183,0.7178423236514523,naive_on_y
0.9,100,500,False,True,False,False,"{'transform_func': <function transform_X at 0x7f496a613370>, 'beta': array([1, 2, 3, 4]), 'uniform_range_x': [-2, 2]}",<function generate_sim_data at 0x7f4967c62050>,1,0,"[{'n_iter': 200, 'patience': 100, 'input_size': 1, 'h_sizes': [40, 40]}]",[<class 'models.NueralNet'>],300,1,False,False,False,False,0.9000000000000199,0.9933333333333333,0.94,0.9000000000000199,0.9933333333333333,1.0,406.0,221,396,265,235,1.0,0.8339622641509434,0.9615384615384616,0.42553191489361697,CS_on_mean
0.9,100,500,False,True,False,False,"{'transform_func': <function transform_X at 0x7f496a613370>, 'beta': array([1, 2, 3, 4]), 'uniform_range_x': [-2, 2]}",<function generate_sim_data at 0x7f4967c62050>,1,0,"[{'n_iter': 200, 'patience': 100, 'input_size': 1, 'h_sizes': [40, 40]}]",[<class 'models.NueralNet'>],300,1,False,True,,,0.9,,,,,,,237,289,265,235,1.0,0.8943396226415095,1.0,0.8978723404255319,naive_on_mean
0.9,100,500,False,True,False,False,"{'transform_func': <function transform_X at 0x7f496a613370>, 'beta': array([1, 2, 3, 4]), 'uniform_range_x': [-2, 2]}",<function generate_sim_data at 0x7f4967c62050>,1,0,"[{'n_iter': 200, 'patience': 100, 'input_size': 1, 'h_sizes': [40, 40]}]",[<class 'models.NueralNet'>],300,1,False,True,True,True,0.9000000000000341,0.99,0.8999999999999999,0.9000000000000341,0.99,1.0,22.0,104,500,268,232,1.0,0.3880597014925373,1.0,0.0,CS_on_y
0.9,100,500,False,True,False,False,"{'transform_func': <function transform_X at 0x7f496a613370>, 'beta': array([1, 2, 3, 4]), 'uniform_range_x': [-2, 2]}",<function generate_sim_data at 0x7f4967c62050>,1,0,"[{'n_iter': 200, 'patience': 100, 'input_size': 1, 'h_sizes': [40, 40]}]",[<class 'models.NueralNet'>],300,1,False,True,,,0.9,,,,,,,187,432,268,232,1.0,0.6977611940298507,1.0,0.2931034482758621,naive_on_y
0.9,100,500,False,True,False,False,"{'transform_func': <function transform_X at 0x7f496a613370>, 'beta': array([1, 2, 3, 4]), 'uniform_range_x': [-2, 2]}",<function generate_sim_data at 0x7f4967c62050>,1,0,"[{'n_iter': 200, 'patience': 100, 'input_size': 1, 'h_sizes': [40, 40]}]",[<class 'models.NueralNet'>],300,1,False,True,True,True,0.9000000000000341,0.97,0.79,0.9000000000000341,0.97,0.9666666666666667,4.0,248,296,264,236,1.0,0.9393939393939394,1.0,0.864406779661017,CS_on_mean
0.9,100,500,False,True,False,False,"{'transform_func': <function transform_X at 0x7f496a613370>, 'beta': array([1, 2, 3, 4]), 'uniform_range_x': [-2, 2]}",<function generate_sim_data at 0x7f4967c62050>,1,0,"[{'n_iter': 200, 'patience': 100, 'input_size': 1, 'h_sizes': [40, 40]}]",[<class 'models.NueralNet'>],300,1,False,True,,,0.9,,,,,,,253,295,264,236,1.0,0.9583333333333334,1.0,0.8686440677966102,naive_on_mean
0.9,100,500,False,True,False,False,"{'transform_func': <function transform_X at 0x7f496a613370>, 'beta': array([1, 2, 3, 4]), 'uniform_range_x': [-2, 2]}",<function generate_sim_data at 0x7f4967c62050>,1,0,"[{'n_iter': 200, 'patience': 100, 'input_size': 1, 'h_sizes': [40, 40]}]",[<class 'models.NueralNet'>],300,1,False,True,True,True,0.9000000000000341,0.9633333333333334,0.7133333333333334,0.9000000000000341,0.9633333333333334,0.99,23.0,134,456,268,232,1.0,0.5,1.0,0.18965517241379315,CS_on_y
0.9,100,500,False,True,False,False,"{'transform_func': <function transform_X at 0x7f496a613370>, 'beta': array([1, 2, 3, 4]), 'uniform_range_x': [-2, 2]}",<function generate_sim_data at 0x7f4967c62050>,1,0,"[{'n_iter': 200, 'patience': 100, 'input_size': 1, 'h_sizes': [40, 40]}]",[<class 'models.NueralNet'>],300,1,False,False,,,0.9,,,,,,,205,376,268,232,0.9951219512195122,0.7611940298507462,1.0,0.5344827586206897,naive_on_y
0.9,100,500,False,True,False,False,"{'transform_func': <function transform_X at 0x7f496a613370>, 'beta': array([1, 2, 3, 4]), 'uniform_range_x': [-2, 2]}",<function generate_sim_data at 0x7f4967c62050>,1,0,"[{'n_iter': 200, 'patience': 100, 'input_size': 1, 'h_sizes': [40, 40]}]",[<class 'models.NueralNet'>],300,1,False,False,True,True,0.8999999999999773,0.9733333333333334,0.8799999999999999,0.8999999999999773,0.9733333333333334,0.99,8.0,245,409,278,222,0.9959183673469387,0.8776978417266187,1.0,0.40990990990990994,CS_on_mean
0.9,100,500,False,True,False,False,"{'transform_func': <function transform_X at 0x7f496a613370>, 'beta': array([1, 2, 3, 4]), 'uniform_range_x': [-2, 2]}",<function generate_sim_data at 0x7f4967c62050>,1,0,"[{'n_iter': 200, 'patience': 100, 'input_size': 1, 'h_sizes': [40, 40]}]",[<class 'models.NueralNet'>],300,1,False,False,,,0.9,,,,,,,256,299,278,222,0.9921875,0.9136690647482014,1.0,0.9054054054054054,naive_on_mean
0.9,100,500,False,True,False,False,"{'transform_func': <function transform_X at 0x7f496a613370>, 'beta': array([1, 2, 3, 4]), 'uniform_range_x': [-2, 2]}",<function generate_sim_data at 0x7f4967c62050>,1,0,"[{'n_iter': 200, 'patience': 100, 'input_size': 1, 'h_sizes': [40, 40]}]",[<class 'models.NueralNet'>],300,1,False,True,True,True,0.9000000000000341,0.9666666666666667,0.7733333333333334,0.9000000000000341,0.9666666666666667,0.9966666666666667,24.0,120,492,273,227,1.0,0.43956043956043955,1.0,0.03524229074889873,CS_on_y
0.9,100,500,False,True,False,False,"{'transform_func': <function transform_X at 0x7f496a613370>, 'beta': array([1, 2, 3, 4]), 'uniform_range_x': [-2, 2]}",<function generate_sim_data at 0x7f4967c62050>,1,0,"[{'n_iter': 200, 'patience': 100, 'input_size': 1, 'h_sizes': [40, 40]}]",[<class 'models.NueralNet'>],300,1,False,True,,,0.9,,,,,,,205,415,273,227,1.0,0.7509157509157509,1.0,0.3744493392070485,naive_on_y
0.9,100,500,False,True,False,False,"{'transform_func': <function transform_X at 0x7f496a613370>, 'beta': array([1, 2, 3, 4]), 'uniform_range_x': [-2, 2]}",<function generate_sim_data at 0x7f4967c62050>,1,0,"[{'n_iter': 200, 'patience': 100, 'input_size': 1, 'h_sizes': [40, 40]}]",[<class 'models.NueralNet'>],300,1,False,True,True,True,0.8999999999999773,0.99,0.9333333333333331,0.8999999999999773,0.99,0.9966666666666667,13.0,220,391,265,235,1.0,0.8301886792452831,1.0,0.46382978723404256,CS_on_mean
0.9,100,500,False,True,False,False,"{'transform_func': <function transform_X at 0x7f496a613370>, 'beta': array([1, 2, 3, 4]), 'uniform_range_x': [-2, 2]}",<function generate_sim_data at 0x7f4967c62050>,1,0,"[{'n_iter': 200, 'patience': 100, 'input_size': 1, 'h_sizes': [40, 40]}]",[<class 'models.NueralNet'>],300,1,False,True,,,0.9,,,,,,,248,281,265,235,1.0,0.9358490566037736,1.0,0.9319148936170213,naive_on_mean
0.9,100,500,False,True,False,False,"{'transform_func': <function transform_X at 0x7f496a613370>, 'beta': array([1, 2, 3, 4]), 'uniform_range_x': [-2, 2]}",<function generate_sim_data at 0x7f4967c62050>,1,0,"[{'n_iter': 200, 'patience': 100, 'input_size': 1, 'h_sizes': [40, 40]}]",[<class 'models.NueralNet'>],300,1,False,True,True,True,0.9000000000000341,0.9833333333333333,0.9133333333333333,0.9000000000000341,0.9833333333333333,1.0,21.0,96,500,269,231,1.0,0.3568773234200744,1.0,0.0,CS_on_y
0.9,100,500,False,True,False,False,"{'transform_func': <function transform_X at 0x7f496a613370>, 'beta': array([1, 2, 3, 4]), 'uniform_range_x': [-2, 2]}",<function generate_sim_data at 0x7f4967c62050>,1,0,"[{'n_iter': 200, 'patience': 100, 'input_size': 1, 'h_sizes': [40, 40]}]",[<class 'models.NueralNet'>],300,1,False,False,,,0.9,,,,,,,205,349,269,231,0.9951219512195122,0.758364312267658,1.0,0.6536796536796536,naive_on_y
0.9,100,500,False,True,False,False,"{'transform_func': <function transform_X at 0x7f496a613370>, 'beta': array([1, 2, 3, 4]), 'uniform_range_x': [-2, 2]}",<function generate_sim_data at 0x7f4967c62050>,1,0,"[{'n_iter': 200, 'patience': 100, 'input_size': 1, 'h_sizes': [40, 40]}]",[<class 'models.NueralNet'>],300,1,False,True,True,True,0.9000000000000341,0.9766666666666667,0.9066666666666667,0.9000000000000341,0.9766666666666667,1.0,7.0,235,334,264,236,1.0,0.8901515151515151,1.0,0.7033898305084746,CS_on_mean
0.9,100,500,False,True,False,False,"{'transform_func': <function transform_X at 0x7f496a613370>, 'beta': array([1, 2, 3, 4]), 'uniform_range_x': [-2, 2]}",<function generate_sim_data at 0x7f4967c62050>,1,0,"[{'n_iter': 200, 'patience': 100, 'input_size': 1, 'h_sizes': [40, 40]}]",[<class 'models.NueralNet'>],300,1,False,True,,,0.9,,,,,,,249,297,264,236,1.0,0.9431818181818182,1.0,0.8601694915254238,naive_on_mean
0.9,100,500,False,True,False,False,"{'transform_func': <function transform_X at 0x7f496a613370>, 'beta': array([1, 2, 3, 4]), 'uniform_range_x': [-2, 2]}",<function generate_sim_data at 0x7f4967c62050>,1,0,"[{'n_iter': 200, 'patience': 100, 'input_size': 1, 'h_sizes': [40, 40]}]",[<class 'models.NueralNet'>],300,1,False,True,True,True,0.9000000000000341,0.97,0.7133333333333334,0.9000000000000341,0.97,0.9866666666666667,19.0,122,453,268,232,1.0,0.4552238805970149,1.0,0.2025862068965517,CS_on_y
0.9,100,500,False,True,False,False,"{'transform_func': <function transform_X at 0x7f496a613370>, 'beta': array([1, 2, 3, 4]), 'uniform_range_x': [-2, 2]}",<function generate_sim_data at 0x7f4967c62050>,1,0,"[{'n_iter': 200, 'patience': 100, 'input_size': 1, 'h_sizes': [40, 40]}]",[<class 'models.NueralNet'>],300,1,False,True,,,0.9,,,,,,,196,408,268,232,1.0,0.7313432835820896,1.0,0.39655172413793105,naive_on_y
0.9,100,500,False,True,False,False,"{'transform_func': <function transform_X at 0x7f496a613370>, 'beta': array([1, 2, 3, 4]), 'uniform_range_x': [-2, 2]}",<function generate_sim_data at 0x7f4967c62050>,1,0,"[{'n_iter': 200, 'patience': 100, 'input_size': 1, 'h_sizes': [40, 40]}]",[<class 'models.NueralNet'>],300,1,False,True,True,True,0.9000000000000341,0.98,0.6799999999999999,0.9000000000000341,0.98,0.9733333333333334,1.0,229,267,252,248,1.0,0.9087301587301587,1.0,0.939516129032258,CS_on_mean
0.9,100,500,False,True,False,False,"{'transform_func': <function transform_X at 0x7f496a613370>, 'beta': array([1, 2, 3, 4]), 'uniform_range_x': [-2, 2]}",<function generate_sim_data at 0x7f4967c62050>,1,0,"[{'n_iter': 200, 'patience': 100, 'input_size': 1, 'h_sizes': [40, 40]}]",[<class 'models.NueralNet'>],300,1,False,True,,,0.9,,,,,,,235,271,252,248,1.0,0.9325396825396826,1.0,0.9233870967741935,naive_on_mean
0.9,100,500,False,True,False,False,"{'transform_func': <function transform_X at 0x7f496a613370>, 'beta': array([1, 2, 3, 4]), 'uniform_range_x': [-2, 2]}",<function generate_sim_data at 0x7f4967c62050>,1,0,"[{'n_iter': 200, 'patience': 100, 'input_size': 1, 'h_sizes': [40, 40]}]",[<class 'models.NueralNet'>],300,1,False,True,True,True,0.9000000000000341,0.9866666666666667,0.8199999999999998,0.9000000000000341,0.9866666666666667,0.9966666666666667,22.0,137,485,253,247,1.0,0.541501976284585,1.0,0.06072874493927127,CS_on_y
0.9,100,500,False,True,False,False,"{'transform_func': <function transform_X at 0x7f496a613370>, 'beta': array([1, 2, 3, 4]), 'uniform_range_x': [-2, 2]}",<function generate_sim_data at 0x7f4967c62050>,1,0,"[{'n_iter': 200, 'patience': 100, 'input_size': 1, 'h_sizes': [40, 40]}]",[<class 'models.NueralNet'>],300,1,False,True,,,0.9,,,,,,,200,403,253,247,1.0,0.7905138339920948,1.0,0.3927125506072875,naive_on_y
0.9,100,500,False,True,False,False,"{'transform_func': <function transform_X at 0x7f496a613370>, 'beta': array([1, 2, 3, 4]), 'uniform_range_x': [-2, 2]}",<function generate_sim_data at 0x7f4967c62050>,1,0,"[{'n_iter': 200, 'patience': 100, 'input_size': 1, 'h_sizes': [40, 40]}]",[<class 'models.NueralNet'>],300,1,False,True,True,True,0.9000000000000341,0.9633333333333334,0.7766666666666666,0.9000000000000341,0.9633333333333334,0.98,10.0,259,329,285,215,1.0,0.9087719298245613,1.0,0.7953488372093023,CS_on_mean
0.9,100,500,False,True,False,False,"{'transform_func': <function transform_X at 0x7f496a613370>, 'beta': array([1, 2, 3, 4]), 'uniform_range_x': [-2, 2]}",<function generate_sim_data at 0x7f4967c62050>,1,0,"[{'n_iter': 200, 'patience': 100, 'input_size': 1, 'h_sizes': [40, 40]}]",[<class 'models.NueralNet'>],300,1,False,True,,,0.9,,,,,,,246,293,285,215,1.0,0.8631578947368421,1.0,0.9627906976744186,naive_on_mean
0.9,100,500,False,True,False,False,"{'transform_func': <function transform_X at 0x7f496a613370>, 'beta': array([1, 2, 3, 4]), 'uniform_range_x': [-2, 2]}",<function generate_sim_data at 0x7f4967c62050>,1,0,"[{'n_iter': 200, 'patience': 100, 'input_size': 1, 'h_sizes': [40, 40]}]",[<class 'models.NueralNet'>],300,1,False,True,True,True,0.9000000000000341,0.9733333333333334,0.7633333333333332,0.9000000000000341,0.9733333333333334,0.99,30.0,163,435,284,216,1.0,0.573943661971831,1.0,0.30092592592592593,CS_on_y
0.9,100,500,False,True,False,False,"{'transform_func': <function transform_X at 0x7f496a613370>, 'beta': array([1, 2, 3, 4]), 'uniform_range_x': [-2, 2]}",<function generate_sim_data at 0x7f4967c62050>,1,0,"[{'n_iter': 200, 'patience': 100, 'input_size': 1, 'h_sizes': [40, 40]}]",[<class 'models.NueralNet'>],300,1,False,False,,,0.9,,,,,,,206,339,284,216,1.0,0.7253521126760563,0.9937888198757764,0.7407407407407407,naive_on_y
0.9,100,500,False,True,False,False,"{'transform_func': <function transform_X at 0x7f496a613370>, 'beta': array([1, 2, 3, 4]), 'uniform_range_x': [-2, 2]}",<function generate_sim_data at 0x7f4967c62050>,1,0,"[{'n_iter': 200, 'patience': 100, 'input_size': 1, 'h_sizes': [40, 40]}]",[<class 'models.NueralNet'>],300,1,False,True,False,True,0.900000000000091,0.98,0.8900000000000001,0.900000000000091,0.98,0.9966666666666667,6.0,250,378,284,216,1.0,0.8802816901408451,1.0,0.5648148148148149,CS_on_mean
0.9,100,500,False,True,False,False,"{'transform_func': <function transform_X at 0x7f496a613370>, 'beta': array([1, 2, 3, 4]), 'uniform_range_x': [-2, 2]}",<function generate_sim_data at 0x7f4967c62050>,1,0,"[{'n_iter': 200, 'patience': 100, 'input_size': 1, 'h_sizes': [40, 40]}]",[<class 'models.NueralNet'>],300,1,False,True,,,0.9,,,,,,,263,295,284,216,1.0,0.926056338028169,1.0,0.9490740740740741,naive_on_mean
0.9,100,500,False,True,False,False,"{'transform_func': <function transform_X at 0x7f496a613370>, 'beta': array([1, 2, 3, 4]), 'uniform_range_x': [-2, 2]}",<function generate_sim_data at 0x7f4967c62050>,1,0,"[{'n_iter': 200, 'patience': 100, 'input_size': 1, 'h_sizes': [40, 40]}]",[<class 'models.NueralNet'>],300,1,False,True,True,True,0.9000000000000341,0.9866666666666667,0.8466666666666667,0.9000000000000341,0.9866666666666667,0.9966666666666667,30.0,149,490,278,222,1.0,0.5359712230215827,1.0,0.04504504504504503,CS_on_y
0.9,100,500,False,True,False,False,"{'transform_func': <function transform_X at 0x7f496a613370>, 'beta': array([1, 2, 3, 4]), 'uniform_range_x': [-2, 2]}",<function generate_sim_data at 0x7f4967c62050>,1,0,"[{'n_iter': 200, 'patience': 100, 'input_size': 1, 'h_sizes': [40, 40]}]",[<class 'models.NueralNet'>],300,1,False,True,,,0.9,,,,,,,213,343,278,222,1.0,0.7661870503597122,1.0,0.7072072072072072,naive_on_y
0.9,100,500,False,True,False,False,"{'transform_func': <function transform_X at 0x7f496a613370>, 'beta': array([1, 2, 3, 4]), 'uniform_range_x': [-2, 2]}",<function generate_sim_data at 0x7f4967c62050>,1,0,"[{'n_iter': 200, 'patience': 100, 'input_size': 1, 'h_sizes': [40, 40]}]",[<class 'models.NueralNet'>],300,1,False,True,True,True,0.9000000000000341,0.95,0.7166666666666668,0.9000000000000341,0.95,0.95,2.0,232,285,257,243,1.0,0.9027237354085603,1.0,0.8847736625514403,CS_on_mean
0.9,100,500,False,True,False,False,"{'transform_func': <function transform_X at 0x7f496a613370>, 'beta': array([1, 2, 3, 4]), 'uniform_range_x': [-2, 2]}",<function generate_sim_data at 0x7f4967c62050>,1,0,"[{'n_iter': 200, 'patience': 100, 'input_size': 1, 'h_sizes': [40, 40]}]",[<class 'models.NueralNet'>],300,1,False,False,,,0.9,,,,,,,239,278,257,243,1.0,0.9299610894941635,0.9954954954954955,0.9094650205761317,naive_on_mean
0.9,100,500,False,True,False,False,"{'transform_func': <function transform_X at 0x7f496a613370>, 'beta': array([1, 2, 3, 4]), 'uniform_range_x': [-2, 2]}",<function generate_sim_data at 0x7f4967c62050>,1,0,"[{'n_iter': 200, 'patience': 100, 'input_size': 1, 'h_sizes': [40, 40]}]",[<class 'models.NueralNet'>],300,1,False,True,True,True,0.9000000000000341,0.95,0.7633333333333332,0.9000000000000341,0.95,0.9933333333333333,18.0,175,384,256,244,1.0,0.68359375,1.0,0.47540983606557374,CS_on_y
0.9,100,500,False,True,False,False,"{'transform_func': <function transform_X at 0x7f496a613370>, 'beta': array([1, 2, 3, 4]), 'uniform_range_x': [-2, 2]}",<function generate_sim_data at 0x7f4967c62050>,1,0,"[{'n_iter': 200, 'patience': 100, 'input_size': 1, 'h_sizes': [40, 40]}]",[<class 'models.NueralNet'>],300,1,False,True,,,0.9,,,,,,,207,323,256,244,1.0,0.80859375,1.0,0.7254098360655737,naive_on_y
0.9,100,500,False,True,False,False,"{'transform_func': <function transform_X at 0x7f496a613370>, 'beta': array([1, 2, 3, 4]), 'uniform_range_x': [-2, 2]}",<function generate_sim_data at 0x7f4967c62050>,1,0,"[{'n_iter': 200, 'patience': 100, 'input_size': 1, 'h_sizes': [40, 40]}]",[<class 'models.NueralNet'>],300,1,False,True,True,True,0.9000000000000341,0.97,0.8599999999999999,0.9000000000000341,0.97,0.98,5.0,242,289,264,236,1.0,0.9166666666666666,1.0,0.8940677966101696,CS_on_mean
0.9,100,500,False,True,False,False,"{'transform_func': <function transform_X at 0x7f496a613370>, 'beta': array([1, 2, 3, 4]), 'uniform_range_x': [-2, 2]}",<function generate_sim_data at 0x7f4967c62050>,1,0,"[{'n_iter': 200, 'patience': 100, 'input_size': 1, 'h_sizes': [40, 40]}]",[<class 'models.NueralNet'>],300,1,False,True,,,0.9,,,,,,,248,280,264,236,1.0,0.9393939393939394,1.0,0.9322033898305084,naive_on_mean
0.9,100,500,False,True,False,False,"{'transform_func': <function transform_X at 0x7f496a613370>, 'beta': array([1, 2, 3, 4]), 'uniform_range_x': [-2, 2]}",<function generate_sim_data at 0x7f4967c62050>,1,0,"[{'n_iter': 200, 'patience': 100, 'input_size': 1, 'h_sizes': [40, 40]}]",[<class 'models.NueralNet'>],300,1,False,True,True,True,0.8999999999999773,0.9733333333333334,0.8666666666666667,0.8999999999999773,0.9733333333333334,0.9933333333333333,11.0,151,384,267,233,1.0,0.5655430711610487,1.0,0.49785407725321884,CS_on_y
0.9,100,500,False,True,False,False,"{'transform_func': <function transform_X at 0x7f496a613370>, 'beta': array([1, 2, 3, 4]), 'uniform_range_x': [-2, 2]}",<function generate_sim_data at 0x7f4967c62050>,1,0,"[{'n_iter': 200, 'patience': 100, 'input_size': 1, 'h_sizes': [40, 40]}]",[<class 'models.NueralNet'>],300,1,False,True,,,0.9,,,,,,,205,329,267,233,1.0,0.7677902621722846,1.0,0.7339055793991416,naive_on_y
0.9,100,500,False,True,False,False,"{'transform_func': <function transform_X at 0x7f496a613370>, 'beta': array([1, 2, 3, 4]), 'uniform_range_x': [-2, 2]}",<function generate_sim_data at 0x7f4967c62050>,1,0,"[{'n_iter': 200, 'patience': 100, 'input_size': 1, 'h_sizes': [40, 40]}]",[<class 'models.NueralNet'>],300,1,False,True,True,True,0.9000000000000341,0.9433333333333334,0.8133333333333332,0.9000000000000341,0.9433333333333334,0.97,17.0,253,291,261,239,1.0,0.9693486590038314,1.0,0.8744769874476988,CS_on_mean
0.9,100,500,False,True,False,False,"{'transform_func': <function transform_X at 0x7f496a613370>, 'beta': array([1, 2, 3, 4]), 'uniform_range_x': [-2, 2]}",<function generate_sim_data at 0x7f4967c62050>,1,0,"[{'n_iter': 200, 'patience': 100, 'input_size': 1, 'h_sizes': [40, 40]}]",[<class 'models.NueralNet'>],300,1,False,True,,,0.9,,,,,,,249,280,261,239,1.0,0.9540229885057472,1.0,0.9205020920502092,naive_on_mean
0.9,100,500,False,True,False,False,"{'transform_func': <function transform_X at 0x7f496a613370>, 'beta': array([1, 2, 3, 4]), 'uniform_range_x': [-2, 2]}",<function generate_sim_data at 0x7f4967c62050>,1,0,"[{'n_iter': 200, 'patience': 100, 'input_size': 1, 'h_sizes': [40, 40]}]",[<class 'models.NueralNet'>],300,1,False,True,True,True,0.8999999999999773,0.96,0.8066666666666666,0.8999999999999773,0.96,1.0,29.0,165,442,269,231,1.0,0.6133828996282528,1.0,0.25108225108225113,CS_on_y
0.9,100,500,False,True,False,False,"{'transform_func': <function transform_X at 0x7f496a613370>, 'beta': array([1, 2, 3, 4]), 'uniform_range_x': [-2, 2]}",<function generate_sim_data at 0x7f4967c62050>,1,0,"[{'n_iter': 200, 'patience': 100, 'input_size': 1, 'h_sizes': [40, 40]}]",[<class 'models.NueralNet'>],300,1,False,False,,,0.9,,,,,,,203,326,269,231,1.0,0.7546468401486989,0.9885057471264368,0.7445887445887446,naive_on_y
0.9,100,500,False,True,False,False,"{'transform_func': <function transform_X at 0x7f496a613370>, 'beta': array([1, 2, 3, 4]), 'uniform_range_x': [-2, 2]}",<function generate_sim_data at 0x7f4967c62050>,1,0,"[{'n_iter': 200, 'patience': 100, 'input_size': 1, 'h_sizes': [40, 40]}]",[<class 'models.NueralNet'>],300,1,False,True,False,True,0.9000000000000341,0.9966666666666667,0.9733333333333334,0.9000000000000341,0.9966666666666667,0.9966666666666667,44.0,212,300,266,234,1.0,0.7969924812030076,1.0,0.8547008547008547,CS_on_mean
0.9,100,500,False,True,False,False,"{'transform_func': <function transform_X at 0x7f496a613370>, 'beta': array([1, 2, 3, 4]), 'uniform_range_x': [-2, 2]}",<function generate_sim_data at 0x7f4967c62050>,1,0,"[{'n_iter': 200, 'patience': 100, 'input_size': 1, 'h_sizes': [40, 40]}]",[<class 'models.NueralNet'>],300,1,False,True,,,0.9,,,,,,,241,286,266,234,1.0,0.9060150375939849,1.0,0.9145299145299145,naive_on_mean
0.9,100,500,False,True,False,False,"{'transform_func': <function transform_X at 0x7f496a613370>, 'beta': array([1, 2, 3, 4]), 'uniform_range_x': [-2, 2]}",<function generate_sim_data at 0x7f4967c62050>,1,0,"[{'n_iter': 200, 'patience': 100, 'input_size': 1, 'h_sizes': [40, 40]}]",[<class 'models.NueralNet'>],300,1,False,True,True,True,0.8999999999999773,0.98,0.9099999999999999,0.8999999999999773,0.98,0.9933333333333333,67.0,103,417,270,230,1.0,0.38148148148148153,1.0,0.36086956521739133,CS_on_y
0.9,100,500,False,True,False,False,"{'transform_func': <function transform_X at 0x7f496a613370>, 'beta': array([1, 2, 3, 4]), 'uniform_range_x': [-2, 2]}",<function generate_sim_data at 0x7f4967c62050>,1,0,"[{'n_iter': 200, 'patience': 100, 'input_size': 1, 'h_sizes': [40, 40]}]",[<class 'models.NueralNet'>],300,1,False,True,,,0.9,,,,,,,187,329,270,230,1.0,0.6925925925925926,1.0,0.7434782608695651,naive_on_y
0.9,100,500,False,True,False,False,"{'transform_func': <function transform_X at 0x7f496a613370>, 'beta': array([1, 2, 3, 4]), 'uniform_range_x': [-2, 2]}",<function generate_sim_data at 0x7f4967c62050>,1,0,"[{'n_iter': 200, 'patience': 100, 'input_size': 1, 'h_sizes': [40, 40]}]",[<class 'models.NueralNet'>],300,1,False,True,False,True,0.9000000000000341,0.9866666666666667,0.9199999999999999,0.9000000000000341,0.9866666666666667,0.9933333333333333,12.0,234,329,266,234,1.0,0.8796992481203008,1.0,0.7307692307692308,CS_on_mean
0.9,100,500,False,True,False,False,"{'transform_func': <function transform_X at 0x7f496a613370>, 'beta': array([1, 2, 3, 4]), 'uniform_range_x': [-2, 2]}",<function generate_sim_data at 0x7f4967c62050>,1,0,"[{'n_iter': 200, 'patience': 100, 'input_size': 1, 'h_sizes': [40, 40]}]",[<class 'models.NueralNet'>],300,1,False,True,,,0.9,,,,,,,252,291,266,234,1.0,0.9473684210526316,1.0,0.8931623931623932,naive_on_mean
0.9,100,500,False,True,False,False,"{'transform_func': <function transform_X at 0x7f496a613370>, 'beta': array([1, 2, 3, 4]), 'uniform_range_x': [-2, 2]}",<function generate_sim_data at 0x7f4967c62050>,1,0,"[{'n_iter': 200, 'patience': 100, 'input_size': 1, 'h_sizes': [40, 40]}]",[<class 'models.NueralNet'>],300,1,False,True,True,True,0.8999999999999773,0.9633333333333334,0.7566666666666666,0.8999999999999773,0.9633333333333334,0.9966666666666667,19.0,118,498,268,232,1.0,0.4402985074626866,1.0,0.008620689655172376,CS_on_y
0.9,100,500,False,True,False,False,"{'transform_func': <function transform_X at 0x7f496a613370>, 'beta': array([1, 2, 3, 4]), 'uniform_range_x': [-2, 2]}",<function generate_sim_data at 0x7f4967c62050>,1,0,"[{'n_iter': 200, 'patience': 100, 'input_size': 1, 'h_sizes': [40, 40]}]",[<class 'models.NueralNet'>],300,1,False,True,,,0.9,,,,,,,203,406,268,232,1.0,0.7574626865671642,1.0,0.4051724137931034,naive_on_y
0.9,100,500,False,True,False,False,"{'transform_func': <function transform_X at 0x7f496a613370>, 'beta': array([1, 2, 3, 4]), 'uniform_range_x': [-2, 2]}",<function generate_sim_data at 0x7f4967c62050>,1,0,"[{'n_iter': 200, 'patience': 100, 'input_size': 1, 'h_sizes': [40, 40]}]",[<class 'models.NueralNet'>],300,1,False,True,True,True,0.9000000000000341,0.9633333333333334,0.7766666666666668,0.9000000000000341,0.9633333333333334,0.99,14.0,231,292,267,233,1.0,0.8651685393258427,1.0,0.8927038626609443,CS_on_mean
0.9,100,500,False,True,False,False,"{'transform_func': <function transform_X at 0x7f496a613370>, 'beta': array([1, 2, 3, 4]), 'uniform_range_x': [-2, 2]}",<function generate_sim_data at 0x7f4967c62050>,1,0,"[{'n_iter': 200, 'patience': 100, 'input_size': 1, 'h_sizes': [40, 40]}]",[<class 'models.NueralNet'>],300,1,False,True,,,0.9,,,,,,,237,286,267,233,1.0,0.8876404494382022,1.0,0.9184549356223176,naive_on_mean
0.9,100,500,False,True,False,False,"{'transform_func': <function transform_X at 0x7f496a613370>, 'beta': array([1, 2, 3, 4]), 'uniform_range_x': [-2, 2]}",<function generate_sim_data at 0x7f4967c62050>,1,0,"[{'n_iter': 200, 'patience': 100, 'input_size': 1, 'h_sizes': [40, 40]}]",[<class 'models.NueralNet'>],300,1,False,True,True,True,0.9000000000000341,0.9533333333333334,0.5933333333333333,0.9000000000000341,0.9533333333333334,0.9966666666666667,17.0,141,434,263,237,1.0,0.5361216730038023,1.0,0.2784810126582279,CS_on_y
0.9,100,500,False,True,False,False,"{'transform_func': <function transform_X at 0x7f496a613370>, 'beta': array([1, 2, 3, 4]), 'uniform_range_x': [-2, 2]}",<function generate_sim_data at 0x7f4967c62050>,1,0,"[{'n_iter': 200, 'patience': 100, 'input_size': 1, 'h_sizes': [40, 40]}]",[<class 'models.NueralNet'>],300,1,False,False,,,0.9,,,,,,,201,326,263,237,0.9900497512437811,0.7566539923954373,1.0,0.7341772151898734,naive_on_y
0.9,100,500,False,True,False,False,"{'transform_func': <function transform_X at 0x7f496a613370>, 'beta': array([1, 2, 3, 4]), 'uniform_range_x': [-2, 2]}",<function generate_sim_data at 0x7f4967c62050>,1,0,"[{'n_iter': 200, 'patience': 100, 'input_size': 1, 'h_sizes': [40, 40]}]",[<class 'models.NueralNet'>],300,1,False,True,True,True,0.9000000000000341,0.96,0.8833333333333333,0.9000000000000341,0.96,0.9833333333333333,16.0,254,288,260,240,1.0,0.9769230769230769,1.0,0.8833333333333333,CS_on_mean
0.9,100,500,False,True,False,False,"{'transform_func': <function transform_X at 0x7f496a613370>, 'beta': array([1, 2, 3, 4]), 'uniform_range_x': [-2, 2]}",<function generate_sim_data at 0x7f4967c62050>,1,0,"[{'n_iter': 200, 'patience': 100, 'input_size': 1, 'h_sizes': [40, 40]}]",[<class 'models.NueralNet'>],300,1,False,True,,,0.9,,,,,,,251,281,260,240,1.0,0.9653846153846154,1.0,0.9125,naive_on_mean
0.9,100,500,False,True,False,False,"{'transform_func': <function transform_X at 0x7f496a613370>, 'beta': array([1, 2, 3, 4]), 'uniform_range_x': [-2, 2]}",<function generate_sim_data at 0x7f4967c62050>,1,0,"[{'n_iter': 200, 'patience': 100, 'input_size': 1, 'h_sizes': [40, 40]}]",[<class 'models.NueralNet'>],300,1,False,True,True,True,0.9000000000000341,0.97,0.7000000000000002,0.9000000000000341,0.97,0.9966666666666667,27.0,155,500,266,234,1.0,0.5827067669172932,1.0,0.0,CS_on_y
0.9,100,500,False,True,False,False,"{'transform_func': <function transform_X at 0x7f496a613370>, 'beta': array([1, 2, 3, 4]), 'uniform_range_x': [-2, 2]}",<function generate_sim_data at 0x7f4967c62050>,1,0,"[{'n_iter': 200, 'patience': 100, 'input_size': 1, 'h_sizes': [40, 40]}]",[<class 'models.NueralNet'>],300,1,False,False,,,0.9,,,,,,,200,389,266,234,1.0,0.7518796992481203,0.990990990990991,0.4700854700854701,naive_on_y
0.9,100,500,False,True,False,False,"{'transform_func': <function transform_X at 0x7f496a613370>, 'beta': array([1, 2, 3, 4]), 'uniform_range_x': [-2, 2]}",<function generate_sim_data at 0x7f4967c62050>,1,0,"[{'n_iter': 200, 'patience': 100, 'input_size': 1, 'h_sizes': [40, 40]}]",[<class 'models.NueralNet'>],300,1,False,True,True,True,0.9000000000000341,0.9566666666666667,0.73,0.9000000000000341,0.9566666666666667,0.97,4.0,254,300,269,231,1.0,0.9442379182156134,1.0,0.8658008658008658,CS_on_mean
0.9,100,500,False,True,False,False,"{'transform_func': <function transform_X at 0x7f496a613370>, 'beta': array([1, 2, 3, 4]), 'uniform_range_x': [-2, 2]}",<function generate_sim_data at 0x7f4967c62050>,1,0,"[{'n_iter': 200, 'patience': 100, 'input_size': 1, 'h_sizes': [40, 40]}]",[<class 'models.NueralNet'>],300,1,False,True,,,0.9,,,,,,,246,285,269,231,1.0,0.9144981412639406,1.0,0.9307359307359307,naive_on_mean
0.9,100,500,False,True,False,False,"{'transform_func': <function transform_X at 0x7f496a613370>, 'beta': array([1, 2, 3, 4]), 'uniform_range_x': [-2, 2]}",<function generate_sim_data at 0x7f4967c62050>,1,0,"[{'n_iter': 200, 'patience': 100, 'input_size': 1, 'h_sizes': [40, 40]}]",[<class 'models.NueralNet'>],300,1,False,True,True,True,0.9000000000000341,0.97,0.76,0.9000000000000341,0.97,0.9966666666666667,29.0,180,391,266,234,1.0,0.6766917293233083,1.0,0.4658119658119658,CS_on_y
0.9,100,500,False,True,False,False,"{'transform_func': <function transform_X at 0x7f496a613370>, 'beta': array([1, 2, 3, 4]), 'uniform_range_x': [-2, 2]}",<function generate_sim_data at 0x7f4967c62050>,1,0,"[{'n_iter': 200, 'patience': 100, 'input_size': 1, 'h_sizes': [40, 40]}]",[<class 'models.NueralNet'>],300,1,False,False,,,0.9,,,,,,,214,324,266,234,0.9953271028037384,0.8007518796992481,1.0,0.7521367521367521,naive_on_y
0.9,100,500,False,True,False,False,"{'transform_func': <function transform_X at 0x7f496a613370>, 'beta': array([1, 2, 3, 4]), 'uniform_range_x': [-2, 2]}",<function generate_sim_data at 0x7f4967c62050>,1,0,"[{'n_iter': 200, 'patience': 100, 'input_size': 1, 'h_sizes': [40, 40]}]",[<class 'models.NueralNet'>],300,1,False,True,True,True,0.8999999999999773,0.9833333333333333,0.9233333333333333,0.8999999999999773,0.9833333333333333,0.9933333333333333,3.0,230,321,278,222,1.0,0.8273381294964028,1.0,0.8063063063063063,CS_on_mean
0.9,100,500,False,True,False,False,"{'transform_func': <function transform_X at 0x7f496a613370>, 'beta': array([1, 2, 3, 4]), 'uniform_range_x': [-2, 2]}",<function generate_sim_data at 0x7f4967c62050>,1,0,"[{'n_iter': 200, 'patience': 100, 'input_size': 1, 'h_sizes': [40, 40]}]",[<class 'models.NueralNet'>],300,1,False,True,,,0.9,,,,,,,254,298,278,222,1.0,0.9136690647482014,1.0,0.9099099099099099,naive_on_mean
0.9,100,500,False,True,False,False,"{'transform_func': <function transform_X at 0x7f496a613370>, 'beta': array([1, 2, 3, 4]), 'uniform_range_x': [-2, 2]}",<function generate_sim_data at 0x7f4967c62050>,1,0,"[{'n_iter': 200, 'patience': 100, 'input_size': 1, 'h_sizes': [40, 40]}]",[<class 'models.NueralNet'>],300,1,False,True,True,True,0.9000000000000341,0.98,0.8266666666666667,0.9000000000000341,0.98,1.0,15.0,127,457,277,223,1.0,0.45848375451263534,1.0,0.19282511210762332,CS_on_y
0.9,100,500,False,True,False,False,"{'transform_func': <function transform_X at 0x7f496a613370>, 'beta': array([1, 2, 3, 4]), 'uniform_range_x': [-2, 2]}",<function generate_sim_data at 0x7f4967c62050>,1,0,"[{'n_iter': 200, 'patience': 100, 'input_size': 1, 'h_sizes': [40, 40]}]",[<class 'models.NueralNet'>],300,1,False,False,,,0.9,,,,,,,209,351,277,223,1.0,0.7545126353790614,0.9932885906040269,0.663677130044843,naive_on_y
0.9,100,500,False,True,False,False,"{'transform_func': <function transform_X at 0x7f496a613370>, 'beta': array([1, 2, 3, 4]), 'uniform_range_x': [-2, 2]}",<function generate_sim_data at 0x7f4967c62050>,1,0,"[{'n_iter': 200, 'patience': 100, 'input_size': 1, 'h_sizes': [40, 40]}]",[<class 'models.NueralNet'>],300,1,False,True,True,True,0.9000000000000341,0.9933333333333333,0.9733333333333332,0.9000000000000341,0.9933333333333333,0.9933333333333333,46.0,225,323,264,236,1.0,0.8522727272727273,1.0,0.75,CS_on_mean
0.9,100,500,False,True,False,False,"{'transform_func': <function transform_X at 0x7f496a613370>, 'beta': array([1, 2, 3, 4]), 'uniform_range_x': [-2, 2]}",<function generate_sim_data at 0x7f4967c62050>,1,0,"[{'n_iter': 200, 'patience': 100, 'input_size': 1, 'h_sizes': [40, 40]}]",[<class 'models.NueralNet'>],300,1,False,True,,,0.9,,,,,,,252,298,264,236,1.0,0.9545454545454546,1.0,0.8559322033898304,naive_on_mean
0.9,100,500,False,True,False,False,"{'transform_func': <function transform_X at 0x7f496a613370>, 'beta': array([1, 2, 3, 4]), 'uniform_range_x': [-2, 2]}",<function generate_sim_data at 0x7f4967c62050>,1,0,"[{'n_iter': 200, 'patience': 100, 'input_size': 1, 'h_sizes': [40, 40]}]",[<class 'models.NueralNet'>],300,1,False,True,True,True,0.9000000000000341,0.98,0.9033333333333333,0.9000000000000341,0.98,1.0,36.0,111,491,261,239,1.0,0.4252873563218391,1.0,0.03765690376569042,CS_on_y
0.9,100,500,False,True,False,False,"{'transform_func': <function transform_X at 0x7f496a613370>, 'beta': array([1, 2, 3, 4]), 'uniform_range_x': [-2, 2]}",<function generate_sim_data at 0x7f4967c62050>,1,0,"[{'n_iter': 200, 'patience': 100, 'input_size': 1, 'h_sizes': [40, 40]}]",[<class 'models.NueralNet'>],300,1,False,False,,,0.9,,,,,,,201,354,261,239,0.9950248756218906,0.7662835249042146,1.0,0.610878661087866,naive_on_y
0.9,100,500,False,True,False,False,"{'transform_func': <function transform_X at 0x7f496a613370>, 'beta': array([1, 2, 3, 4]), 'uniform_range_x': [-2, 2]}",<function generate_sim_data at 0x7f4967c62050>,1,0,"[{'n_iter': 200, 'patience': 100, 'input_size': 1, 'h_sizes': [40, 40]}]",[<class 'models.NueralNet'>],300,1,False,True,True,True,0.9000000000000341,0.9533333333333334,0.7633333333333334,0.9000000000000341,0.9533333333333334,0.98,14.0,227,298,263,237,1.0,0.8631178707224334,1.0,0.8523206751054853,CS_on_mean
0.9,100,500,False,True,False,False,"{'transform_func': <function transform_X at 0x7f496a613370>, 'beta': array([1, 2, 3, 4]), 'uniform_range_x': [-2, 2]}",<function generate_sim_data at 0x7f4967c62050>,1,0,"[{'n_iter': 200, 'patience': 100, 'input_size': 1, 'h_sizes': [40, 40]}]",[<class 'models.NueralNet'>],300,1,False,True,,,0.9,,,,,,,242,286,263,237,1.0,0.9201520912547528,1.0,0.9029535864978903,naive_on_mean
0.9,100,500,False,True,False,False,"{'transform_func': <function transform_X at 0x7f496a613370>, 'beta': array([1, 2, 3, 4]), 'uniform_range_x': [-2, 2]}",<function generate_sim_data at 0x7f4967c62050>,1,0,"[{'n_iter': 200, 'patience': 100, 'input_size': 1, 'h_sizes': [40, 40]}]",[<class 'models.NueralNet'>],300,1,False,True,True,True,0.9000000000000341,0.9466666666666667,0.6366666666666667,0.9000000000000341,0.9466666666666667,0.9933333333333333,14.0,141,406,260,240,1.0,0.5423076923076924,1.0,0.3916666666666667,CS_on_y
0.9,100,500,False,True,False,False,"{'transform_func': <function transform_X at 0x7f496a613370>, 'beta': array([1, 2, 3, 4]), 'uniform_range_x': [-2, 2]}",<function generate_sim_data at 0x7f4967c62050>,1,0,"[{'n_iter': 200, 'patience': 100, 'input_size': 1, 'h_sizes': [40, 40]}]",[<class 'models.NueralNet'>],300,1,False,True,,,0.9,,,,,,,186,346,260,240,1.0,0.7153846153846154,1.0,0.6416666666666666,naive_on_y
0.9,100,500,False,True,False,False,"{'transform_func': <function transform_X at 0x7f496a613370>, 'beta': array([1, 2, 3, 4]), 'uniform_range_x': [-2, 2]}",<function generate_sim_data at 0x7f4967c62050>,1,0,"[{'n_iter': 200, 'patience': 100, 'input_size': 1, 'h_sizes': [40, 40]}]",[<class 'models.NueralNet'>],300,1,False,True,True,True,0.8999999999999773,0.9766666666666667,0.8999999999999999,0.8999999999999773,0.9766666666666667,0.98,25.0,214,292,252,248,1.0,0.8492063492063492,1.0,0.8387096774193549,CS_on_mean
0.9,100,500,False,True,False,False,"{'transform_func': <function transform_X at 0x7f496a613370>, 'beta': array([1, 2, 3, 4]), 'uniform_range_x': [-2, 2]}",<function generate_sim_data at 0x7f4967c62050>,1,0,"[{'n_iter': 200, 'patience': 100, 'input_size': 1, 'h_sizes': [40, 40]}]",[<class 'models.NueralNet'>],300,1,False,False,,,0.9,,,,,,,236,273,252,248,1.0,0.9365079365079365,0.9955947136563876,0.9112903225806451,naive_on_mean
0.9,100,500,False,True,False,False,"{'transform_func': <function transform_X at 0x7f496a613370>, 'beta': array([1, 2, 3, 4]), 'uniform_range_x': [-2, 2]}",<function generate_sim_data at 0x7f4967c62050>,1,0,"[{'n_iter': 200, 'patience': 100, 'input_size': 1, 'h_sizes': [40, 40]}]",[<class 'models.NueralNet'>],300,1,False,True,True,True,0.8999999999999773,0.9733333333333334,0.8966666666666665,0.8999999999999773,0.9733333333333334,0.9966666666666667,46.0,90,500,255,245,1.0,0.3529411764705882,1.0,0.0,CS_on_y
0.9,100,500,False,True,False,False,"{'transform_func': <function transform_X at 0x7f496a613370>, 'beta': array([1, 2, 3, 4]), 'uniform_range_x': [-2, 2]}",<function generate_sim_data at 0x7f4967c62050>,1,0,"[{'n_iter': 200, 'patience': 100, 'input_size': 1, 'h_sizes': [40, 40]}]",[<class 'models.NueralNet'>],300,1,False,True,,,0.9,,,,,,,192,325,255,245,1.0,0.7529411764705882,1.0,0.7142857142857143,naive_on_y
0.9,100,500,False,True,False,False,"{'transform_func': <function transform_X at 0x7f496a613370>, 'beta': array([1, 2, 3, 4]), 'uniform_range_x': [-2, 2]}",<function generate_sim_data at 0x7f4967c62050>,1,0,"[{'n_iter': 200, 'patience': 100, 'input_size': 1, 'h_sizes': [40, 40]}]",[<class 'models.NueralNet'>],300,1,False,True,False,True,0.9000000000000341,0.9733333333333334,0.8566666666666667,0.9000000000000341,0.9733333333333334,0.9933333333333333,8.0,230,279,248,252,1.0,0.9274193548387096,1.0,0.876984126984127,CS_on_mean
0.9,100,500,False,True,False,False,"{'transform_func': <function transform_X at 0x7f496a613370>, 'beta': array([1, 2, 3, 4]), 'uniform_range_x': [-2, 2]}",<function generate_sim_data at 0x7f4967c62050>,1,0,"[{'n_iter': 200, 'patience': 100, 'input_size': 1, 'h_sizes': [40, 40]}]",[<class 'models.NueralNet'>],300,1,False,True,,,0.9,,,,,,,238,274,248,252,1.0,0.9596774193548387,1.0,0.8968253968253969,naive_on_mean
0.9,100,500,False,True,False,False,"{'transform_func': <function transform_X at 0x7f496a613370>, 'beta': array([1, 2, 3, 4]), 'uniform_range_x': [-2, 2]}",<function generate_sim_data at 0x7f4967c62050>,1,0,"[{'n_iter': 200, 'patience': 100, 'input_size': 1, 'h_sizes': [40, 40]}]",[<class 'models.NueralNet'>],300,1,False,True,True,True,0.9000000000000341,0.96,0.6933333333333334,0.9000000000000341,0.96,0.99,31.0,132,497,255,245,1.0,0.5176470588235293,1.0,0.01224489795918371,CS_on_y
0.9,100,500,False,True,False,False,"{'transform_func': <function transform_X at 0x7f496a613370>, 'beta': array([1, 2, 3, 4]), 'uniform_range_x': [-2, 2]}",<function generate_sim_data at 0x7f4967c62050>,1,0,"[{'n_iter': 200, 'patience': 100, 'input_size': 1, 'h_sizes': [40, 40]}]",[<class 'models.NueralNet'>],300,1,False,True,,,0.9,,,,,,,196,430,255,245,1.0,0.7686274509803921,1.0,0.2857142857142857,naive_on_y
0.9,100,500,False,True,False,False,"{'transform_func': <function transform_X at 0x7f496a613370>, 'beta': array([1, 2, 3, 4]), 'uniform_range_x': [-2, 2]}",<function generate_sim_data at 0x7f4967c62050>,1,0,"[{'n_iter': 200, 'patience': 100, 'input_size': 1, 'h_sizes': [40, 40]}]",[<class 'models.NueralNet'>],300,1,False,True,True,True,0.8999999999999773,0.9733333333333334,0.9100000000000001,0.8999999999999773,0.9733333333333334,0.99,6.0,250,434,276,224,1.0,0.9057971014492754,1.0,0.2946428571428571,CS_on_mean
0.9,100,500,False,True,False,False,"{'transform_func': <function transform_X at 0x7f496a613370>, 'beta': array([1, 2, 3, 4]), 'uniform_range_x': [-2, 2]}",<function generate_sim_data at 0x7f4967c62050>,1,0,"[{'n_iter': 200, 'patience': 100, 'input_size': 1, 'h_sizes': [40, 40]}]",[<class 'models.NueralNet'>],300,1,False,True,,,0.9,,,,,,,263,298,276,224,1.0,0.9528985507246377,1.0,0.9017857142857143,naive_on_mean
0.9,100,500,False,True,False,False,"{'transform_func': <function transform_X at 0x7f496a613370>, 'beta': array([1, 2, 3, 4]), 'uniform_range_x': [-2, 2]}",<function generate_sim_data at 0x7f4967c62050>,1,0,"[{'n_iter': 200, 'patience': 100, 'input_size': 1, 'h_sizes': [40, 40]}]",[<class 'models.NueralNet'>],300,1,False,True,True,True,0.8999999999999773,0.9633333333333334,0.72,0.8999999999999773,0.9633333333333334,0.9966666666666667,11.0,162,500,276,224,1.0,0.5869565217391304,1.0,0.0,CS_on_y
0.9,100,500,False,True,False,False,"{'transform_func': <function transform_X at 0x7f496a613370>, 'beta': array([1, 2, 3, 4]), 'uniform_range_x': [-2, 2]}",<function generate_sim_data at 0x7f4967c62050>,1,0,"[{'n_iter': 200, 'patience': 100, 'input_size': 1, 'h_sizes': [40, 40]}]",[<class 'models.NueralNet'>],300,1,False,True,,,0.9,,,,,,,217,480,276,224,1.0,0.786231884057971,1.0,0.0892857142857143,naive_on_y
0.9,100,500,False,True,False,False,"{'transform_func': <function transform_X at 0x7f496a613370>, 'beta': array([1, 2, 3, 4]), 'uniform_range_x': [-2, 2]}",<function generate_sim_data at 0x7f4967c62050>,1,0,"[{'n_iter': 200, 'patience': 100, 'input_size': 1, 'h_sizes': [40, 40]}]",[<class 'models.NueralNet'>],300,1,False,True,True,True,0.9000000000000341,0.9766666666666667,0.8366666666666667,0.9000000000000341,0.9766666666666667,0.99,11.0,235,284,262,238,1.0,0.8969465648854962,1.0,0.907563025210084,CS_on_mean
0.9,100,500,False,True,False,False,"{'transform_func': <function transform_X at 0x7f496a613370>, 'beta': array([1, 2, 3, 4]), 'uniform_range_x': [-2, 2]}",<function generate_sim_data at 0x7f4967c62050>,1,0,"[{'n_iter': 200, 'patience': 100, 'input_size': 1, 'h_sizes': [40, 40]}]",[<class 'models.NueralNet'>],300,1,False,True,,,0.9,,,,,,,241,280,262,238,1.0,0.9198473282442748,1.0,0.9243697478991597,naive_on_mean
0.9,100,500,False,True,False,False,"{'transform_func': <function transform_X at 0x7f496a613370>, 'beta': array([1, 2, 3, 4]), 'uniform_range_x': [-2, 2]}",<function generate_sim_data at 0x7f4967c62050>,1,0,"[{'n_iter': 200, 'patience': 100, 'input_size': 1, 'h_sizes': [40, 40]}]",[<class 'models.NueralNet'>],300,1,False,True,True,True,0.9000000000000341,0.97,0.8166666666666667,0.9000000000000341,0.97,0.9966666666666667,38.0,144,423,259,241,1.0,0.555984555984556,1.0,0.31950207468879666,CS_on_y
0.9,100,500,False,True,False,False,"{'transform_func': <function transform_X at 0x7f496a613370>, 'beta': array([1, 2, 3, 4]), 'uniform_range_x': [-2, 2]}",<function generate_sim_data at 0x7f4967c62050>,1,0,"[{'n_iter': 200, 'patience': 100, 'input_size': 1, 'h_sizes': [40, 40]}]",[<class 'models.NueralNet'>],300,1,False,False,,,0.9,,,,,,,207,320,259,241,1.0,0.7992277992277992,0.9944444444444445,0.7427385892116183,naive_on_y
0.9,100,500,False,True,False,False,"{'transform_func': <function transform_X at 0x7f496a613370>, 'beta': array([1, 2, 3, 4]), 'uniform_range_x': [-2, 2]}",<function generate_sim_data at 0x7f4967c62050>,1,0,"[{'n_iter': 200, 'patience': 100, 'input_size': 1, 'h_sizes': [40, 40]}]",[<class 'models.NueralNet'>],300,1,False,True,True,True,0.9000000000000341,0.9733333333333334,0.8533333333333335,0.9000000000000341,0.9733333333333334,0.9866666666666667,7.0,219,392,248,252,1.0,0.8830645161290323,1.0,0.4285714285714286,CS_on_mean
0.9,100,500,False,True,False,False,"{'transform_func': <function transform_X at 0x7f496a613370>, 'beta': array([1, 2, 3, 4]), 'uniform_range_x': [-2, 2]}",<function generate_sim_data at 0x7f4967c62050>,1,0,"[{'n_iter': 200, 'patience': 100, 'input_size': 1, 'h_sizes': [40, 40]}]",[<class 'models.NueralNet'>],300,1,False,True,,,0.9,,,,,,,229,281,248,252,1.0,0.9233870967741935,1.0,0.8690476190476191,naive_on_mean
0.9,100,500,False,True,False,False,"{'transform_func': <function transform_X at 0x7f496a613370>, 'beta': array([1, 2, 3, 4]), 'uniform_range_x': [-2, 2]}",<function generate_sim_data at 0x7f4967c62050>,1,0,"[{'n_iter': 200, 'patience': 100, 'input_size': 1, 'h_sizes': [40, 40]}]",[<class 'models.NueralNet'>],300,1,False,True,True,True,0.9000000000000341,0.97,0.7999999999999998,0.9000000000000341,0.97,0.9966666666666667,31.0,115,498,247,253,1.0,0.4655870445344129,1.0,0.007905138339920903,CS_on_y
0.9,100,500,False,True,False,False,"{'transform_func': <function transform_X at 0x7f496a613370>, 'beta': array([1, 2, 3, 4]), 'uniform_range_x': [-2, 2]}",<function generate_sim_data at 0x7f4967c62050>,1,0,"[{'n_iter': 200, 'patience': 100, 'input_size': 1, 'h_sizes': [40, 40]}]",[<class 'models.NueralNet'>],300,1,False,True,,,0.9,,,,,,,179,402,247,253,1.0,0.7246963562753037,1.0,0.38735177865612647,naive_on_y
0.9,100,500,False,True,False,False,"{'transform_func': <function transform_X at 0x7f496a613370>, 'beta': array([1, 2, 3, 4]), 'uniform_range_x': [-2, 2]}",<function generate_sim_data at 0x7f4967c62050>,1,0,"[{'n_iter': 200, 'patience': 100, 'input_size': 1, 'h_sizes': [40, 40]}]",[<class 'models.NueralNet'>],300,1,False,True,True,True,0.9000000000000341,0.9766666666666667,0.8533333333333333,0.9000000000000341,0.9766666666666667,0.99,11.0,225,305,268,232,1.0,0.8395522388059702,1.0,0.8405172413793103,CS_on_mean
0.9,100,500,False,True,False,False,"{'transform_func': <function transform_X at 0x7f496a613370>, 'beta': array([1, 2, 3, 4]), 'uniform_range_x': [-2, 2]}",<function generate_sim_data at 0x7f4967c62050>,1,0,"[{'n_iter': 200, 'patience': 100, 'input_size': 1, 'h_sizes': [40, 40]}]",[<class 'models.NueralNet'>],300,1,False,True,,,0.9,,,,,,,247,296,268,232,1.0,0.9216417910447761,1.0,0.8793103448275862,naive_on_mean
0.9,100,500,False,True,False,False,"{'transform_func': <function transform_X at 0x7f496a613370>, 'beta': array([1, 2, 3, 4]), 'uniform_range_x': [-2, 2]}",<function generate_sim_data at 0x7f4967c62050>,1,0,"[{'n_iter': 200, 'patience': 100, 'input_size': 1, 'h_sizes': [40, 40]}]",[<class 'models.NueralNet'>],300,1,False,True,True,True,0.8999999999999773,0.9766666666666667,0.7633333333333332,0.8999999999999773,0.9766666666666667,0.9966666666666667,35.0,130,460,268,232,1.0,0.4850746268656716,1.0,0.1724137931034483,CS_on_y
0.9,100,500,False,True,False,False,"{'transform_func': <function transform_X at 0x7f496a613370>, 'beta': array([1, 2, 3, 4]), 'uniform_range_x': [-2, 2]}",<function generate_sim_data at 0x7f4967c62050>,1,0,"[{'n_iter': 200, 'patience': 100, 'input_size': 1, 'h_sizes': [40, 40]}]",[<class 'models.NueralNet'>],300,1,False,True,,,0.9,,,,,,,193,348,268,232,1.0,0.7201492537313433,1.0,0.6551724137931034,naive_on_y
0.9,100,500,False,True,False,False,"{'transform_func': <function transform_X at 0x7f496a613370>, 'beta': array([1, 2, 3, 4]), 'uniform_range_x': [-2, 2]}",<function generate_sim_data at 0x7f4967c62050>,1,0,"[{'n_iter': 200, 'patience': 100, 'input_size': 1, 'h_sizes': [40, 40]}]",[<class 'models.NueralNet'>],300,1,False,True,True,True,0.9000000000000341,0.9566666666666667,0.8066666666666666,0.9000000000000341,0.9566666666666667,0.97,5.0,252,303,265,235,1.0,0.9509433962264151,1.0,0.8382978723404255,CS_on_mean
0.9,100,500,False,True,False,False,"{'transform_func': <function transform_X at 0x7f496a613370>, 'beta': array([1, 2, 3, 4]), 'uniform_range_x': [-2, 2]}",<function generate_sim_data at 0x7f4967c62050>,1,0,"[{'n_iter': 200, 'patience': 100, 'input_size': 1, 'h_sizes': [40, 40]}]",[<class 'models.NueralNet'>],300,1,False,True,,,0.9,,,,,,,259,293,265,235,1.0,0.9773584905660377,1.0,0.8808510638297873,naive_on_mean
0.9,100,500,False,True,False,False,"{'transform_func': <function transform_X at 0x7f496a613370>, 'beta': array([1, 2, 3, 4]), 'uniform_range_x': [-2, 2]}",<function generate_sim_data at 0x7f4967c62050>,1,0,"[{'n_iter': 200, 'patience': 100, 'input_size': 1, 'h_sizes': [40, 40]}]",[<class 'models.NueralNet'>],300,1,False,True,True,True,0.9000000000000341,0.97,0.81,0.9000000000000341,0.97,1.0,37.0,123,493,265,235,1.0,0.4641509433962264,1.0,0.029787234042553234,CS_on_y
0.9,100,500,False,True,False,False,"{'transform_func': <function transform_X at 0x7f496a613370>, 'beta': array([1, 2, 3, 4]), 'uniform_range_x': [-2, 2]}",<function generate_sim_data at 0x7f4967c62050>,1,0,"[{'n_iter': 200, 'patience': 100, 'input_size': 1, 'h_sizes': [40, 40]}]",[<class 'models.NueralNet'>],300,1,False,True,,,0.9,,,,,,,210,407,265,235,1.0,0.7924528301886793,1.0,0.39574468085106385,naive_on_y
0.9,100,500,False,True,False,False,"{'transform_func': <function transform_X at 0x7f496a613370>, 'beta': array([1, 2, 3, 4]), 'uniform_range_x': [-2, 2]}",<function generate_sim_data at 0x7f4967c62050>,1,0,"[{'n_iter': 200, 'patience': 100, 'input_size': 1, 'h_sizes': [40, 40]}]",[<class 'models.NueralNet'>],300,1,False,True,True,True,0.9000000000000341,0.9633333333333334,0.8266666666666667,0.9000000000000341,0.9633333333333334,0.9833333333333333,10.0,261,307,288,212,1.0,0.90625,1.0,0.910377358490566,CS_on_mean
0.9,100,500,False,True,False,False,"{'transform_func': <function transform_X at 0x7f496a613370>, 'beta': array([1, 2, 3, 4]), 'uniform_range_x': [-2, 2]}",<function generate_sim_data at 0x7f4967c62050>,1,0,"[{'n_iter': 200, 'patience': 100, 'input_size': 1, 'h_sizes': [40, 40]}]",[<class 'models.NueralNet'>],300,1,False,True,,,0.9,,,,,,,274,310,288,212,1.0,0.9513888888888888,1.0,0.8962264150943396,naive_on_mean
0.9,100,500,False,True,False,False,"{'transform_func': <function transform_X at 0x7f496a613370>, 'beta': array([1, 2, 3, 4]), 'uniform_range_x': [-2, 2]}",<function generate_sim_data at 0x7f4967c62050>,1,0,"[{'n_iter': 200, 'patience': 100, 'input_size': 1, 'h_sizes': [40, 40]}]",[<class 'models.NueralNet'>],300,1,False,True,True,True,0.9000000000000341,0.9633333333333334,0.6833333333333333,0.9000000000000341,0.9633333333333334,1.0,14.0,165,458,283,217,1.0,0.5830388692579505,1.0,0.19354838709677424,CS_on_y
0.9,100,500,False,True,False,False,"{'transform_func': <function transform_X at 0x7f496a613370>, 'beta': array([1, 2, 3, 4]), 'uniform_range_x': [-2, 2]}",<function generate_sim_data at 0x7f4967c62050>,1,0,"[{'n_iter': 200, 'patience': 100, 'input_size': 1, 'h_sizes': [40, 40]}]",[<class 'models.NueralNet'>],300,1,False,True,,,0.9,,,,,,,223,366,283,217,1.0,0.7879858657243817,1.0,0.6175115207373272,naive_on_y
0.9,100,500,False,True,False,False,"{'transform_func': <function transform_X at 0x7f496a613370>, 'beta': array([1, 2, 3, 4]), 'uniform_range_x': [-2, 2]}",<function generate_sim_data at 0x7f4967c62050>,1,0,"[{'n_iter': 200, 'patience': 100, 'input_size': 1, 'h_sizes': [40, 40]}]",[<class 'models.NueralNet'>],300,1,False,True,True,True,0.9000000000000341,0.96,0.75,0.9000000000000341,0.96,0.9833333333333333,5.0,252,313,277,223,1.0,0.9097472924187726,1.0,0.8385650224215246,CS_on_mean
0.9,100,500,False,True,False,False,"{'transform_func': <function transform_X at 0x7f496a613370>, 'beta': array([1, 2, 3, 4]), 'uniform_range_x': [-2, 2]}",<function generate_sim_data at 0x7f4967c62050>,1,0,"[{'n_iter': 200, 'patience': 100, 'input_size': 1, 'h_sizes': [40, 40]}]",[<class 'models.NueralNet'>],300,1,False,False,,,0.9,,,,,,,259,299,277,223,0.9961389961389961,0.9314079422382672,1.0,0.9013452914798207,naive_on_mean
0.9,100,500,False,True,False,False,"{'transform_func': <function transform_X at 0x7f496a613370>, 'beta': array([1, 2, 3, 4]), 'uniform_range_x': [-2, 2]}",<function generate_sim_data at 0x7f4967c62050>,1,0,"[{'n_iter': 200, 'patience': 100, 'input_size': 1, 'h_sizes': [40, 40]}]",[<class 'models.NueralNet'>],300,1,False,True,True,True,0.9000000000000341,0.9633333333333334,0.7266666666666666,0.9000000000000341,0.9633333333333334,0.9933333333333333,34.0,169,430,281,219,1.0,0.6014234875444839,1.0,0.319634703196347,CS_on_y
0.9,100,500,False,True,False,False,"{'transform_func': <function transform_X at 0x7f496a613370>, 'beta': array([1, 2, 3, 4]), 'uniform_range_x': [-2, 2]}",<function generate_sim_data at 0x7f4967c62050>,1,0,"[{'n_iter': 200, 'patience': 100, 'input_size': 1, 'h_sizes': [40, 40]}]",[<class 'models.NueralNet'>],300,1,False,True,,,0.9,,,,,,,210,352,281,219,1.0,0.7473309608540926,1.0,0.6757990867579908,naive_on_y
0.9,100,500,False,True,False,False,"{'transform_func': <function transform_X at 0x7f496a613370>, 'beta': array([1, 2, 3, 4]), 'uniform_range_x': [-2, 2]}",<function generate_sim_data at 0x7f4967c62050>,1,0,"[{'n_iter': 200, 'patience': 100, 'input_size': 1, 'h_sizes': [40, 40]}]",[<class 'models.NueralNet'>],300,1,False,True,True,True,0.8999999999999204,0.9733333333333334,0.8633333333333333,0.8999999999999204,0.9733333333333334,0.98,5.0,225,293,262,238,1.0,0.8587786259541985,1.0,0.8697478991596639,CS_on_mean
0.9,100,500,False,True,False,False,"{'transform_func': <function transform_X at 0x7f496a613370>, 'beta': array([1, 2, 3, 4]), 'uniform_range_x': [-2, 2]}",<function generate_sim_data at 0x7f4967c62050>,1,0,"[{'n_iter': 200, 'patience': 100, 'input_size': 1, 'h_sizes': [40, 40]}]",[<class 'models.NueralNet'>],300,1,False,True,,,0.9,,,,,,,240,278,262,238,1.0,0.916030534351145,1.0,0.9327731092436975,naive_on_mean
0.9,100,500,False,True,False,False,"{'transform_func': <function transform_X at 0x7f496a613370>, 'beta': array([1, 2, 3, 4]), 'uniform_range_x': [-2, 2]}",<function generate_sim_data at 0x7f4967c62050>,1,0,"[{'n_iter': 200, 'patience': 100, 'input_size': 1, 'h_sizes': [40, 40]}]",[<class 'models.NueralNet'>],300,1,False,True,True,True,0.8999999999999773,0.9766666666666667,0.8733333333333333,0.8999999999999773,0.9766666666666667,1.0,44.0,121,449,262,238,1.0,0.46183206106870234,1.0,0.2142857142857143,CS_on_y
0.9,100,500,False,True,False,False,"{'transform_func': <function transform_X at 0x7f496a613370>, 'beta': array([1, 2, 3, 4]), 'uniform_range_x': [-2, 2]}",<function generate_sim_data at 0x7f4967c62050>,1,0,"[{'n_iter': 200, 'patience': 100, 'input_size': 1, 'h_sizes': [40, 40]}]",[<class 'models.NueralNet'>],300,1,False,True,,,0.9,,,,,,,199,342,262,238,1.0,0.7595419847328244,1.0,0.6638655462184874,naive_on_y
0.9,100,500,False,True,False,False,"{'transform_func': <function transform_X at 0x7f496a613370>, 'beta': array([1, 2, 3, 4]), 'uniform_range_x': [-2, 2]}",<function generate_sim_data at 0x7f4967c62050>,1,0,"[{'n_iter': 200, 'patience': 100, 'input_size': 1, 'h_sizes': [40, 40]}]",[<class 'models.NueralNet'>],300,1,False,True,True,True,0.8999999999999773,0.9633333333333334,0.79,0.8999999999999773,0.9633333333333334,0.99,8.0,237,295,261,239,1.0,0.9080459770114943,1.0,0.8577405857740585,CS_on_mean
0.9,100,500,False,True,False,False,"{'transform_func': <function transform_X at 0x7f496a613370>, 'beta': array([1, 2, 3, 4]), 'uniform_range_x': [-2, 2]}",<function generate_sim_data at 0x7f4967c62050>,1,0,"[{'n_iter': 200, 'patience': 100, 'input_size': 1, 'h_sizes': [40, 40]}]",[<class 'models.NueralNet'>],300,1,False,True,,,0.9,,,,,,,243,281,261,239,1.0,0.9310344827586207,1.0,0.9163179916317992,naive_on_mean
0.9,100,500,False,True,False,False,"{'transform_func': <function transform_X at 0x7f496a613370>, 'beta': array([1, 2, 3, 4]), 'uniform_range_x': [-2, 2]}",<function generate_sim_data at 0x7f4967c62050>,1,0,"[{'n_iter': 200, 'patience': 100, 'input_size': 1, 'h_sizes': [40, 40]}]",[<class 'models.NueralNet'>],300,1,False,True,True,True,0.9000000000000341,0.9733333333333334,0.8799999999999999,0.9000000000000341,0.9733333333333334,1.0,69.0,113,495,260,240,1.0,0.4346153846153846,1.0,0.02083333333333337,CS_on_y
0.9,100,500,False,True,False,False,"{'transform_func': <function transform_X at 0x7f496a613370>, 'beta': array([1, 2, 3, 4]), 'uniform_range_x': [-2, 2]}",<function generate_sim_data at 0x7f4967c62050>,1,0,"[{'n_iter': 200, 'patience': 100, 'input_size': 1, 'h_sizes': [40, 40]}]",[<class 'models.NueralNet'>],300,1,False,True,,,0.9,,,,,,,200,332,260,240,1.0,0.7692307692307692,1.0,0.7,naive_on_y
0.9,100,500,False,True,False,False,"{'transform_func': <function transform_X at 0x7f496a613370>, 'beta': array([1, 2, 3, 4]), 'uniform_range_x': [-2, 2]}",<function generate_sim_data at 0x7f4967c62050>,1,0,"[{'n_iter': 200, 'patience': 100, 'input_size': 1, 'h_sizes': [40, 40]}]",[<class 'models.NueralNet'>],300,1,False,False,False,False,0.9000000000000341,0.98,0.8733333333333335,0.9000000000000341,0.98,0.9933333333333333,4.0,267,417,279,221,0.9850187265917603,0.942652329749104,1.0,0.3755656108597285,CS_on_mean
0.9,100,500,False,True,False,False,"{'transform_func': <function transform_X at 0x7f496a613370>, 'beta': array([1, 2, 3, 4]), 'uniform_range_x': [-2, 2]}",<function generate_sim_data at 0x7f4967c62050>,1,0,"[{'n_iter': 200, 'patience': 100, 'input_size': 1, 'h_sizes': [40, 40]}]",[<class 'models.NueralNet'>],300,1,False,False,,,0.9,,,,,,,275,312,279,221,0.9890909090909091,0.974910394265233,1.0,0.8506787330316742,naive_on_mean
0.9,100,500,False,True,False,False,"{'transform_func': <function transform_X at 0x7f496a613370>, 'beta': array([1, 2, 3, 4]), 'uniform_range_x': [-2, 2]}",<function generate_sim_data at 0x7f4967c62050>,1,0,"[{'n_iter': 200, 'patience': 100, 'input_size': 1, 'h_sizes': [40, 40]}]",[<class 'models.NueralNet'>],300,1,False,True,True,True,0.8999999999999773,0.96,0.7566666666666666,0.8999999999999773,0.96,0.9966666666666667,20.0,136,500,282,218,1.0,0.4822695035460993,1.0,0.0,CS_on_y
0.9,100,500,False,True,False,False,"{'transform_func': <function transform_X at 0x7f496a613370>, 'beta': array([1, 2, 3, 4]), 'uniform_range_x': [-2, 2]}",<function generate_sim_data at 0x7f4967c62050>,1,0,"[{'n_iter': 200, 'patience': 100, 'input_size': 1, 'h_sizes': [40, 40]}]",[<class 'models.NueralNet'>],300,1,False,True,,,0.9,,,,,,,210,436,282,218,1.0,0.7446808510638299,1.0,0.29357798165137616,naive_on_y
0.9,100,500,False,True,False,False,"{'transform_func': <function transform_X at 0x7f496a613370>, 'beta': array([1, 2, 3, 4]), 'uniform_range_x': [-2, 2]}",<function generate_sim_data at 0x7f4967c62050>,1,0,"[{'n_iter': 200, 'patience': 100, 'input_size': 1, 'h_sizes': [40, 40]}]",[<class 'models.NueralNet'>],300,1,False,True,True,True,0.8999999999999773,0.9633333333333334,0.8033333333333332,0.8999999999999773,0.9633333333333334,0.9933333333333333,4.0,232,291,259,241,1.0,0.8957528957528957,1.0,0.8672199170124482,CS_on_mean
0.9,100,500,False,True,False,False,"{'transform_func': <function transform_X at 0x7f496a613370>, 'beta': array([1, 2, 3, 4]), 'uniform_range_x': [-2, 2]}",<function generate_sim_data at 0x7f4967c62050>,1,0,"[{'n_iter': 200, 'patience': 100, 'input_size': 1, 'h_sizes': [40, 40]}]",[<class 'models.NueralNet'>],300,1,False,True,,,0.9,,,,,,,240,286,259,241,1.0,0.9266409266409267,1.0,0.8879668049792531,naive_on_mean
0.9,100,500,False,True,False,False,"{'transform_func': <function transform_X at 0x7f496a613370>, 'beta': array([1, 2, 3, 4]), 'uniform_range_x': [-2, 2]}",<function generate_sim_data at 0x7f4967c62050>,1,0,"[{'n_iter': 200, 'patience': 100, 'input_size': 1, 'h_sizes': [40, 40]}]",[<class 'models.NueralNet'>],300,1,False,True,True,True,0.8999999999999773,0.9533333333333334,0.6333333333333333,0.8999999999999773,0.9533333333333334,0.9933333333333333,10.0,162,486,266,234,1.0,0.6090225563909775,1.0,0.05982905982905984,CS_on_y
0.9,100,500,False,True,False,False,"{'transform_func': <function transform_X at 0x7f496a613370>, 'beta': array([1, 2, 3, 4]), 'uniform_range_x': [-2, 2]}",<function generate_sim_data at 0x7f4967c62050>,1,0,"[{'n_iter': 200, 'patience': 100, 'input_size': 1, 'h_sizes': [40, 40]}]",[<class 'models.NueralNet'>],300,1,False,True,,,0.9,,,,,,,200,351,266,234,1.0,0.7518796992481203,1.0,0.6367521367521367,naive_on_y
0.9,100,500,False,True,False,False,"{'transform_func': <function transform_X at 0x7f496a613370>, 'beta': array([1, 2, 3, 4]), 'uniform_range_x': [-2, 2]}",<function generate_sim_data at 0x7f4967c62050>,1,0,"[{'n_iter': 200, 'patience': 100, 'input_size': 1, 'h_sizes': [40, 40]}]",[<class 'models.NueralNet'>],300,1,False,True,True,True,0.8999999999999773,0.9866666666666667,0.9566666666666666,0.8999999999999773,0.9866666666666667,0.9933333333333333,27.0,250,307,269,231,1.0,0.929368029739777,1.0,0.8354978354978355,CS_on_mean
0.9,100,500,False,True,False,False,"{'transform_func': <function transform_X at 0x7f496a613370>, 'beta': array([1, 2, 3, 4]), 'uniform_range_x': [-2, 2]}",<function generate_sim_data at 0x7f4967c62050>,1,0,"[{'n_iter': 200, 'patience': 100, 'input_size': 1, 'h_sizes': [40, 40]}]",[<class 'models.NueralNet'>],300,1,False,True,,,0.9,,,,,,,261,297,269,231,1.0,0.9702602230483272,1.0,0.8787878787878788,naive_on_mean
0.9,100,500,False,True,False,False,"{'transform_func': <function transform_X at 0x7f496a613370>, 'beta': array([1, 2, 3, 4]), 'uniform_range_x': [-2, 2]}",<function generate_sim_data at 0x7f4967c62050>,1,0,"[{'n_iter': 200, 'patience': 100, 'input_size': 1, 'h_sizes': [40, 40]}]",[<class 'models.NueralNet'>],300,1,False,True,True,True,0.8999999999999773,0.9733333333333334,0.8666666666666667,0.8999999999999773,0.9733333333333334,0.9966666666666667,18.0,116,500,271,229,1.0,0.4280442804428044,1.0,0.0,CS_on_y
0.9,100,500,False,True,False,False,"{'transform_func': <function transform_X at 0x7f496a613370>, 'beta': array([1, 2, 3, 4]), 'uniform_range_x': [-2, 2]}",<function generate_sim_data at 0x7f4967c62050>,1,0,"[{'n_iter': 200, 'patience': 100, 'input_size': 1, 'h_sizes': [40, 40]}]",[<class 'models.NueralNet'>],300,1,False,True,,,0.9,,,,,,,218,429,271,229,1.0,0.8044280442804428,1.0,0.3100436681222707,naive_on_y
0.9,100,500,False,True,False,False,"{'transform_func': <function transform_X at 0x7f496a613370>, 'beta': array([1, 2, 3, 4]), 'uniform_range_x': [-2, 2]}",<function generate_sim_data at 0x7f4967c62050>,1,0,"[{'n_iter': 200, 'patience': 100, 'input_size': 1, 'h_sizes': [40, 40]}]",[<class 'models.NueralNet'>],300,1,False,True,True,True,0.900000000000091,0.98,0.8466666666666667,0.900000000000091,0.98,0.9833333333333333,5.0,247,300,282,218,1.0,0.875886524822695,1.0,0.9174311926605505,CS_on_mean
0.9,100,500,False,True,False,False,"{'transform_func': <function transform_X at 0x7f496a613370>, 'beta': array([1, 2, 3, 4]), 'uniform_range_x': [-2, 2]}",<function generate_sim_data at 0x7f4967c62050>,1,0,"[{'n_iter': 200, 'patience': 100, 'input_size': 1, 'h_sizes': [40, 40]}]",[<class 'models.NueralNet'>],300,1,False,True,,,0.9,,,,,,,257,291,282,218,1.0,0.9113475177304965,1.0,0.9587155963302753,naive_on_mean
0.9,100,500,False,True,False,False,"{'transform_func': <function transform_X at 0x7f496a613370>, 'beta': array([1, 2, 3, 4]), 'uniform_range_x': [-2, 2]}",<function generate_sim_data at 0x7f4967c62050>,1,0,"[{'n_iter': 200, 'patience': 100, 'input_size': 1, 'h_sizes': [40, 40]}]",[<class 'models.NueralNet'>],300,1,False,True,True,True,0.9000000000000341,0.9633333333333334,0.81,0.9000000000000341,0.9633333333333334,1.0,32.0,175,402,279,221,1.0,0.6272401433691757,1.0,0.4434389140271493,CS_on_y
0.9,100,500,False,True,False,False,"{'transform_func': <function transform_X at 0x7f496a613370>, 'beta': array([1, 2, 3, 4]), 'uniform_range_x': [-2, 2]}",<function generate_sim_data at 0x7f4967c62050>,1,0,"[{'n_iter': 200, 'patience': 100, 'input_size': 1, 'h_sizes': [40, 40]}]",[<class 'models.NueralNet'>],300,1,False,True,,,0.9,,,,,,,218,347,279,221,1.0,0.7813620071684588,1.0,0.6923076923076923,naive_on_y
0.9,100,500,False,True,False,False,"{'transform_func': <function transform_X at 0x7f496a613370>, 'beta': array([1, 2, 3, 4]), 'uniform_range_x': [-2, 2]}",<function generate_sim_data at 0x7f4967c62050>,1,0,"[{'n_iter': 200, 'patience': 100, 'input_size': 1, 'h_sizes': [40, 40]}]",[<class 'models.NueralNet'>],300,1,False,True,True,True,0.8999999999999773,0.97,0.9133333333333333,0.8999999999999773,0.97,0.9866666666666667,22.0,252,350,282,218,1.0,0.8936170212765957,1.0,0.6880733944954128,CS_on_mean
0.9,100,500,False,True,False,False,"{'transform_func': <function transform_X at 0x7f496a613370>, 'beta': array([1, 2, 3, 4]), 'uniform_range_x': [-2, 2]}",<function generate_sim_data at 0x7f4967c62050>,1,0,"[{'n_iter': 200, 'patience': 100, 'input_size': 1, 'h_sizes': [40, 40]}]",[<class 'models.NueralNet'>],300,1,False,True,,,0.9,,,,,,,252,308,282,218,1.0,0.8936170212765957,1.0,0.8807339449541285,naive_on_mean
0.9,100,500,False,True,False,False,"{'transform_func': <function transform_X at 0x7f496a613370>, 'beta': array([1, 2, 3, 4]), 'uniform_range_x': [-2, 2]}",<function generate_sim_data at 0x7f4967c62050>,1,0,"[{'n_iter': 200, 'patience': 100, 'input_size': 1, 'h_sizes': [40, 40]}]",[<class 'models.NueralNet'>],300,1,False,True,True,True,0.9000000000000341,0.9666666666666667,0.8300000000000001,0.9000000000000341,0.9666666666666667,0.9966666666666667,56.0,143,499,272,228,1.0,0.5257352941176471,1.0,0.004385964912280715,CS_on_y
0.9,100,500,False,True,False,False,"{'transform_func': <function transform_X at 0x7f496a613370>, 'beta': array([1, 2, 3, 4]), 'uniform_range_x': [-2, 2]}",<function generate_sim_data at 0x7f4967c62050>,1,0,"[{'n_iter': 200, 'patience': 100, 'input_size': 1, 'h_sizes': [40, 40]}]",[<class 'models.NueralNet'>],300,1,False,True,,,0.9,,,,,,,206,443,272,228,1.0,0.7573529411764706,1.0,0.25,naive_on_y
0.9,100,500,False,True,False,False,"{'transform_func': <function transform_X at 0x7f496a613370>, 'beta': array([1, 2, 3, 4]), 'uniform_range_x': [-2, 2]}",<function generate_sim_data at 0x7f4967c62050>,1,0,"[{'n_iter': 200, 'patience': 100, 'input_size': 1, 'h_sizes': [40, 40]}]",[<class 'models.NueralNet'>],300,1,False,False,True,True,0.9000000000000341,0.95,0.7933333333333334,0.9000000000000341,0.95,0.9866666666666667,13.0,259,316,271,229,0.9961389961389961,0.9520295202952029,1.0,0.8034934497816594,CS_on_mean
0.9,100,500,False,True,False,False,"{'transform_func': <function transform_X at 0x7f496a613370>, 'beta': array([1, 2, 3, 4]), 'uniform_range_x': [-2, 2]}",<function generate_sim_data at 0x7f4967c62050>,1,0,"[{'n_iter': 200, 'patience': 100, 'input_size': 1, 'h_sizes': [40, 40]}]",[<class 'models.NueralNet'>],300,1,False,False,,,0.9,,,,,,,261,296,271,229,0.9961685823754789,0.959409594095941,1.0,0.8908296943231441,naive_on_mean
0.9,100,500,False,True,False,False,"{'transform_func': <function transform_X at 0x7f496a613370>, 'beta': array([1, 2, 3, 4]), 'uniform_range_x': [-2, 2]}",<function generate_sim_data at 0x7f4967c62050>,1,0,"[{'n_iter': 200, 'patience': 100, 'input_size': 1, 'h_sizes': [40, 40]}]",[<class 'models.NueralNet'>],300,1,False,True,True,True,0.9000000000000341,0.97,0.7466666666666666,0.9000000000000341,0.97,0.9966666666666667,25.0,165,461,271,229,1.0,0.6088560885608856,1.0,0.17030567685589515,CS_on_y
0.9,100,500,False,True,False,False,"{'transform_func': <function transform_X at 0x7f496a613370>, 'beta': array([1, 2, 3, 4]), 'uniform_range_x': [-2, 2]}",<function generate_sim_data at 0x7f4967c62050>,1,0,"[{'n_iter': 200, 'patience': 100, 'input_size': 1, 'h_sizes': [40, 40]}]",[<class 'models.NueralNet'>],300,1,False,True,,,0.9,,,,,,,215,398,271,229,1.0,0.7933579335793358,1.0,0.4454148471615721,naive_on_y
0.9,100,500,False,True,False,False,"{'transform_func': <function transform_X at 0x7f496a613370>, 'beta': array([1, 2, 3, 4]), 'uniform_range_x': [-2, 2]}",<function generate_sim_data at 0x7f4967c62050>,1,0,"[{'n_iter': 200, 'patience': 100, 'input_size': 1, 'h_sizes': [40, 40]}]",[<class 'models.NueralNet'>],300,1,False,True,True,True,0.9000000000000341,0.97,0.8966666666666665,0.9000000000000341,0.97,0.9833333333333333,6.0,253,321,275,225,1.0,0.92,1.0,0.7955555555555556,CS_on_mean
0.9,100,500,False,True,False,False,"{'transform_func': <function transform_X at 0x7f496a613370>, 'beta': array([1, 2, 3, 4]), 'uniform_range_x': [-2, 2]}",<function generate_sim_data at 0x7f4967c62050>,1,0,"[{'n_iter': 200, 'patience': 100, 'input_size': 1, 'h_sizes': [40, 40]}]",[<class 'models.NueralNet'>],300,1,False,True,,,0.9,,,,,,,264,308,275,225,1.0,0.96,1.0,0.8533333333333333,naive_on_mean
0.9,100,500,False,True,False,False,"{'transform_func': <function transform_X at 0x7f496a613370>, 'beta': array([1, 2, 3, 4]), 'uniform_range_x': [-2, 2]}",<function generate_sim_data at 0x7f4967c62050>,1,0,"[{'n_iter': 200, 'patience': 100, 'input_size': 1, 'h_sizes': [40, 40]}]",[<class 'models.NueralNet'>],300,1,False,True,True,True,0.9000000000000341,0.9633333333333334,0.78,0.9000000000000341,0.9633333333333334,0.9933333333333333,30.0,140,500,280,220,1.0,0.5,1.0,0.0,CS_on_y
0.9,100,500,False,True,False,False,"{'transform_func': <function transform_X at 0x7f496a613370>, 'beta': array([1, 2, 3, 4]), 'uniform_range_x': [-2, 2]}",<function generate_sim_data at 0x7f4967c62050>,1,0,"[{'n_iter': 200, 'patience': 100, 'input_size': 1, 'h_sizes': [40, 40]}]",[<class 'models.NueralNet'>],300,1,False,True,,,0.9,,,,,,,219,397,280,220,1.0,0.7821428571428571,1.0,0.46818181818181814,naive_on_y
0.9,100,500,False,True,False,False,"{'transform_func': <function transform_X at 0x7f496a613370>, 'beta': array([1, 2, 3, 4]), 'uniform_range_x': [-2, 2]}",<function generate_sim_data at 0x7f4967c62050>,1,0,"[{'n_iter': 200, 'patience': 100, 'input_size': 1, 'h_sizes': [40, 40]}]",[<class 'models.NueralNet'>],300,1,False,True,True,True,0.8999999999999773,0.98,0.8500000000000001,0.8999999999999773,0.98,0.99,15.0,228,289,254,246,1.0,0.8976377952755905,1.0,0.8577235772357723,CS_on_mean
0.9,100,500,False,True,False,False,"{'transform_func': <function transform_X at 0x7f496a613370>, 'beta': array([1, 2, 3, 4]), 'uniform_range_x': [-2, 2]}",<function generate_sim_data at 0x7f4967c62050>,1,0,"[{'n_iter': 200, 'patience': 100, 'input_size': 1, 'h_sizes': [40, 40]}]",[<class 'models.NueralNet'>],300,1,False,True,,,0.9,,,,,,,231,276,254,246,1.0,0.9094488188976377,1.0,0.9105691056910569,naive_on_mean
0.9,100,500,False,True,False,False,"{'transform_func': <function transform_X at 0x7f496a613370>, 'beta': array([1, 2, 3, 4]), 'uniform_range_x': [-2, 2]}",<function generate_sim_data at 0x7f4967c62050>,1,0,"[{'n_iter': 200, 'patience': 100, 'input_size': 1, 'h_sizes': [40, 40]}]",[<class 'models.NueralNet'>],300,1,False,True,True,True,0.9000000000000341,0.9866666666666667,0.8799999999999999,0.9000000000000341,0.9866666666666667,0.9966666666666667,26.0,138,397,251,249,1.0,0.549800796812749,1.0,0.4136546184738956,CS_on_y
0.9,100,500,False,True,False,False,"{'transform_func': <function transform_X at 0x7f496a613370>, 'beta': array([1, 2, 3, 4]), 'uniform_range_x': [-2, 2]}",<function generate_sim_data at 0x7f4967c62050>,1,0,"[{'n_iter': 200, 'patience': 100, 'input_size': 1, 'h_sizes': [40, 40]}]",[<class 'models.NueralNet'>],300,1,False,True,,,0.9,,,,,,,186,310,251,249,1.0,0.7410358565737052,1.0,0.7630522088353413,naive_on_y
0.9,100,500,False,True,False,False,"{'transform_func': <function transform_X at 0x7f496a613370>, 'beta': array([1, 2, 3, 4]), 'uniform_range_x': [-2, 2]}",<function generate_sim_data at 0x7f4967c62050>,1,0,"[{'n_iter': 200, 'patience': 100, 'input_size': 1, 'h_sizes': [40, 40]}]",[<class 'models.NueralNet'>],300,1,False,True,True,True,0.9000000000000341,0.9666666666666667,0.7733333333333334,0.9000000000000341,0.9666666666666667,0.9733333333333334,10.0,233,292,268,232,1.0,0.8694029850746269,1.0,0.896551724137931,CS_on_mean
0.9,100,500,False,True,False,False,"{'transform_func': <function transform_X at 0x7f496a613370>, 'beta': array([1, 2, 3, 4]), 'uniform_range_x': [-2, 2]}",<function generate_sim_data at 0x7f4967c62050>,1,0,"[{'n_iter': 200, 'patience': 100, 'input_size': 1, 'h_sizes': [40, 40]}]",[<class 'models.NueralNet'>],300,1,False,True,,,0.9,,,,,,,240,285,268,232,1.0,0.8955223880597015,1.0,0.9267241379310345,naive_on_mean
0.9,100,500,False,True,False,False,"{'transform_func': <function transform_X at 0x7f496a613370>, 'beta': array([1, 2, 3, 4]), 'uniform_range_x': [-2, 2]}",<function generate_sim_data at 0x7f4967c62050>,1,0,"[{'n_iter': 200, 'patience': 100, 'input_size': 1, 'h_sizes': [40, 40]}]",[<class 'models.NueralNet'>],300,1,False,True,True,True,0.9000000000000341,0.9766666666666667,0.8466666666666667,0.9000000000000341,0.9766666666666667,0.9966666666666667,63.0,145,472,266,234,1.0,0.5451127819548872,1.0,0.11965811965811968,CS_on_y
0.9,100,500,False,True,False,False,"{'transform_func': <function transform_X at 0x7f496a613370>, 'beta': array([1, 2, 3, 4]), 'uniform_range_x': [-2, 2]}",<function generate_sim_data at 0x7f4967c62050>,1,0,"[{'n_iter': 200, 'patience': 100, 'input_size': 1, 'h_sizes': [40, 40]}]",[<class 'models.NueralNet'>],300,1,False,False,,,0.9,,,,,,,206,354,266,234,0.9951456310679612,0.7706766917293233,1.0,0.6239316239316239,naive_on_y
0.9,100,500,False,True,False,False,"{'transform_func': <function transform_X at 0x7f496a613370>, 'beta': array([1, 2, 3, 4]), 'uniform_range_x': [-2, 2]}",<function generate_sim_data at 0x7f4967c62050>,1,0,"[{'n_iter': 200, 'patience': 100, 'input_size': 1, 'h_sizes': [40, 40]}]",[<class 'models.NueralNet'>],300,1,False,True,True,True,0.9000000000000341,0.98,0.8733333333333333,0.9000000000000341,0.98,0.9966666666666667,17.0,224,305,278,222,1.0,0.8057553956834532,1.0,0.8783783783783784,CS_on_mean
0.9,100,500,False,True,False,False,"{'transform_func': <function transform_X at 0x7f496a613370>, 'beta': array([1, 2, 3, 4]), 'uniform_range_x': [-2, 2]}",<function generate_sim_data at 0x7f4967c62050>,1,0,"[{'n_iter': 200, 'patience': 100, 'input_size': 1, 'h_sizes': [40, 40]}]",[<class 'models.NueralNet'>],300,1,False,True,,,0.9,,,,,,,249,292,278,222,1.0,0.89568345323741,1.0,0.9369369369369369,naive_on_mean
0.9,100,500,False,True,False,False,"{'transform_func': <function transform_X at 0x7f496a613370>, 'beta': array([1, 2, 3, 4]), 'uniform_range_x': [-2, 2]}",<function generate_sim_data at 0x7f4967c62050>,1,0,"[{'n_iter': 200, 'patience': 100, 'input_size': 1, 'h_sizes': [40, 40]}]",[<class 'models.NueralNet'>],300,1,False,True,True,True,0.8999999999999773,0.98,0.8700000000000001,0.8999999999999773,0.98,1.0,46.0,97,419,266,234,1.0,0.36466165413533835,1.0,0.34615384615384615,CS_on_y
0.9,100,500,False,True,False,False,"{'transform_func': <function transform_X at 0x7f496a613370>, 'beta': array([1, 2, 3, 4]), 'uniform_range_x': [-2, 2]}",<function generate_sim_data at 0x7f4967c62050>,1,0,"[{'n_iter': 200, 'patience': 100, 'input_size': 1, 'h_sizes': [40, 40]}]",[<class 'models.NueralNet'>],300,1,False,False,,,0.9,,,,,,,202,346,266,234,0.995049504950495,0.7556390977443609,1.0,0.6581196581196581,naive_on_y
0.9,100,500,False,True,False,False,"{'transform_func': <function transform_X at 0x7f496a613370>, 'beta': array([1, 2, 3, 4]), 'uniform_range_x': [-2, 2]}",<function generate_sim_data at 0x7f4967c62050>,1,0,"[{'n_iter': 200, 'patience': 100, 'input_size': 1, 'h_sizes': [40, 40]}]",[<class 'models.NueralNet'>],300,1,False,True,True,True,0.8999999999999773,0.9766666666666667,0.8233333333333333,0.8999999999999773,0.9766666666666667,0.98,4.0,247,304,261,239,1.0,0.946360153256705,1.0,0.8200836820083682,CS_on_mean
0.9,100,500,False,True,False,False,"{'transform_func': <function transform_X at 0x7f496a613370>, 'beta': array([1, 2, 3, 4]), 'uniform_range_x': [-2, 2]}",<function generate_sim_data at 0x7f4967c62050>,1,0,"[{'n_iter': 200, 'patience': 100, 'input_size': 1, 'h_sizes': [40, 40]}]",[<class 'models.NueralNet'>],300,1,False,True,,,0.9,,,,,,,250,282,261,239,1.0,0.9578544061302682,1.0,0.9121338912133892,naive_on_mean
0.9,100,500,False,True,False,False,"{'transform_func': <function transform_X at 0x7f496a613370>, 'beta': array([1, 2, 3, 4]), 'uniform_range_x': [-2, 2]}",<function generate_sim_data at 0x7f4967c62050>,1,0,"[{'n_iter': 200, 'patience': 100, 'input_size': 1, 'h_sizes': [40, 40]}]",[<class 'models.NueralNet'>],300,1,False,True,True,True,0.8999999999999773,0.98,0.8133333333333335,0.8999999999999773,0.98,0.9933333333333333,10.0,147,468,265,235,1.0,0.5547169811320755,1.0,0.13617021276595742,CS_on_y
0.9,100,500,False,True,False,False,"{'transform_func': <function transform_X at 0x7f496a613370>, 'beta': array([1, 2, 3, 4]), 'uniform_range_x': [-2, 2]}",<function generate_sim_data at 0x7f4967c62050>,1,0,"[{'n_iter': 200, 'patience': 100, 'input_size': 1, 'h_sizes': [40, 40]}]",[<class 'models.NueralNet'>],300,1,False,True,,,0.9,,,,,,,220,346,265,235,1.0,0.8301886792452831,1.0,0.6553191489361703,naive_on_y
0.9,100,500,False,True,False,False,"{'transform_func': <function transform_X at 0x7f496a613370>, 'beta': array([1, 2, 3, 4]), 'uniform_range_x': [-2, 2]}",<function generate_sim_data at 0x7f4967c62050>,1,0,"[{'n_iter': 200, 'patience': 100, 'input_size': 1, 'h_sizes': [40, 40]}]",[<class 'models.NueralNet'>],300,1,False,True,True,True,0.9000000000000341,0.9633333333333334,0.8599999999999999,0.9000000000000341,0.9633333333333334,0.98,7.0,233,290,256,244,1.0,0.91015625,1.0,0.860655737704918,CS_on_mean
0.9,100,500,False,True,False,False,"{'transform_func': <function transform_X at 0x7f496a613370>, 'beta': array([1, 2, 3, 4]), 'uniform_range_x': [-2, 2]}",<function generate_sim_data at 0x7f4967c62050>,1,0,"[{'n_iter': 200, 'patience': 100, 'input_size': 1, 'h_sizes': [40, 40]}]",[<class 'models.NueralNet'>],300,1,False,False,,,0.9,,,,,,,250,285,256,244,0.992,0.96875,1.0,0.8811475409836066,naive_on_mean
0.9,100,500,False,True,False,False,"{'transform_func': <function transform_X at 0x7f496a613370>, 'beta': array([1, 2, 3, 4]), 'uniform_range_x': [-2, 2]}",<function generate_sim_data at 0x7f4967c62050>,1,0,"[{'n_iter': 200, 'patience': 100, 'input_size': 1, 'h_sizes': [40, 40]}]",[<class 'models.NueralNet'>],300,1,False,True,True,True,0.9000000000000341,0.9533333333333334,0.7566666666666666,0.9000000000000341,0.9533333333333334,0.99,33.0,117,500,259,241,1.0,0.4517374517374517,1.0,0.0,CS_on_y
0.9,100,500,False,True,False,False,"{'transform_func': <function transform_X at 0x7f496a613370>, 'beta': array([1, 2, 3, 4]), 'uniform_range_x': [-2, 2]}",<function generate_sim_data at 0x7f4967c62050>,1,0,"[{'n_iter': 200, 'patience': 100, 'input_size': 1, 'h_sizes': [40, 40]}]",[<class 'models.NueralNet'>],300,1,False,True,,,0.9,,,,,,,196,414,259,241,1.0,0.7567567567567568,1.0,0.3568464730290456,naive_on_y
0.9,100,500,False,True,False,False,"{'transform_func': <function transform_X at 0x7f496a613370>, 'beta': array([1, 2, 3, 4]), 'uniform_range_x': [-2, 2]}",<function generate_sim_data at 0x7f4967c62050>,1,0,"[{'n_iter': 200, 'patience': 100, 'input_size': 1, 'h_sizes': [40, 40]}]",[<class 'models.NueralNet'>],300,1,False,True,True,True,0.9000000000000341,0.95,0.8133333333333335,0.9000000000000341,0.95,0.9633333333333334,6.0,232,278,266,234,1.0,0.8721804511278195,1.0,0.9487179487179487,CS_on_mean
0.9,100,500,False,True,False,False,"{'transform_func': <function transform_X at 0x7f496a613370>, 'beta': array([1, 2, 3, 4]), 'uniform_range_x': [-2, 2]}",<function generate_sim_data at 0x7f4967c62050>,1,0,"[{'n_iter': 200, 'patience': 100, 'input_size': 1, 'h_sizes': [40, 40]}]",[<class 'models.NueralNet'>],300,1,False,True,,,0.9,,,,,,,249,275,266,234,1.0,0.9360902255639098,1.0,0.9615384615384616,naive_on_mean
0.9,100,500,False,True,False,False,"{'transform_func': <function transform_X at 0x7f496a613370>, 'beta': array([1, 2, 3, 4]), 'uniform_range_x': [-2, 2]}",<function generate_sim_data at 0x7f4967c62050>,1,0,"[{'n_iter': 200, 'patience': 100, 'input_size': 1, 'h_sizes': [40, 40]}]",[<class 'models.NueralNet'>],300,1,False,True,True,True,0.9000000000000341,0.9833333333333333,0.8733333333333335,0.9000000000000341,0.9833333333333333,1.0,94.0,161,376,266,234,1.0,0.6052631578947368,1.0,0.5299145299145299,CS_on_y
0.9,100,500,False,True,False,False,"{'transform_func': <function transform_X at 0x7f496a613370>, 'beta': array([1, 2, 3, 4]), 'uniform_range_x': [-2, 2]}",<function generate_sim_data at 0x7f4967c62050>,1,0,"[{'n_iter': 200, 'patience': 100, 'input_size': 1, 'h_sizes': [40, 40]}]",[<class 'models.NueralNet'>],300,1,False,False,,,0.9,,,,,,,200,316,266,234,1.0,0.7518796992481203,0.9891304347826086,0.7777777777777778,naive_on_y
0.9,100,500,False,True,False,False,"{'transform_func': <function transform_X at 0x7f496a613370>, 'beta': array([1, 2, 3, 4]), 'uniform_range_x': [-2, 2]}",<function generate_sim_data at 0x7f4967c62050>,1,0,"[{'n_iter': 200, 'patience': 100, 'input_size': 1, 'h_sizes': [40, 40]}]",[<class 'models.NueralNet'>],300,1,False,True,True,True,0.9000000000000341,0.97,0.8333333333333333,0.9000000000000341,0.97,0.98,4.0,234,298,270,230,1.0,0.8666666666666667,1.0,0.8782608695652174,CS_on_mean
0.9,100,500,False,True,False,False,"{'transform_func': <function transform_X at 0x7f496a613370>, 'beta': array([1, 2, 3, 4]), 'uniform_range_x': [-2, 2]}",<function generate_sim_data at 0x7f4967c62050>,1,0,"[{'n_iter': 200, 'patience': 100, 'input_size': 1, 'h_sizes': [40, 40]}]",[<class 'models.NueralNet'>],300,1,False,True,,,0.9,,,,,,,256,289,270,230,1.0,0.9481481481481482,1.0,0.9173913043478261,naive_on_mean
0.9,100,500,False,True,False,False,"{'transform_func': <function transform_X at 0x7f496a613370>, 'beta': array([1, 2, 3, 4]), 'uniform_range_x': [-2, 2]}",<function generate_sim_data at 0x7f4967c62050>,1,0,"[{'n_iter': 200, 'patience': 100, 'input_size': 1, 'h_sizes': [40, 40]}]",[<class 'models.NueralNet'>],300,1,False,True,True,True,0.9000000000000341,0.9566666666666667,0.7633333333333332,0.9000000000000341,0.9566666666666667,0.9933333333333333,41.0,150,474,265,235,1.0,0.5660377358490566,1.0,0.11063829787234047,CS_on_y
0.9,100,500,False,True,False,False,"{'transform_func': <function transform_X at 0x7f496a613370>, 'beta': array([1, 2, 3, 4]), 'uniform_range_x': [-2, 2]}",<function generate_sim_data at 0x7f4967c62050>,1,0,"[{'n_iter': 200, 'patience': 100, 'input_size': 1, 'h_sizes': [40, 40]}]",[<class 'models.NueralNet'>],300,1,False,True,,,0.9,,,,,,,207,350,265,235,1.0,0.7811320754716982,1.0,0.6382978723404256,naive_on_y
0.9,100,500,False,True,False,False,"{'transform_func': <function transform_X at 0x7f496a613370>, 'beta': array([1, 2, 3, 4]), 'uniform_range_x': [-2, 2]}",<function generate_sim_data at 0x7f4967c62050>,1,0,"[{'n_iter': 200, 'patience': 100, 'input_size': 1, 'h_sizes': [40, 40]}]",[<class 'models.NueralNet'>],300,1,False,True,True,True,0.9000000000000341,0.9866666666666667,0.9633333333333334,0.9000000000000341,0.9866666666666667,0.9933333333333333,13.0,232,306,268,232,1.0,0.8656716417910448,1.0,0.8362068965517242,CS_on_mean
0.9,100,500,False,True,False,False,"{'transform_func': <function transform_X at 0x7f496a613370>, 'beta': array([1, 2, 3, 4]), 'uniform_range_x': [-2, 2]}",<function generate_sim_data at 0x7f4967c62050>,1,0,"[{'n_iter': 200, 'patience': 100, 'input_size': 1, 'h_sizes': [40, 40]}]",[<class 'models.NueralNet'>],300,1,False,True,,,0.9,,,,,,,247,290,268,232,1.0,0.9216417910447761,1.0,0.9051724137931034,naive_on_mean
0.9,100,500,False,True,False,False,"{'transform_func': <function transform_X at 0x7f496a613370>, 'beta': array([1, 2, 3, 4]), 'uniform_range_x': [-2, 2]}",<function generate_sim_data at 0x7f4967c62050>,1,0,"[{'n_iter': 200, 'patience': 100, 'input_size': 1, 'h_sizes': [40, 40]}]",[<class 'models.NueralNet'>],300,1,False,True,True,True,0.9000000000000341,0.9633333333333334,0.7933333333333334,0.9000000000000341,0.9633333333333334,0.9933333333333333,31.0,135,436,274,226,1.0,0.4927007299270073,1.0,0.2831858407079646,CS_on_y
0.9,100,500,False,True,False,False,"{'transform_func': <function transform_X at 0x7f496a613370>, 'beta': array([1, 2, 3, 4]), 'uniform_range_x': [-2, 2]}",<function generate_sim_data at 0x7f4967c62050>,1,0,"[{'n_iter': 200, 'patience': 100, 'input_size': 1, 'h_sizes': [40, 40]}]",[<class 'models.NueralNet'>],300,1,False,True,,,0.9,,,,,,,201,345,274,226,1.0,0.7335766423357664,1.0,0.6858407079646018,naive_on_y
0.9,100,500,False,True,False,False,"{'transform_func': <function transform_X at 0x7f496a613370>, 'beta': array([1, 2, 3, 4]), 'uniform_range_x': [-2, 2]}",<function generate_sim_data at 0x7f4967c62050>,1,0,"[{'n_iter': 200, 'patience': 100, 'input_size': 1, 'h_sizes': [40, 40]}]",[<class 'models.NueralNet'>],300,1,False,True,True,True,0.9000000000000341,0.9866666666666667,0.9100000000000001,0.9000000000000341,0.9866666666666667,1.0,17.0,224,396,270,230,1.0,0.8296296296296296,1.0,0.4521739130434783,CS_on_mean
0.9,100,500,False,True,False,False,"{'transform_func': <function transform_X at 0x7f496a613370>, 'beta': array([1, 2, 3, 4]), 'uniform_range_x': [-2, 2]}",<function generate_sim_data at 0x7f4967c62050>,1,0,"[{'n_iter': 200, 'patience': 100, 'input_size': 1, 'h_sizes': [40, 40]}]",[<class 'models.NueralNet'>],300,1,False,False,,,0.9,,,,,,,260,313,270,230,0.9961538461538462,0.9592592592592593,1.0,0.8130434782608695,naive_on_mean
0.9,100,500,False,True,False,False,"{'transform_func': <function transform_X at 0x7f496a613370>, 'beta': array([1, 2, 3, 4]), 'uniform_range_x': [-2, 2]}",<function generate_sim_data at 0x7f4967c62050>,1,0,"[{'n_iter': 200, 'patience': 100, 'input_size': 1, 'h_sizes': [40, 40]}]",[<class 'models.NueralNet'>],300,1,False,True,True,True,0.8999999999999773,0.97,0.8966666666666665,0.8999999999999773,0.97,0.9966666666666667,52.0,96,497,267,233,1.0,0.3595505617977528,1.0,0.012875536480686733,CS_on_y
0.9,100,500,False,True,False,False,"{'transform_func': <function transform_X at 0x7f496a613370>, 'beta': array([1, 2, 3, 4]), 'uniform_range_x': [-2, 2]}",<function generate_sim_data at 0x7f4967c62050>,1,0,"[{'n_iter': 200, 'patience': 100, 'input_size': 1, 'h_sizes': [40, 40]}]",[<class 'models.NueralNet'>],300,1,False,True,,,0.9,,,,,,,199,424,267,233,1.0,0.7453183520599251,1.0,0.32618025751072965,naive_on_y
0.9,100,500,False,True,False,False,"{'transform_func': <function transform_X at 0x7f496a613370>, 'beta': array([1, 2, 3, 4]), 'uniform_range_x': [-2, 2]}",<function generate_sim_data at 0x7f4967c62050>,1,0,"[{'n_iter': 200, 'patience': 100, 'input_size': 1, 'h_sizes': [40, 40]}]",[<class 'models.NueralNet'>],300,1,False,True,True,True,0.8999999999999773,0.9933333333333333,0.9566666666666666,0.8999999999999773,0.9933333333333333,0.9966666666666667,3.0,226,301,257,243,1.0,0.8793774319066148,1.0,0.8189300411522633,CS_on_mean
0.9,100,500,False,True,False,False,"{'transform_func': <function transform_X at 0x7f496a613370>, 'beta': array([1, 2, 3, 4]), 'uniform_range_x': [-2, 2]}",<function generate_sim_data at 0x7f4967c62050>,1,0,"[{'n_iter': 200, 'patience': 100, 'input_size': 1, 'h_sizes': [40, 40]}]",[<class 'models.NueralNet'>],300,1,False,True,,,0.9,,,,,,,242,275,257,243,1.0,0.9416342412451362,1.0,0.9259259259259259,naive_on_mean
0.9,100,500,False,True,False,False,"{'transform_func': <function transform_X at 0x7f496a613370>, 'beta': array([1, 2, 3, 4]), 'uniform_range_x': [-2, 2]}",<function generate_sim_data at 0x7f4967c62050>,1,0,"[{'n_iter': 200, 'patience': 100, 'input_size': 1, 'h_sizes': [40, 40]}]",[<class 'models.NueralNet'>],300,1,False,True,True,True,0.9000000000000341,0.97,0.7766666666666666,0.9000000000000341,0.97,0.9933333333333333,8.0,132,476,260,240,1.0,0.5076923076923077,1.0,0.09999999999999998,CS_on_y
0.9,100,500,False,True,False,False,"{'transform_func': <function transform_X at 0x7f496a613370>, 'beta': array([1, 2, 3, 4]), 'uniform_range_x': [-2, 2]}",<function generate_sim_data at 0x7f4967c62050>,1,0,"[{'n_iter': 200, 'patience': 100, 'input_size': 1, 'h_sizes': [40, 40]}]",[<class 'models.NueralNet'>],300,1,False,True,,,0.9,,,,,,,194,337,260,240,1.0,0.7461538461538462,1.0,0.6791666666666667,naive_on_y
0.9,100,500,False,True,False,False,"{'transform_func': <function transform_X at 0x7f496a613370>, 'beta': array([1, 2, 3, 4]), 'uniform_range_x': [-2, 2]}",<function generate_sim_data at 0x7f4967c62050>,1,0,"[{'n_iter': 200, 'patience': 100, 'input_size': 1, 'h_sizes': [40, 40]}]",[<class 'models.NueralNet'>],300,1,False,True,True,True,0.9000000000000341,0.97,0.81,0.9000000000000341,0.97,0.9866666666666667,3.0,263,315,277,223,1.0,0.9494584837545126,1.0,0.8295964125560538,CS_on_mean
0.9,100,500,False,True,False,False,"{'transform_func': <function transform_X at 0x7f496a613370>, 'beta': array([1, 2, 3, 4]), 'uniform_range_x': [-2, 2]}",<function generate_sim_data at 0x7f4967c62050>,1,0,"[{'n_iter': 200, 'patience': 100, 'input_size': 1, 'h_sizes': [40, 40]}]",[<class 'models.NueralNet'>],300,1,False,True,,,0.9,,,,,,,263,296,277,223,1.0,0.9494584837545126,1.0,0.9147982062780269,naive_on_mean
0.9,100,500,False,True,False,False,"{'transform_func': <function transform_X at 0x7f496a613370>, 'beta': array([1, 2, 3, 4]), 'uniform_range_x': [-2, 2]}",<function generate_sim_data at 0x7f4967c62050>,1,0,"[{'n_iter': 200, 'patience': 100, 'input_size': 1, 'h_sizes': [40, 40]}]",[<class 'models.NueralNet'>],300,1,False,True,True,True,0.9000000000000341,0.9666666666666667,0.6600000000000001,0.9000000000000341,0.9666666666666667,0.9966666666666667,15.0,176,465,275,225,1.0,0.64,1.0,0.15555555555555556,CS_on_y
0.9,100,500,False,True,False,False,"{'transform_func': <function transform_X at 0x7f496a613370>, 'beta': array([1, 2, 3, 4]), 'uniform_range_x': [-2, 2]}",<function generate_sim_data at 0x7f4967c62050>,1,0,"[{'n_iter': 200, 'patience': 100, 'input_size': 1, 'h_sizes': [40, 40]}]",[<class 'models.NueralNet'>],300,1,False,True,,,0.9,,,,,,,229,364,275,225,1.0,0.8327272727272728,1.0,0.6044444444444445,naive_on_y
0.9,100,500,False,True,False,False,"{'transform_func': <function transform_X at 0x7f496a613370>, 'beta': array([1, 2, 3, 4]), 'uniform_range_x': [-2, 2]}",<function generate_sim_data at 0x7f4967c62050>,1,0,"[{'n_iter': 200, 'patience': 100, 'input_size': 1, 'h_sizes': [40, 40]}]",[<class 'models.NueralNet'>],300,1,False,True,True,True,0.8999999999999773,0.9733333333333334,0.9066666666666667,0.8999999999999773,0.9733333333333334,0.99,15.0,236,299,260,240,1.0,0.9076923076923077,1.0,0.8375,CS_on_mean
0.9,100,500,False,True,False,False,"{'transform_func': <function transform_X at 0x7f496a613370>, 'beta': array([1, 2, 3, 4]), 'uniform_range_x': [-2, 2]}",<function generate_sim_data at 0x7f4967c62050>,1,0,"[{'n_iter': 200, 'patience': 100, 'input_size': 1, 'h_sizes': [40, 40]}]",[<class 'models.NueralNet'>],300,1,False,True,,,0.9,,,,,,,251,289,260,240,1.0,0.9653846153846154,1.0,0.8791666666666667,naive_on_mean
0.9,100,500,False,True,False,False,"{'transform_func': <function transform_X at 0x7f496a613370>, 'beta': array([1, 2, 3, 4]), 'uniform_range_x': [-2, 2]}",<function generate_sim_data at 0x7f4967c62050>,1,0,"[{'n_iter': 200, 'patience': 100, 'input_size': 1, 'h_sizes': [40, 40]}]",[<class 'models.NueralNet'>],300,1,False,True,True,True,0.8999999999999773,0.97,0.8366666666666667,0.8999999999999773,0.97,1.0,28.0,155,442,265,235,1.0,0.5849056603773585,1.0,0.2468085106382979,CS_on_y
0.9,100,500,False,True,False,False,"{'transform_func': <function transform_X at 0x7f496a613370>, 'beta': array([1, 2, 3, 4]), 'uniform_range_x': [-2, 2]}",<function generate_sim_data at 0x7f4967c62050>,1,0,"[{'n_iter': 200, 'patience': 100, 'input_size': 1, 'h_sizes': [40, 40]}]",[<class 'models.NueralNet'>],300,1,False,False,,,0.9,,,,,,,221,335,265,235,1.0,0.8339622641509434,0.9939393939393939,0.6978723404255319,naive_on_y
0.9,100,500,False,True,False,False,"{'transform_func': <function transform_X at 0x7f496a613370>, 'beta': array([1, 2, 3, 4]), 'uniform_range_x': [-2, 2]}",<function generate_sim_data at 0x7f4967c62050>,1,0,"[{'n_iter': 200, 'patience': 100, 'input_size': 1, 'h_sizes': [40, 40]}]",[<class 'models.NueralNet'>],300,1,False,True,True,True,0.9000000000000341,0.9633333333333334,0.8300000000000001,0.9000000000000341,0.9633333333333334,0.9933333333333333,15.0,247,307,280,220,1.0,0.8821428571428571,1.0,0.8772727272727273,CS_on_mean
0.9,100,500,False,True,False,False,"{'transform_func': <function transform_X at 0x7f496a613370>, 'beta': array([1, 2, 3, 4]), 'uniform_range_x': [-2, 2]}",<function generate_sim_data at 0x7f4967c62050>,1,0,"[{'n_iter': 200, 'patience': 100, 'input_size': 1, 'h_sizes': [40, 40]}]",[<class 'models.NueralNet'>],300,1,False,True,,,0.9,,,,,,,256,298,280,220,1.0,0.9142857142857143,1.0,0.9181818181818182,naive_on_mean
0.9,100,500,False,True,False,False,"{'transform_func': <function transform_X at 0x7f496a613370>, 'beta': array([1, 2, 3, 4]), 'uniform_range_x': [-2, 2]}",<function generate_sim_data at 0x7f4967c62050>,1,0,"[{'n_iter': 200, 'patience': 100, 'input_size': 1, 'h_sizes': [40, 40]}]",[<class 'models.NueralNet'>],300,1,False,True,True,True,0.9000000000000341,0.9633333333333334,0.76,0.9000000000000341,0.9633333333333334,0.9966666666666667,44.0,148,428,278,222,1.0,0.5323741007194245,1.0,0.32432432432432434,CS_on_y
0.9,100,500,False,True,False,False,"{'transform_func': <function transform_X at 0x7f496a613370>, 'beta': array([1, 2, 3, 4]), 'uniform_range_x': [-2, 2]}",<function generate_sim_data at 0x7f4967c62050>,1,0,"[{'n_iter': 200, 'patience': 100, 'input_size': 1, 'h_sizes': [40, 40]}]",[<class 'models.NueralNet'>],300,1,False,True,,,0.9,,,,,,,223,359,278,222,1.0,0.802158273381295,1.0,0.6351351351351351,naive_on_y
0.9,100,500,False,True,False,False,"{'transform_func': <function transform_X at 0x7f496a613370>, 'beta': array([1, 2, 3, 4]), 'uniform_range_x': [-2, 2]}",<function generate_sim_data at 0x7f4967c62050>,1,0,"[{'n_iter': 200, 'patience': 100, 'input_size': 1, 'h_sizes': [40, 40]}]",[<class 'models.NueralNet'>],300,1,False,True,True,True,0.9000000000000341,0.97,0.8200000000000001,0.9000000000000341,0.97,0.9866666666666667,14.0,239,287,272,228,1.0,0.8786764705882353,1.0,0.9342105263157895,CS_on_mean
0.9,100,500,False,True,False,False,"{'transform_func': <function transform_X at 0x7f496a613370>, 'beta': array([1, 2, 3, 4]), 'uniform_range_x': [-2, 2]}",<function generate_sim_data at 0x7f4967c62050>,1,0,"[{'n_iter': 200, 'patience': 100, 'input_size': 1, 'h_sizes': [40, 40]}]",[<class 'models.NueralNet'>],300,1,False,True,,,0.9,,,,,,,246,282,272,228,1.0,0.9044117647058824,1.0,0.956140350877193,naive_on_mean
0.9,100,500,False,True,False,False,"{'transform_func': <function transform_X at 0x7f496a613370>, 'beta': array([1, 2, 3, 4]), 'uniform_range_x': [-2, 2]}",<function generate_sim_data at 0x7f4967c62050>,1,0,"[{'n_iter': 200, 'patience': 100, 'input_size': 1, 'h_sizes': [40, 40]}]",[<class 'models.NueralNet'>],300,1,False,True,True,True,0.9000000000000341,0.9666666666666667,0.7233333333333334,0.9000000000000341,0.9666666666666667,0.9966666666666667,15.0,167,382,272,228,1.0,0.6139705882352942,1.0,0.5175438596491229,CS_on_y
0.9,100,500,False,True,False,False,"{'transform_func': <function transform_X at 0x7f496a613370>, 'beta': array([1, 2, 3, 4]), 'uniform_range_x': [-2, 2]}",<function generate_sim_data at 0x7f4967c62050>,1,0,"[{'n_iter': 200, 'patience': 100, 'input_size': 1, 'h_sizes': [40, 40]}]",[<class 'models.NueralNet'>],300,1,False,True,,,0.9,,,,,,,205,322,272,228,1.0,0.7536764705882353,1.0,0.7807017543859649,naive_on_y
0.9,100,500,False,True,False,False,"{'transform_func': <function transform_X at 0x7f496a613370>, 'beta': array([1, 2, 3, 4]), 'uniform_range_x': [-2, 2]}",<function generate_sim_data at 0x7f4967c62050>,1,0,"[{'n_iter': 200, 'patience': 100, 'input_size': 1, 'h_sizes': [40, 40]}]",[<class 'models.NueralNet'>],300,1,False,True,True,True,0.9000000000000341,0.9833333333333333,0.8633333333333333,0.9000000000000341,0.9833333333333333,0.9833333333333333,2.0,234,294,268,232,1.0,0.8731343283582089,1.0,0.8879310344827587,CS_on_mean
0.9,100,500,False,True,False,False,"{'transform_func': <function transform_X at 0x7f496a613370>, 'beta': array([1, 2, 3, 4]), 'uniform_range_x': [-2, 2]}",<function generate_sim_data at 0x7f4967c62050>,1,0,"[{'n_iter': 200, 'patience': 100, 'input_size': 1, 'h_sizes': [40, 40]}]",[<class 'models.NueralNet'>],300,1,False,True,,,0.9,,,,,,,246,289,268,232,1.0,0.917910447761194,1.0,0.9094827586206896,naive_on_mean
0.9,100,500,False,True,False,False,"{'transform_func': <function transform_X at 0x7f496a613370>, 'beta': array([1, 2, 3, 4]), 'uniform_range_x': [-2, 2]}",<function generate_sim_data at 0x7f4967c62050>,1,0,"[{'n_iter': 200, 'patience': 100, 'input_size': 1, 'h_sizes': [40, 40]}]",[<class 'models.NueralNet'>],300,1,False,True,True,True,0.9000000000000341,0.9666666666666667,0.7466666666666666,0.9000000000000341,0.9666666666666667,1.0,26.0,159,384,270,230,1.0,0.5888888888888889,1.0,0.5043478260869565,CS_on_y
0.9,100,500,False,True,False,False,"{'transform_func': <function transform_X at 0x7f496a613370>, 'beta': array([1, 2, 3, 4]), 'uniform_range_x': [-2, 2]}",<function generate_sim_data at 0x7f4967c62050>,1,0,"[{'n_iter': 200, 'patience': 100, 'input_size': 1, 'h_sizes': [40, 40]}]",[<class 'models.NueralNet'>],300,1,False,True,,,0.9,,,,,,,197,330,270,230,1.0,0.7296296296296296,1.0,0.7391304347826086,naive_on_y
0.9,100,500,False,True,False,False,"{'transform_func': <function transform_X at 0x7f496a613370>, 'beta': array([1, 2, 3, 4]), 'uniform_range_x': [-2, 2]}",<function generate_sim_data at 0x7f4967c62050>,1,0,"[{'n_iter': 200, 'patience': 100, 'input_size': 1, 'h_sizes': [40, 40]}]",[<class 'models.NueralNet'>],300,1,False,True,True,True,0.9000000000000341,0.9666666666666667,0.8799999999999999,0.9000000000000341,0.9666666666666667,0.9866666666666667,14.0,245,383,270,230,1.0,0.9074074074074074,1.0,0.508695652173913,CS_on_mean
0.9,100,500,False,True,False,False,"{'transform_func': <function transform_X at 0x7f496a613370>, 'beta': array([1, 2, 3, 4]), 'uniform_range_x': [-2, 2]}",<function generate_sim_data at 0x7f4967c62050>,1,0,"[{'n_iter': 200, 'patience': 100, 'input_size': 1, 'h_sizes': [40, 40]}]",[<class 'models.NueralNet'>],300,1,False,True,,,0.9,,,,,,,254,289,270,230,1.0,0.9407407407407408,1.0,0.9173913043478261,naive_on_mean
0.9,100,500,False,True,False,False,"{'transform_func': <function transform_X at 0x7f496a613370>, 'beta': array([1, 2, 3, 4]), 'uniform_range_x': [-2, 2]}",<function generate_sim_data at 0x7f4967c62050>,1,0,"[{'n_iter': 200, 'patience': 100, 'input_size': 1, 'h_sizes': [40, 40]}]",[<class 'models.NueralNet'>],300,1,False,True,True,True,0.8999999999999773,0.9666666666666667,0.7933333333333334,0.8999999999999773,0.9666666666666667,1.0,13.0,117,462,265,235,1.0,0.44150943396226416,1.0,0.16170212765957448,CS_on_y
0.9,100,500,False,True,False,False,"{'transform_func': <function transform_X at 0x7f496a613370>, 'beta': array([1, 2, 3, 4]), 'uniform_range_x': [-2, 2]}",<function generate_sim_data at 0x7f4967c62050>,1,0,"[{'n_iter': 200, 'patience': 100, 'input_size': 1, 'h_sizes': [40, 40]}]",[<class 'models.NueralNet'>],300,1,False,False,,,0.9,,,,,,,214,348,265,235,0.9953271028037384,0.8037735849056604,1.0,0.6468085106382979,naive_on_y
0.9,100,500,False,True,False,False,"{'transform_func': <function transform_X at 0x7f496a613370>, 'beta': array([1, 2, 3, 4]), 'uniform_range_x': [-2, 2]}",<function generate_sim_data at 0x7f4967c62050>,1,0,"[{'n_iter': 200, 'patience': 100, 'input_size': 1, 'h_sizes': [40, 40]}]",[<class 'models.NueralNet'>],300,1,False,True,True,True,0.8999999999999773,0.97,0.8300000000000001,0.8999999999999773,0.97,0.9866666666666667,16.0,235,325,278,222,1.0,0.8453237410071942,1.0,0.7882882882882882,CS_on_mean
0.9,100,500,False,True,False,False,"{'transform_func': <function transform_X at 0x7f496a613370>, 'beta': array([1, 2, 3, 4]), 'uniform_range_x': [-2, 2]}",<function generate_sim_data at 0x7f4967c62050>,1,0,"[{'n_iter': 200, 'patience': 100, 'input_size': 1, 'h_sizes': [40, 40]}]",[<class 'models.NueralNet'>],300,1,False,True,,,0.9,,,,,,,255,316,278,222,1.0,0.9172661870503597,1.0,0.8288288288288288,naive_on_mean
0.9,100,500,False,True,False,False,"{'transform_func': <function transform_X at 0x7f496a613370>, 'beta': array([1, 2, 3, 4]), 'uniform_range_x': [-2, 2]}",<function generate_sim_data at 0x7f4967c62050>,1,0,"[{'n_iter': 200, 'patience': 100, 'input_size': 1, 'h_sizes': [40, 40]}]",[<class 'models.NueralNet'>],300,1,False,True,True,True,0.9000000000000341,0.96,0.8033333333333332,0.9000000000000341,0.96,0.99,26.0,139,421,278,222,1.0,0.5,1.0,0.3558558558558559,CS_on_y
0.9,100,500,False,True,False,False,"{'transform_func': <function transform_X at 0x7f496a613370>, 'beta': array([1, 2, 3, 4]), 'uniform_range_x': [-2, 2]}",<function generate_sim_data at 0x7f4967c62050>,1,0,"[{'n_iter': 200, 'patience': 100, 'input_size': 1, 'h_sizes': [40, 40]}]",[<class 'models.NueralNet'>],300,1,False,True,,,0.9,,,,,,,199,352,278,222,1.0,0.7158273381294964,1.0,0.6666666666666667,naive_on_y
0.9,100,500,False,True,False,False,"{'transform_func': <function transform_X at 0x7f496a613370>, 'beta': array([1, 2, 3, 4]), 'uniform_range_x': [-2, 2]}",<function generate_sim_data at 0x7f4967c62050>,1,0,"[{'n_iter': 200, 'patience': 100, 'input_size': 1, 'h_sizes': [40, 40]}]",[<class 'models.NueralNet'>],300,1,False,True,True,True,0.9000000000000341,0.9566666666666667,0.8533333333333333,0.9000000000000341,0.9566666666666667,0.99,16.0,249,315,275,225,1.0,0.9054545454545455,1.0,0.8222222222222222,CS_on_mean
0.9,100,500,False,True,False,False,"{'transform_func': <function transform_X at 0x7f496a613370>, 'beta': array([1, 2, 3, 4]), 'uniform_range_x': [-2, 2]}",<function generate_sim_data at 0x7f4967c62050>,1,0,"[{'n_iter': 200, 'patience': 100, 'input_size': 1, 'h_sizes': [40, 40]}]",[<class 'models.NueralNet'>],300,1,False,False,,,0.9,,,,,,,255,301,275,225,0.996078431372549,0.9236363636363636,1.0,0.8844444444444445,naive_on_mean
0.9,100,500,False,True,False,False,"{'transform_func': <function transform_X at 0x7f496a613370>, 'beta': array([1, 2, 3, 4]), 'uniform_range_x': [-2, 2]}",<function generate_sim_data at 0x7f4967c62050>,1,0,"[{'n_iter': 200, 'patience': 100, 'input_size': 1, 'h_sizes': [40, 40]}]",[<class 'models.NueralNet'>],300,1,False,True,True,True,0.8999999999999773,0.9666666666666667,0.7333333333333334,0.8999999999999773,0.9666666666666667,0.9933333333333333,27.0,143,500,268,232,1.0,0.5335820895522387,1.0,0.0,CS_on_y
0.9,100,500,False,True,False,False,"{'transform_func': <function transform_X at 0x7f496a613370>, 'beta': array([1, 2, 3, 4]), 'uniform_range_x': [-2, 2]}",<function generate_sim_data at 0x7f4967c62050>,1,0,"[{'n_iter': 200, 'patience': 100, 'input_size': 1, 'h_sizes': [40, 40]}]",[<class 'models.NueralNet'>],300,1,False,True,,,0.9,,,,,,,213,448,268,232,1.0,0.7947761194029851,1.0,0.22413793103448276,naive_on_y
0.9,100,500,False,True,False,False,"{'transform_func': <function transform_X at 0x7f496a613370>, 'beta': array([1, 2, 3, 4]), 'uniform_range_x': [-2, 2]}",<function generate_sim_data at 0x7f4967c62050>,1,0,"[{'n_iter': 200, 'patience': 100, 'input_size': 1, 'h_sizes': [40, 40]}]",[<class 'models.NueralNet'>],300,1,False,True,True,True,0.9000000000000341,0.9633333333333334,0.8366666666666667,0.9000000000000341,0.9633333333333334,0.98,12.0,242,288,264,236,1.0,0.9166666666666666,1.0,0.8983050847457628,CS_on_mean
0.9,100,500,False,True,False,False,"{'transform_func': <function transform_X at 0x7f496a613370>, 'beta': array([1, 2, 3, 4]), 'uniform_range_x': [-2, 2]}",<function generate_sim_data at 0x7f4967c62050>,1,0,"[{'n_iter': 200, 'patience': 100, 'input_size': 1, 'h_sizes': [40, 40]}]",[<class 'models.NueralNet'>],300,1,False,True,,,0.9,,,,,,,250,284,264,236,1.0,0.946969696969697,1.0,0.9152542372881356,naive_on_mean
0.9,100,500,False,True,False,False,"{'transform_func': <function transform_X at 0x7f496a613370>, 'beta': array([1, 2, 3, 4]), 'uniform_range_x': [-2, 2]}",<function generate_sim_data at 0x7f4967c62050>,1,0,"[{'n_iter': 200, 'patience': 100, 'input_size': 1, 'h_sizes': [40, 40]}]",[<class 'models.NueralNet'>],300,1,False,True,True,True,0.9000000000000341,0.9766666666666667,0.7766666666666668,0.9000000000000341,0.9766666666666667,0.9966666666666667,35.0,159,419,262,238,1.0,0.6068702290076335,1.0,0.3403361344537815,CS_on_y
0.9,100,500,False,True,False,False,"{'transform_func': <function transform_X at 0x7f496a613370>, 'beta': array([1, 2, 3, 4]), 'uniform_range_x': [-2, 2]}",<function generate_sim_data at 0x7f4967c62050>,1,0,"[{'n_iter': 200, 'patience': 100, 'input_size': 1, 'h_sizes': [40, 40]}]",[<class 'models.NueralNet'>],300,1,False,True,,,0.9,,,,,,,207,336,262,238,1.0,0.7900763358778626,1.0,0.6890756302521008,naive_on_y
0.9,100,500,False,True,False,False,"{'transform_func': <function transform_X at 0x7f496a613370>, 'beta': array([1, 2, 3, 4]), 'uniform_range_x': [-2, 2]}",<function generate_sim_data at 0x7f4967c62050>,1,0,"[{'n_iter': 200, 'patience': 100, 'input_size': 1, 'h_sizes': [40, 40]}]",[<class 'models.NueralNet'>],300,1,False,True,True,True,0.900000000000091,0.97,0.8566666666666667,0.900000000000091,0.97,0.9833333333333333,4.0,253,410,273,227,1.0,0.9267399267399268,1.0,0.3964757709251101,CS_on_mean
0.9,100,500,False,True,False,False,"{'transform_func': <function transform_X at 0x7f496a613370>, 'beta': array([1, 2, 3, 4]), 'uniform_range_x': [-2, 2]}",<function generate_sim_data at 0x7f4967c62050>,1,0,"[{'n_iter': 200, 'patience': 100, 'input_size': 1, 'h_sizes': [40, 40]}]",[<class 'models.NueralNet'>],300,1,False,True,,,0.9,,,,,,,263,314,273,227,1.0,0.9633699633699634,1.0,0.8193832599118943,naive_on_mean
0.9,100,500,False,True,False,False,"{'transform_func': <function transform_X at 0x7f496a613370>, 'beta': array([1, 2, 3, 4]), 'uniform_range_x': [-2, 2]}",<function generate_sim_data at 0x7f4967c62050>,1,0,"[{'n_iter': 200, 'patience': 100, 'input_size': 1, 'h_sizes': [40, 40]}]",[<class 'models.NueralNet'>],300,1,False,True,True,True,0.9000000000000341,0.9766666666666667,0.8900000000000001,0.9000000000000341,0.9766666666666667,0.9966666666666667,106.0,110,500,279,221,1.0,0.39426523297491034,1.0,0.0,CS_on_y
0.9,100,500,False,True,False,False,"{'transform_func': <function transform_X at 0x7f496a613370>, 'beta': array([1, 2, 3, 4]), 'uniform_range_x': [-2, 2]}",<function generate_sim_data at 0x7f4967c62050>,1,0,"[{'n_iter': 200, 'patience': 100, 'input_size': 1, 'h_sizes': [40, 40]}]",[<class 'models.NueralNet'>],300,1,False,True,,,0.9,,,,,,,205,484,279,221,1.0,0.7347670250896057,1.0,0.07239819004524883,naive_on_y
0.9,100,500,False,True,False,False,"{'transform_func': <function transform_X at 0x7f496a613370>, 'beta': array([1, 2, 3, 4]), 'uniform_range_x': [-2, 2]}",<function generate_sim_data at 0x7f4967c62050>,1,0,"[{'n_iter': 200, 'patience': 100, 'input_size': 1, 'h_sizes': [40, 40]}]",[<class 'models.NueralNet'>],300,1,False,True,True,True,0.8999999999999773,0.97,0.8666666666666667,0.8999999999999773,0.97,0.9933333333333333,10.0,240,313,263,237,1.0,0.9125475285171103,1.0,0.7890295358649789,CS_on_mean
0.9,100,500,False,True,False,False,"{'transform_func': <function transform_X at 0x7f496a613370>, 'beta': array([1, 2, 3, 4]), 'uniform_range_x': [-2, 2]}",<function generate_sim_data at 0x7f4967c62050>,1,0,"[{'n_iter': 200, 'patience': 100, 'input_size': 1, 'h_sizes': [40, 40]}]",[<class 'models.NueralNet'>],300,1,False,True,,,0.9,,,,,,,250,288,263,237,1.0,0.9505703422053232,1.0,0.8945147679324894,naive_on_mean
0.9,100,500,False,True,False,False,"{'transform_func': <function transform_X at 0x7f496a613370>, 'beta': array([1, 2, 3, 4]), 'uniform_range_x': [-2, 2]}",<function generate_sim_data at 0x7f4967c62050>,1,0,"[{'n_iter': 200, 'patience': 100, 'input_size': 1, 'h_sizes': [40, 40]}]",[<class 'models.NueralNet'>],300,1,False,True,True,True,0.9000000000000341,0.9633333333333334,0.8366666666666667,0.9000000000000341,0.9633333333333334,0.9933333333333333,21.0,167,403,267,233,1.0,0.6254681647940075,1.0,0.41630901287553645,CS_on_y
0.9,100,500,False,True,False,False,"{'transform_func': <function transform_X at 0x7f496a613370>, 'beta': array([1, 2, 3, 4]), 'uniform_range_x': [-2, 2]}",<function generate_sim_data at 0x7f4967c62050>,1,0,"[{'n_iter': 200, 'patience': 100, 'input_size': 1, 'h_sizes': [40, 40]}]",[<class 'models.NueralNet'>],300,1,False,True,,,0.9,,,,,,,211,327,267,233,1.0,0.7902621722846441,1.0,0.7424892703862661,naive_on_y
0.9,100,500,False,True,False,False,"{'transform_func': <function transform_X at 0x7f496a613370>, 'beta': array([1, 2, 3, 4]), 'uniform_range_x': [-2, 2]}",<function generate_sim_data at 0x7f4967c62050>,1,0,"[{'n_iter': 200, 'patience': 100, 'input_size': 1, 'h_sizes': [40, 40]}]",[<class 'models.NueralNet'>],300,1,False,True,True,True,0.9000000000000341,0.9666666666666667,0.8466666666666667,0.9000000000000341,0.9666666666666667,0.9866666666666667,18.0,232,297,260,240,1.0,0.8923076923076922,1.0,0.8458333333333333,CS_on_mean
0.9,100,500,False,True,False,False,"{'transform_func': <function transform_X at 0x7f496a613370>, 'beta': array([1, 2, 3, 4]), 'uniform_range_x': [-2, 2]}",<function generate_sim_data at 0x7f4967c62050>,1,0,"[{'n_iter': 200, 'patience': 100, 'input_size': 1, 'h_sizes': [40, 40]}]",[<class 'models.NueralNet'>],300,1,False,True,,,0.9,,,,,,,240,290,260,240,1.0,0.9230769230769231,1.0,0.875,naive_on_mean
0.9,100,500,False,True,False,False,"{'transform_func': <function transform_X at 0x7f496a613370>, 'beta': array([1, 2, 3, 4]), 'uniform_range_x': [-2, 2]}",<function generate_sim_data at 0x7f4967c62050>,1,0,"[{'n_iter': 200, 'patience': 100, 'input_size': 1, 'h_sizes': [40, 40]}]",[<class 'models.NueralNet'>],300,1,False,True,True,True,0.9000000000000341,0.9666666666666667,0.7166666666666668,0.9000000000000341,0.9666666666666667,0.9966666666666667,28.0,139,499,255,245,1.0,0.5450980392156863,1.0,0.004081632653061273,CS_on_y
0.9,100,500,False,True,False,False,"{'transform_func': <function transform_X at 0x7f496a613370>, 'beta': array([1, 2, 3, 4]), 'uniform_range_x': [-2, 2]}",<function generate_sim_data at 0x7f4967c62050>,1,0,"[{'n_iter': 200, 'patience': 100, 'input_size': 1, 'h_sizes': [40, 40]}]",[<class 'models.NueralNet'>],300,1,False,True,,,0.9,,,,,,,199,350,255,245,1.0,0.7803921568627451,1.0,0.6122448979591837,naive_on_y
0.9,100,500,False,True,False,False,"{'transform_func': <function transform_X at 0x7f496a613370>, 'beta': array([1, 2, 3, 4]), 'uniform_range_x': [-2, 2]}",<function generate_sim_data at 0x7f4967c62050>,1,0,"[{'n_iter': 200, 'patience': 100, 'input_size': 1, 'h_sizes': [40, 40]}]",[<class 'models.NueralNet'>],300,1,False,True,True,True,0.9000000000000341,0.9733333333333334,0.7533333333333334,0.9000000000000341,0.9733333333333334,0.99,5.0,251,297,273,227,1.0,0.9194139194139194,1.0,0.8942731277533039,CS_on_mean
0.9,100,500,False,True,False,False,"{'transform_func': <function transform_X at 0x7f496a613370>, 'beta': array([1, 2, 3, 4]), 'uniform_range_x': [-2, 2]}",<function generate_sim_data at 0x7f4967c62050>,1,0,"[{'n_iter': 200, 'patience': 100, 'input_size': 1, 'h_sizes': [40, 40]}]",[<class 'models.NueralNet'>],300,1,False,False,,,0.9,,,,,,,252,288,273,227,1.0,0.9230769230769231,0.9952830188679245,0.9295154185022027,naive_on_mean
0.9,100,500,False,True,False,False,"{'transform_func': <function transform_X at 0x7f496a613370>, 'beta': array([1, 2, 3, 4]), 'uniform_range_x': [-2, 2]}",<function generate_sim_data at 0x7f4967c62050>,1,0,"[{'n_iter': 200, 'patience': 100, 'input_size': 1, 'h_sizes': [40, 40]}]",[<class 'models.NueralNet'>],300,1,False,True,True,True,0.9000000000000341,0.9733333333333334,0.8066666666666666,0.9000000000000341,0.9733333333333334,0.9966666666666667,61.0,159,419,277,223,1.0,0.5740072202166064,1.0,0.36322869955156956,CS_on_y
0.9,100,500,False,True,False,False,"{'transform_func': <function transform_X at 0x7f496a613370>, 'beta': array([1, 2, 3, 4]), 'uniform_range_x': [-2, 2]}",<function generate_sim_data at 0x7f4967c62050>,1,0,"[{'n_iter': 200, 'patience': 100, 'input_size': 1, 'h_sizes': [40, 40]}]",[<class 'models.NueralNet'>],300,1,False,True,,,0.9,,,,,,,214,337,277,223,1.0,0.7725631768953068,1.0,0.7309417040358744,naive_on_y
0.9,100,500,False,True,False,False,"{'transform_func': <function transform_X at 0x7f496a613370>, 'beta': array([1, 2, 3, 4]), 'uniform_range_x': [-2, 2]}",<function generate_sim_data at 0x7f4967c62050>,1,0,"[{'n_iter': 200, 'patience': 100, 'input_size': 1, 'h_sizes': [40, 40]}]",[<class 'models.NueralNet'>],300,1,False,True,True,True,0.8999999999999773,0.97,0.8400000000000001,0.8999999999999773,0.97,0.99,5.0,238,289,268,232,1.0,0.8880597014925373,1.0,0.9094827586206896,CS_on_mean
0.9,100,500,False,True,False,False,"{'transform_func': <function transform_X at 0x7f496a613370>, 'beta': array([1, 2, 3, 4]), 'uniform_range_x': [-2, 2]}",<function generate_sim_data at 0x7f4967c62050>,1,0,"[{'n_iter': 200, 'patience': 100, 'input_size': 1, 'h_sizes': [40, 40]}]",[<class 'models.NueralNet'>],300,1,False,True,,,0.9,,,,,,,248,282,268,232,1.0,0.9253731343283582,1.0,0.9396551724137931,naive_on_mean
0.9,100,500,False,True,False,False,"{'transform_func': <function transform_X at 0x7f496a613370>, 'beta': array([1, 2, 3, 4]), 'uniform_range_x': [-2, 2]}",<function generate_sim_data at 0x7f4967c62050>,1,0,"[{'n_iter': 200, 'patience': 100, 'input_size': 1, 'h_sizes': [40, 40]}]",[<class 'models.NueralNet'>],300,1,False,True,True,True,0.9000000000000341,0.9766666666666667,0.8333333333333335,0.9000000000000341,0.9766666666666667,0.9966666666666667,39.0,155,492,269,231,1.0,0.5762081784386617,1.0,0.03463203463203468,CS_on_y
0.9,100,500,False,True,False,False,"{'transform_func': <function transform_X at 0x7f496a613370>, 'beta': array([1, 2, 3, 4]), 'uniform_range_x': [-2, 2]}",<function generate_sim_data at 0x7f4967c62050>,1,0,"[{'n_iter': 200, 'patience': 100, 'input_size': 1, 'h_sizes': [40, 40]}]",[<class 'models.NueralNet'>],300,1,False,True,,,0.9,,,,,,,207,339,269,231,1.0,0.7695167286245354,1.0,0.696969696969697,naive_on_y
0.9,100,500,False,True,False,False,"{'transform_func': <function transform_X at 0x7f496a613370>, 'beta': array([1, 2, 3, 4]), 'uniform_range_x': [-2, 2]}",<function generate_sim_data at 0x7f4967c62050>,1,0,"[{'n_iter': 200, 'patience': 100, 'input_size': 1, 'h_sizes': [40, 40]}]",[<class 'models.NueralNet'>],300,1,False,True,True,True,0.9000000000000341,0.9866666666666667,0.8966666666666665,0.9000000000000341,0.9866666666666667,0.9866666666666667,2.0,220,389,265,235,1.0,0.8301886792452831,1.0,0.4723404255319149,CS_on_mean
0.9,100,500,False,True,False,False,"{'transform_func': <function transform_X at 0x7f496a613370>, 'beta': array([1, 2, 3, 4]), 'uniform_range_x': [-2, 2]}",<function generate_sim_data at 0x7f4967c62050>,1,0,"[{'n_iter': 200, 'patience': 100, 'input_size': 1, 'h_sizes': [40, 40]}]",[<class 'models.NueralNet'>],300,1,False,True,,,0.9,,,,,,,241,290,265,235,1.0,0.909433962264151,1.0,0.8936170212765957,naive_on_mean
0.9,100,500,False,True,False,False,"{'transform_func': <function transform_X at 0x7f496a613370>, 'beta': array([1, 2, 3, 4]), 'uniform_range_x': [-2, 2]}",<function generate_sim_data at 0x7f4967c62050>,1,0,"[{'n_iter': 200, 'patience': 100, 'input_size': 1, 'h_sizes': [40, 40]}]",[<class 'models.NueralNet'>],300,1,False,True,True,True,0.9000000000000341,0.9766666666666667,0.8700000000000001,0.9000000000000341,0.9766666666666667,0.9933333333333333,56.0,134,458,272,228,1.0,0.49264705882352944,1.0,0.1842105263157895,CS_on_y
0.9,100,500,False,True,False,False,"{'transform_func': <function transform_X at 0x7f496a613370>, 'beta': array([1, 2, 3, 4]), 'uniform_range_x': [-2, 2]}",<function generate_sim_data at 0x7f4967c62050>,1,0,"[{'n_iter': 200, 'patience': 100, 'input_size': 1, 'h_sizes': [40, 40]}]",[<class 'models.NueralNet'>],300,1,False,True,,,0.9,,,,,,,195,369,272,228,1.0,0.7169117647058824,1.0,0.5745614035087719,naive_on_y
0.9,100,500,False,True,False,False,"{'transform_func': <function transform_X at 0x7f496a613370>, 'beta': array([1, 2, 3, 4]), 'uniform_range_x': [-2, 2]}",<function generate_sim_data at 0x7f4967c62050>,1,0,"[{'n_iter': 200, 'patience': 100, 'input_size': 1, 'h_sizes': [40, 40]}]",[<class 'models.NueralNet'>],300,1,False,True,True,True,0.9000000000000341,0.9666666666666667,0.7766666666666666,0.9000000000000341,0.9666666666666667,0.9766666666666667,3.0,242,291,260,240,1.0,0.9307692307692308,1.0,0.8708333333333333,CS_on_mean
0.9,100,500,False,True,False,False,"{'transform_func': <function transform_X at 0x7f496a613370>, 'beta': array([1, 2, 3, 4]), 'uniform_range_x': [-2, 2]}",<function generate_sim_data at 0x7f4967c62050>,1,0,"[{'n_iter': 200, 'patience': 100, 'input_size': 1, 'h_sizes': [40, 40]}]",[<class 'models.NueralNet'>],300,1,False,True,,,0.9,,,,,,,249,288,260,240,1.0,0.9576923076923077,1.0,0.8833333333333333,naive_on_mean
0.9,100,500,False,True,False,False,"{'transform_func': <function transform_X at 0x7f496a613370>, 'beta': array([1, 2, 3, 4]), 'uniform_range_x': [-2, 2]}",<function generate_sim_data at 0x7f4967c62050>,1,0,"[{'n_iter': 200, 'patience': 100, 'input_size': 1, 'h_sizes': [40, 40]}]",[<class 'models.NueralNet'>],300,1,False,True,True,True,0.8999999999999773,0.96,0.6699999999999999,0.8999999999999773,0.96,0.9866666666666667,9.0,156,452,273,227,1.0,0.5714285714285714,1.0,0.21145374449339205,CS_on_y
0.9,100,500,False,True,False,False,"{'transform_func': <function transform_X at 0x7f496a613370>, 'beta': array([1, 2, 3, 4]), 'uniform_range_x': [-2, 2]}",<function generate_sim_data at 0x7f4967c62050>,1,0,"[{'n_iter': 200, 'patience': 100, 'input_size': 1, 'h_sizes': [40, 40]}]",[<class 'models.NueralNet'>],300,1,False,True,,,0.9,,,,,,,208,367,273,227,1.0,0.7619047619047619,1.0,0.5859030837004405,naive_on_y
0.9,100,500,False,True,False,False,"{'transform_func': <function transform_X at 0x7f496a613370>, 'beta': array([1, 2, 3, 4]), 'uniform_range_x': [-2, 2]}",<function generate_sim_data at 0x7f4967c62050>,1,0,"[{'n_iter': 200, 'patience': 100, 'input_size': 1, 'h_sizes': [40, 40]}]",[<class 'models.NueralNet'>],300,1,False,True,True,True,0.9000000000000341,0.9533333333333334,0.8799999999999999,0.9000000000000341,0.9533333333333334,0.9866666666666667,12.0,238,283,262,238,1.0,0.9083969465648855,1.0,0.9117647058823529,CS_on_mean
0.9,100,500,False,True,False,False,"{'transform_func': <function transform_X at 0x7f496a613370>, 'beta': array([1, 2, 3, 4]), 'uniform_range_x': [-2, 2]}",<function generate_sim_data at 0x7f4967c62050>,1,0,"[{'n_iter': 200, 'patience': 100, 'input_size': 1, 'h_sizes': [40, 40]}]",[<class 'models.NueralNet'>],300,1,False,False,,,0.9,,,,,,,248,278,262,238,0.9919354838709677,0.9389312977099237,1.0,0.9327731092436975,naive_on_mean
0.9,100,500,False,True,False,False,"{'transform_func': <function transform_X at 0x7f496a613370>, 'beta': array([1, 2, 3, 4]), 'uniform_range_x': [-2, 2]}",<function generate_sim_data at 0x7f4967c62050>,1,0,"[{'n_iter': 200, 'patience': 100, 'input_size': 1, 'h_sizes': [40, 40]}]",[<class 'models.NueralNet'>],300,1,False,True,True,True,0.8999999999999773,0.9533333333333334,0.6699999999999999,0.8999999999999773,0.9533333333333334,0.99,15.0,119,500,259,241,1.0,0.45945945945945943,1.0,0.0,CS_on_y
0.9,100,500,False,True,False,False,"{'transform_func': <function transform_X at 0x7f496a613370>, 'beta': array([1, 2, 3, 4]), 'uniform_range_x': [-2, 2]}",<function generate_sim_data at 0x7f4967c62050>,1,0,"[{'n_iter': 200, 'patience': 100, 'input_size': 1, 'h_sizes': [40, 40]}]",[<class 'models.NueralNet'>],300,1,False,False,,,0.9,,,,,,,205,371,259,241,0.9951219512195122,0.7876447876447876,1.0,0.5352697095435685,naive_on_y
0.9,100,500,False,True,False,False,"{'transform_func': <function transform_X at 0x7f496a613370>, 'beta': array([1, 2, 3, 4]), 'uniform_range_x': [-2, 2]}",<function generate_sim_data at 0x7f4967c62050>,1,0,"[{'n_iter': 200, 'patience': 100, 'input_size': 1, 'h_sizes': [40, 40]}]",[<class 'models.NueralNet'>],300,1,False,True,True,True,0.9000000000000341,0.9566666666666667,0.7933333333333334,0.9000000000000341,0.9566666666666667,0.9866666666666667,5.0,242,290,265,235,1.0,0.9132075471698113,1.0,0.8936170212765957,CS_on_mean
0.9,100,500,False,True,False,False,"{'transform_func': <function transform_X at 0x7f496a613370>, 'beta': array([1, 2, 3, 4]), 'uniform_range_x': [-2, 2]}",<function generate_sim_data at 0x7f4967c62050>,1,0,"[{'n_iter': 200, 'patience': 100, 'input_size': 1, 'h_sizes': [40, 40]}]",[<class 'models.NueralNet'>],300,1,False,True,,,0.9,,,,,,,250,288,265,235,1.0,0.9433962264150944,1.0,0.902127659574468,naive_on_mean
0.9,100,500,False,True,False,False,"{'transform_func': <function transform_X at 0x7f496a613370>, 'beta': array([1, 2, 3, 4]), 'uniform_range_x': [-2, 2]}",<function generate_sim_data at 0x7f4967c62050>,1,0,"[{'n_iter': 200, 'patience': 100, 'input_size': 1, 'h_sizes': [40, 40]}]",[<class 'models.NueralNet'>],300,1,False,True,True,True,0.8999999999999773,0.9666666666666667,0.6833333333333333,0.8999999999999773,0.9666666666666667,0.9966666666666667,14.0,151,460,267,233,1.0,0.5655430711610487,1.0,0.1716738197424893,CS_on_y
0.9,100,500,False,True,False,False,"{'transform_func': <function transform_X at 0x7f496a613370>, 'beta': array([1, 2, 3, 4]), 'uniform_range_x': [-2, 2]}",<function generate_sim_data at 0x7f4967c62050>,1,0,"[{'n_iter': 200, 'patience': 100, 'input_size': 1, 'h_sizes': [40, 40]}]",[<class 'models.NueralNet'>],300,1,False,True,,,0.9,,,,,,,196,381,267,233,1.0,0.7340823970037453,1.0,0.5107296137339056,naive_on_y
0.9,100,500,False,True,False,False,"{'transform_func': <function transform_X at 0x7f496a613370>, 'beta': array([1, 2, 3, 4]), 'uniform_range_x': [-2, 2]}",<function generate_sim_data at 0x7f4967c62050>,1,0,"[{'n_iter': 200, 'patience': 100, 'input_size': 1, 'h_sizes': [40, 40]}]",[<class 'models.NueralNet'>],300,1,False,True,True,True,0.9000000000000341,0.96,0.7366666666666668,0.9000000000000341,0.96,0.9766666666666667,9.0,235,283,267,233,1.0,0.8801498127340824,1.0,0.9313304721030042,CS_on_mean
0.9,100,500,False,True,False,False,"{'transform_func': <function transform_X at 0x7f496a613370>, 'beta': array([1, 2, 3, 4]), 'uniform_range_x': [-2, 2]}",<function generate_sim_data at 0x7f4967c62050>,1,0,"[{'n_iter': 200, 'patience': 100, 'input_size': 1, 'h_sizes': [40, 40]}]",[<class 'models.NueralNet'>],300,1,False,False,,,0.9,,,,,,,247,281,267,233,1.0,0.9250936329588015,0.995433789954338,0.9356223175965666,naive_on_mean
0.9,100,500,False,True,False,False,"{'transform_func': <function transform_X at 0x7f496a613370>, 'beta': array([1, 2, 3, 4]), 'uniform_range_x': [-2, 2]}",<function generate_sim_data at 0x7f4967c62050>,1,0,"[{'n_iter': 200, 'patience': 100, 'input_size': 1, 'h_sizes': [40, 40]}]",[<class 'models.NueralNet'>],300,1,False,True,True,True,0.9000000000000341,0.9533333333333334,0.5800000000000001,0.9000000000000341,0.9533333333333334,0.99,11.0,164,374,269,231,1.0,0.6096654275092936,1.0,0.5454545454545454,CS_on_y
0.9,100,500,False,True,False,False,"{'transform_func': <function transform_X at 0x7f496a613370>, 'beta': array([1, 2, 3, 4]), 'uniform_range_x': [-2, 2]}",<function generate_sim_data at 0x7f4967c62050>,1,0,"[{'n_iter': 200, 'patience': 100, 'input_size': 1, 'h_sizes': [40, 40]}]",[<class 'models.NueralNet'>],300,1,False,True,,,0.9,,,,,,,207,322,269,231,1.0,0.7695167286245354,1.0,0.7705627705627706,naive_on_y
0.9,100,500,False,True,False,False,"{'transform_func': <function transform_X at 0x7f496a613370>, 'beta': array([1, 2, 3, 4]), 'uniform_range_x': [-2, 2]}",<function generate_sim_data at 0x7f4967c62050>,1,0,"[{'n_iter': 200, 'patience': 100, 'input_size': 1, 'h_sizes': [40, 40]}]",[<class 'models.NueralNet'>],300,1,False,True,True,True,0.8999999999999773,0.9733333333333334,0.8266666666666667,0.8999999999999773,0.9733333333333334,0.98,4.0,238,299,265,235,1.0,0.8981132075471698,1.0,0.8553191489361702,CS_on_mean
0.9,100,500,False,True,False,False,"{'transform_func': <function transform_X at 0x7f496a613370>, 'beta': array([1, 2, 3, 4]), 'uniform_range_x': [-2, 2]}",<function generate_sim_data at 0x7f4967c62050>,1,0,"[{'n_iter': 200, 'patience': 100, 'input_size': 1, 'h_sizes': [40, 40]}]",[<class 'models.NueralNet'>],300,1,False,True,,,0.9,,,,,,,251,291,265,235,1.0,0.9471698113207547,1.0,0.8893617021276596,naive_on_mean
0.9,100,500,False,True,False,False,"{'transform_func': <function transform_X at 0x7f496a613370>, 'beta': array([1, 2, 3, 4]), 'uniform_range_x': [-2, 2]}",<function generate_sim_data at 0x7f4967c62050>,1,0,"[{'n_iter': 200, 'patience': 100, 'input_size': 1, 'h_sizes': [40, 40]}]",[<class 'models.NueralNet'>],300,1,False,True,True,True,0.8999999999999773,0.97,0.75,0.8999999999999773,0.97,0.99,30.0,163,400,267,233,1.0,0.6104868913857677,1.0,0.4291845493562232,CS_on_y
0.9,100,500,False,True,False,False,"{'transform_func': <function transform_X at 0x7f496a613370>, 'beta': array([1, 2, 3, 4]), 'uniform_range_x': [-2, 2]}",<function generate_sim_data at 0x7f4967c62050>,1,0,"[{'n_iter': 200, 'patience': 100, 'input_size': 1, 'h_sizes': [40, 40]}]",[<class 'models.NueralNet'>],300,1,False,True,,,0.9,,,,,,,207,336,267,233,1.0,0.7752808988764045,1.0,0.703862660944206,naive_on_y
0.9,100,500,False,True,False,False,"{'transform_func': <function transform_X at 0x7f496a613370>, 'beta': array([1, 2, 3, 4]), 'uniform_range_x': [-2, 2]}",<function generate_sim_data at 0x7f4967c62050>,1,0,"[{'n_iter': 200, 'patience': 100, 'input_size': 1, 'h_sizes': [40, 40]}]",[<class 'models.NueralNet'>],300,1,False,True,True,True,0.9000000000000341,0.9933333333333333,0.9566666666666666,0.9000000000000341,0.9933333333333333,0.9933333333333333,9.0,215,316,274,226,1.0,0.7846715328467153,1.0,0.8141592920353982,CS_on_mean
0.9,100,500,False,True,False,False,"{'transform_func': <function transform_X at 0x7f496a613370>, 'beta': array([1, 2, 3, 4]), 'uniform_range_x': [-2, 2]}",<function generate_sim_data at 0x7f4967c62050>,1,0,"[{'n_iter': 200, 'patience': 100, 'input_size': 1, 'h_sizes': [40, 40]}]",[<class 'models.NueralNet'>],300,1,False,True,,,0.9,,,,,,,246,290,274,226,1.0,0.8978102189781022,1.0,0.9292035398230089,naive_on_mean
0.9,100,500,False,True,False,False,"{'transform_func': <function transform_X at 0x7f496a613370>, 'beta': array([1, 2, 3, 4]), 'uniform_range_x': [-2, 2]}",<function generate_sim_data at 0x7f4967c62050>,1,0,"[{'n_iter': 200, 'patience': 100, 'input_size': 1, 'h_sizes': [40, 40]}]",[<class 'models.NueralNet'>],300,1,False,True,True,True,0.8999999999999773,0.9766666666666667,0.8399999999999999,0.8999999999999773,0.9766666666666667,0.9966666666666667,31.0,125,450,271,229,1.0,0.46125461254612543,1.0,0.21834061135371174,CS_on_y
0.9,100,500,False,True,False,False,"{'transform_func': <function transform_X at 0x7f496a613370>, 'beta': array([1, 2, 3, 4]), 'uniform_range_x': [-2, 2]}",<function generate_sim_data at 0x7f4967c62050>,1,0,"[{'n_iter': 200, 'patience': 100, 'input_size': 1, 'h_sizes': [40, 40]}]",[<class 'models.NueralNet'>],300,1,False,True,,,0.9,,,,,,,199,336,271,229,1.0,0.7343173431734318,1.0,0.7161572052401747,naive_on_y
0.9,100,500,False,True,False,False,"{'transform_func': <function transform_X at 0x7f496a613370>, 'beta': array([1, 2, 3, 4]), 'uniform_range_x': [-2, 2]}",<function generate_sim_data at 0x7f4967c62050>,1,0,"[{'n_iter': 200, 'patience': 100, 'input_size': 1, 'h_sizes': [40, 40]}]",[<class 'models.NueralNet'>],300,1,False,True,True,True,0.9000000000000341,0.98,0.8833333333333333,0.9000000000000341,0.98,0.9833333333333333,16.0,226,280,255,245,1.0,0.8862745098039215,1.0,0.8979591836734694,CS_on_mean
0.9,100,500,False,True,False,False,"{'transform_func': <function transform_X at 0x7f496a613370>, 'beta': array([1, 2, 3, 4]), 'uniform_range_x': [-2, 2]}",<function generate_sim_data at 0x7f4967c62050>,1,0,"[{'n_iter': 200, 'patience': 100, 'input_size': 1, 'h_sizes': [40, 40]}]",[<class 'models.NueralNet'>],300,1,False,True,,,0.9,,,,,,,235,273,255,245,1.0,0.9215686274509804,1.0,0.926530612244898,naive_on_mean
0.9,100,500,False,True,False,False,"{'transform_func': <function transform_X at 0x7f496a613370>, 'beta': array([1, 2, 3, 4]), 'uniform_range_x': [-2, 2]}",<function generate_sim_data at 0x7f4967c62050>,1,0,"[{'n_iter': 200, 'patience': 100, 'input_size': 1, 'h_sizes': [40, 40]}]",[<class 'models.NueralNet'>],300,1,False,True,True,True,0.8999999999999773,0.9733333333333334,0.7766666666666666,0.8999999999999773,0.9733333333333334,0.9933333333333333,19.0,143,482,246,254,1.0,0.5813008130081301,1.0,0.07086614173228345,CS_on_y
0.9,100,500,False,True,False,False,"{'transform_func': <function transform_X at 0x7f496a613370>, 'beta': array([1, 2, 3, 4]), 'uniform_range_x': [-2, 2]}",<function generate_sim_data at 0x7f4967c62050>,1,0,"[{'n_iter': 200, 'patience': 100, 'input_size': 1, 'h_sizes': [40, 40]}]",[<class 'models.NueralNet'>],300,1,False,False,,,0.9,,,,,,,191,327,246,254,0.9947643979057592,0.7723577235772358,1.0,0.6811023622047244,naive_on_y
0.9,100,500,False,True,False,False,"{'transform_func': <function transform_X at 0x7f496a613370>, 'beta': array([1, 2, 3, 4]), 'uniform_range_x': [-2, 2]}",<function generate_sim_data at 0x7f4967c62050>,1,0,"[{'n_iter': 200, 'patience': 100, 'input_size': 1, 'h_sizes': [40, 40]}]",[<class 'models.NueralNet'>],300,1,False,True,True,True,0.8999999999999773,0.9633333333333334,0.8533333333333335,0.8999999999999773,0.9633333333333334,1.0,12.0,241,307,270,230,1.0,0.8925925925925926,1.0,0.8391304347826087,CS_on_mean
0.9,100,500,False,True,False,False,"{'transform_func': <function transform_X at 0x7f496a613370>, 'beta': array([1, 2, 3, 4]), 'uniform_range_x': [-2, 2]}",<function generate_sim_data at 0x7f4967c62050>,1,0,"[{'n_iter': 200, 'patience': 100, 'input_size': 1, 'h_sizes': [40, 40]}]",[<class 'models.NueralNet'>],300,1,False,True,,,0.9,,,,,,,249,292,270,230,1.0,0.9222222222222223,1.0,0.9043478260869565,naive_on_mean
0.9,100,500,False,True,False,False,"{'transform_func': <function transform_X at 0x7f496a613370>, 'beta': array([1, 2, 3, 4]), 'uniform_range_x': [-2, 2]}",<function generate_sim_data at 0x7f4967c62050>,1,0,"[{'n_iter': 200, 'patience': 100, 'input_size': 1, 'h_sizes': [40, 40]}]",[<class 'models.NueralNet'>],300,1,False,True,True,True,0.9000000000000341,0.96,0.7433333333333332,0.9000000000000341,0.96,0.99,22.0,134,500,268,232,1.0,0.5,1.0,0.0,CS_on_y
0.9,100,500,False,True,False,False,"{'transform_func': <function transform_X at 0x7f496a613370>, 'beta': array([1, 2, 3, 4]), 'uniform_range_x': [-2, 2]}",<function generate_sim_data at 0x7f4967c62050>,1,0,"[{'n_iter': 200, 'patience': 100, 'input_size': 1, 'h_sizes': [40, 40]}]",[<class 'models.NueralNet'>],300,1,False,True,,,0.9,,,,,,,203,454,268,232,1.0,0.7574626865671642,1.0,0.19827586206896552,naive_on_y
0.9,100,500,False,True,False,False,"{'transform_func': <function transform_X at 0x7f496a613370>, 'beta': array([1, 2, 3, 4]), 'uniform_range_x': [-2, 2]}",<function generate_sim_data at 0x7f4967c62050>,1,0,"[{'n_iter': 200, 'patience': 100, 'input_size': 1, 'h_sizes': [40, 40]}]",[<class 'models.NueralNet'>],300,1,False,True,False,True,0.9000000000000341,0.97,0.8266666666666667,0.9000000000000341,0.97,0.9766666666666667,4.0,238,293,263,237,1.0,0.9049429657794676,1.0,0.8734177215189873,CS_on_mean
0.9,100,500,False,True,False,False,"{'transform_func': <function transform_X at 0x7f496a613370>, 'beta': array([1, 2, 3, 4]), 'uniform_range_x': [-2, 2]}",<function generate_sim_data at 0x7f4967c62050>,1,0,"[{'n_iter': 200, 'patience': 100, 'input_size': 1, 'h_sizes': [40, 40]}]",[<class 'models.NueralNet'>],300,1,False,True,,,0.9,,,,,,,245,283,263,237,1.0,0.9315589353612167,1.0,0.9156118143459916,naive_on_mean
0.9,100,500,False,True,False,False,"{'transform_func': <function transform_X at 0x7f496a613370>, 'beta': array([1, 2, 3, 4]), 'uniform_range_x': [-2, 2]}",<function generate_sim_data at 0x7f4967c62050>,1,0,"[{'n_iter': 200, 'patience': 100, 'input_size': 1, 'h_sizes': [40, 40]}]",[<class 'models.NueralNet'>],300,1,False,True,True,True,0.8999999999999773,0.9766666666666667,0.7566666666666668,0.8999999999999773,0.9766666666666667,0.99,4.0,160,417,259,241,1.0,0.6177606177606177,1.0,0.34439834024896265,CS_on_y
0.9,100,500,False,True,False,False,"{'transform_func': <function transform_X at 0x7f496a613370>, 'beta': array([1, 2, 3, 4]), 'uniform_range_x': [-2, 2]}",<function generate_sim_data at 0x7f4967c62050>,1,0,"[{'n_iter': 200, 'patience': 100, 'input_size': 1, 'h_sizes': [40, 40]}]",[<class 'models.NueralNet'>],300,1,False,True,,,0.9,,,,,,,200,325,259,241,1.0,0.7722007722007722,1.0,0.7261410788381742,naive_on_y
0.9,100,500,False,True,False,False,"{'transform_func': <function transform_X at 0x7f496a613370>, 'beta': array([1, 2, 3, 4]), 'uniform_range_x': [-2, 2]}",<function generate_sim_data at 0x7f4967c62050>,1,0,"[{'n_iter': 200, 'patience': 100, 'input_size': 1, 'h_sizes': [40, 40]}]",[<class 'models.NueralNet'>],300,1,False,True,True,True,0.8999999999999773,0.96,0.8199999999999998,0.8999999999999773,0.96,0.98,4.0,245,283,263,237,1.0,0.9315589353612167,1.0,0.9156118143459916,CS_on_mean
0.9,100,500,False,True,False,False,"{'transform_func': <function transform_X at 0x7f496a613370>, 'beta': array([1, 2, 3, 4]), 'uniform_range_x': [-2, 2]}",<function generate_sim_data at 0x7f4967c62050>,1,0,"[{'n_iter': 200, 'patience': 100, 'input_size': 1, 'h_sizes': [40, 40]}]",[<class 'models.NueralNet'>],300,1,False,True,,,0.9,,,,,,,245,275,263,237,1.0,0.9315589353612167,1.0,0.9493670886075949,naive_on_mean
0.9,100,500,False,True,False,False,"{'transform_func': <function transform_X at 0x7f496a613370>, 'beta': array([1, 2, 3, 4]), 'uniform_range_x': [-2, 2]}",<function generate_sim_data at 0x7f4967c62050>,1,0,"[{'n_iter': 200, 'patience': 100, 'input_size': 1, 'h_sizes': [40, 40]}]",[<class 'models.NueralNet'>],300,1,False,True,True,True,0.9000000000000341,0.96,0.7666666666666666,0.9000000000000341,0.96,0.9966666666666667,29.0,153,438,261,239,1.0,0.5862068965517242,1.0,0.2594142259414226,CS_on_y
0.9,100,500,False,True,False,False,"{'transform_func': <function transform_X at 0x7f496a613370>, 'beta': array([1, 2, 3, 4]), 'uniform_range_x': [-2, 2]}",<function generate_sim_data at 0x7f4967c62050>,1,0,"[{'n_iter': 200, 'patience': 100, 'input_size': 1, 'h_sizes': [40, 40]}]",[<class 'models.NueralNet'>],300,1,False,False,,,0.9,,,,,,,203,325,261,239,1.0,0.7777777777777778,0.9942857142857143,0.7280334728033473,naive_on_y
0.9,100,500,False,True,False,False,"{'transform_func': <function transform_X at 0x7f496a613370>, 'beta': array([1, 2, 3, 4]), 'uniform_range_x': [-2, 2]}",<function generate_sim_data at 0x7f4967c62050>,1,0,"[{'n_iter': 200, 'patience': 100, 'input_size': 1, 'h_sizes': [40, 40]}]",[<class 'models.NueralNet'>],300,1,False,True,True,True,0.8999999999999773,0.9733333333333334,0.8366666666666667,0.8999999999999773,0.9733333333333334,0.9833333333333333,8.0,242,303,261,239,1.0,0.9272030651340997,1.0,0.8242677824267782,CS_on_mean
0.9,100,500,False,True,False,False,"{'transform_func': <function transform_X at 0x7f496a613370>, 'beta': array([1, 2, 3, 4]), 'uniform_range_x': [-2, 2]}",<function generate_sim_data at 0x7f4967c62050>,1,0,"[{'n_iter': 200, 'patience': 100, 'input_size': 1, 'h_sizes': [40, 40]}]",[<class 'models.NueralNet'>],300,1,False,True,,,0.9,,,,,,,247,279,261,239,1.0,0.946360153256705,1.0,0.9246861924686193,naive_on_mean
0.9,100,500,False,True,False,False,"{'transform_func': <function transform_X at 0x7f496a613370>, 'beta': array([1, 2, 3, 4]), 'uniform_range_x': [-2, 2]}",<function generate_sim_data at 0x7f4967c62050>,1,0,"[{'n_iter': 200, 'patience': 100, 'input_size': 1, 'h_sizes': [40, 40]}]",[<class 'models.NueralNet'>],300,1,False,True,True,True,0.9000000000000341,0.96,0.7433333333333334,0.9000000000000341,0.96,0.99,16.0,155,480,256,244,1.0,0.60546875,1.0,0.08196721311475408,CS_on_y
0.9,100,500,False,True,False,False,"{'transform_func': <function transform_X at 0x7f496a613370>, 'beta': array([1, 2, 3, 4]), 'uniform_range_x': [-2, 2]}",<function generate_sim_data at 0x7f4967c62050>,1,0,"[{'n_iter': 200, 'patience': 100, 'input_size': 1, 'h_sizes': [40, 40]}]",[<class 'models.NueralNet'>],300,1,False,True,,,0.9,,,,,,,198,340,256,244,1.0,0.7734375,1.0,0.6557377049180328,naive_on_y
0.9,100,500,False,True,False,False,"{'transform_func': <function transform_X at 0x7f496a613370>, 'beta': array([1, 2, 3, 4]), 'uniform_range_x': [-2, 2]}",<function generate_sim_data at 0x7f4967c62050>,1,0,"[{'n_iter': 200, 'patience': 100, 'input_size': 1, 'h_sizes': [40, 40]}]",[<class 'models.NueralNet'>],300,1,False,True,True,True,0.9000000000000341,0.9566666666666667,0.8799999999999999,0.9000000000000341,0.9566666666666667,0.9733333333333334,7.0,243,305,278,222,1.0,0.8741007194244604,1.0,0.8783783783783784,CS_on_mean
0.9,100,500,False,True,False,False,"{'transform_func': <function transform_X at 0x7f496a613370>, 'beta': array([1, 2, 3, 4]), 'uniform_range_x': [-2, 2]}",<function generate_sim_data at 0x7f4967c62050>,1,0,"[{'n_iter': 200, 'patience': 100, 'input_size': 1, 'h_sizes': [40, 40]}]",[<class 'models.NueralNet'>],300,1,False,True,,,0.9,,,,,,,253,301,278,222,1.0,0.9100719424460432,1.0,0.8963963963963963,naive_on_mean
0.9,100,500,False,True,False,False,"{'transform_func': <function transform_X at 0x7f496a613370>, 'beta': array([1, 2, 3, 4]), 'uniform_range_x': [-2, 2]}",<function generate_sim_data at 0x7f4967c62050>,1,0,"[{'n_iter': 200, 'patience': 100, 'input_size': 1, 'h_sizes': [40, 40]}]",[<class 'models.NueralNet'>],300,1,False,True,True,True,0.9000000000000341,0.97,0.7466666666666666,0.9000000000000341,0.97,0.9966666666666667,25.0,158,500,270,230,1.0,0.5851851851851853,1.0,0.0,CS_on_y
0.9,100,500,False,True,False,False,"{'transform_func': <function transform_X at 0x7f496a613370>, 'beta': array([1, 2, 3, 4]), 'uniform_range_x': [-2, 2]}",<function generate_sim_data at 0x7f4967c62050>,1,0,"[{'n_iter': 200, 'patience': 100, 'input_size': 1, 'h_sizes': [40, 40]}]",[<class 'models.NueralNet'>],300,1,False,True,,,0.9,,,,,,,216,403,270,230,1.0,0.8,1.0,0.4217391304347826,naive_on_y
0.9,100,500,False,True,False,False,"{'transform_func': <function transform_X at 0x7f496a613370>, 'beta': array([1, 2, 3, 4]), 'uniform_range_x': [-2, 2]}",<function generate_sim_data at 0x7f4967c62050>,1,0,"[{'n_iter': 200, 'patience': 100, 'input_size': 1, 'h_sizes': [40, 40]}]",[<class 'models.NueralNet'>],300,1,False,True,True,True,0.9000000000000341,0.9666666666666667,0.8333333333333333,0.9000000000000341,0.9666666666666667,0.9833333333333333,8.0,232,289,267,233,1.0,0.8689138576779026,1.0,0.9055793991416309,CS_on_mean
0.9,100,500,False,True,False,False,"{'transform_func': <function transform_X at 0x7f496a613370>, 'beta': array([1, 2, 3, 4]), 'uniform_range_x': [-2, 2]}",<function generate_sim_data at 0x7f4967c62050>,1,0,"[{'n_iter': 200, 'patience': 100, 'input_size': 1, 'h_sizes': [40, 40]}]",[<class 'models.NueralNet'>],300,1,False,True,,,0.9,,,,,,,248,287,267,233,1.0,0.9288389513108615,1.0,0.9141630901287554,naive_on_mean
0.9,100,500,False,True,False,False,"{'transform_func': <function transform_X at 0x7f496a613370>, 'beta': array([1, 2, 3, 4]), 'uniform_range_x': [-2, 2]}",<function generate_sim_data at 0x7f4967c62050>,1,0,"[{'n_iter': 200, 'patience': 100, 'input_size': 1, 'h_sizes': [40, 40]}]",[<class 'models.NueralNet'>],300,1,False,True,True,True,0.8999999999999773,0.9766666666666667,0.8866666666666667,0.8999999999999773,0.9766666666666667,0.9966666666666667,21.0,144,394,270,230,1.0,0.5333333333333333,1.0,0.4608695652173913,CS_on_y
0.9,100,500,False,True,False,False,"{'transform_func': <function transform_X at 0x7f496a613370>, 'beta': array([1, 2, 3, 4]), 'uniform_range_x': [-2, 2]}",<function generate_sim_data at 0x7f4967c62050>,1,0,"[{'n_iter': 200, 'patience': 100, 'input_size': 1, 'h_sizes': [40, 40]}]",[<class 'models.NueralNet'>],300,1,False,False,,,0.9,,,,,,,219,338,270,230,0.9908675799086758,0.8037037037037037,1.0,0.7043478260869565,naive_on_y
0.9,100,500,False,True,False,False,"{'transform_func': <function transform_X at 0x7f496a613370>, 'beta': array([1, 2, 3, 4]), 'uniform_range_x': [-2, 2]}",<function generate_sim_data at 0x7f4967c62050>,1,0,"[{'n_iter': 200, 'patience': 100, 'input_size': 1, 'h_sizes': [40, 40]}]",[<class 'models.NueralNet'>],300,1,False,True,True,True,0.9000000000000341,0.98,0.8733333333333333,0.9000000000000341,0.98,0.9933333333333333,17.0,217,286,257,243,1.0,0.8443579766536965,1.0,0.8806584362139918,CS_on_mean
0.9,100,500,False,True,False,False,"{'transform_func': <function transform_X at 0x7f496a613370>, 'beta': array([1, 2, 3, 4]), 'uniform_range_x': [-2, 2]}",<function generate_sim_data at 0x7f4967c62050>,1,0,"[{'n_iter': 200, 'patience': 100, 'input_size': 1, 'h_sizes': [40, 40]}]",[<class 'models.NueralNet'>],300,1,False,True,,,0.9,,,,,,,230,274,257,243,1.0,0.8949416342412452,1.0,0.9300411522633745,naive_on_mean
0.9,100,500,False,True,False,False,"{'transform_func': <function transform_X at 0x7f496a613370>, 'beta': array([1, 2, 3, 4]), 'uniform_range_x': [-2, 2]}",<function generate_sim_data at 0x7f4967c62050>,1,0,"[{'n_iter': 200, 'patience': 100, 'input_size': 1, 'h_sizes': [40, 40]}]",[<class 'models.NueralNet'>],300,1,False,True,True,True,0.9000000000000341,0.9566666666666667,0.7133333333333334,0.9000000000000341,0.9566666666666667,1.0,19.0,136,434,263,237,1.0,0.5171102661596958,1.0,0.2784810126582279,CS_on_y
0.9,100,500,False,True,False,False,"{'transform_func': <function transform_X at 0x7f496a613370>, 'beta': array([1, 2, 3, 4]), 'uniform_range_x': [-2, 2]}",<function generate_sim_data at 0x7f4967c62050>,1,0,"[{'n_iter': 200, 'patience': 100, 'input_size': 1, 'h_sizes': [40, 40]}]",[<class 'models.NueralNet'>],300,1,False,True,,,0.9,,,,,,,187,410,263,237,1.0,0.7110266159695817,1.0,0.379746835443038,naive_on_y
0.9,100,500,False,True,False,False,"{'transform_func': <function transform_X at 0x7f496a613370>, 'beta': array([1, 2, 3, 4]), 'uniform_range_x': [-2, 2]}",<function generate_sim_data at 0x7f4967c62050>,1,0,"[{'n_iter': 200, 'patience': 100, 'input_size': 1, 'h_sizes': [40, 40]}]",[<class 'models.NueralNet'>],300,1,False,True,True,True,0.9000000000000341,0.9966666666666667,0.9766666666666666,0.9000000000000341,0.9966666666666667,0.9966666666666667,169.0,244,317,267,233,1.0,0.9138576779026217,1.0,0.7854077253218884,CS_on_mean
0.9,100,500,False,True,False,False,"{'transform_func': <function transform_X at 0x7f496a613370>, 'beta': array([1, 2, 3, 4]), 'uniform_range_x': [-2, 2]}",<function generate_sim_data at 0x7f4967c62050>,1,0,"[{'n_iter': 200, 'patience': 100, 'input_size': 1, 'h_sizes': [40, 40]}]",[<class 'models.NueralNet'>],300,1,False,True,,,0.9,,,,,,,254,287,267,233,1.0,0.951310861423221,1.0,0.9141630901287554,naive_on_mean
0.9,100,500,False,True,False,False,"{'transform_func': <function transform_X at 0x7f496a613370>, 'beta': array([1, 2, 3, 4]), 'uniform_range_x': [-2, 2]}",<function generate_sim_data at 0x7f4967c62050>,1,0,"[{'n_iter': 200, 'patience': 100, 'input_size': 1, 'h_sizes': [40, 40]}]",[<class 'models.NueralNet'>],300,1,False,True,True,True,0.8999999999999773,0.99,0.9100000000000001,0.8999999999999773,0.99,0.9966666666666667,25.0,125,452,273,227,1.0,0.4578754578754579,1.0,0.21145374449339205,CS_on_y
0.9,100,500,False,True,False,False,"{'transform_func': <function transform_X at 0x7f496a613370>, 'beta': array([1, 2, 3, 4]), 'uniform_range_x': [-2, 2]}",<function generate_sim_data at 0x7f4967c62050>,1,0,"[{'n_iter': 200, 'patience': 100, 'input_size': 1, 'h_sizes': [40, 40]}]",[<class 'models.NueralNet'>],300,1,False,True,,,0.9,,,,,,,230,320,273,227,1.0,0.8424908424908425,1.0,0.7929515418502202,naive_on_y
0.9,100,500,False,True,False,False,"{'transform_func': <function transform_X at 0x7f496a613370>, 'beta': array([1, 2, 3, 4]), 'uniform_range_x': [-2, 2]}",<function generate_sim_data at 0x7f4967c62050>,1,0,"[{'n_iter': 200, 'patience': 100, 'input_size': 1, 'h_sizes': [40, 40]}]",[<class 'models.NueralNet'>],300,1,False,True,True,True,0.8999999999999773,0.9666666666666667,0.8533333333333335,0.8999999999999773,0.9666666666666667,0.99,5.0,224,293,253,247,1.0,0.8853754940711462,1.0,0.8380566801619433,CS_on_mean
0.9,100,500,False,True,False,False,"{'transform_func': <function transform_X at 0x7f496a613370>, 'beta': array([1, 2, 3, 4]), 'uniform_range_x': [-2, 2]}",<function generate_sim_data at 0x7f4967c62050>,1,0,"[{'n_iter': 200, 'patience': 100, 'input_size': 1, 'h_sizes': [40, 40]}]",[<class 'models.NueralNet'>],300,1,False,True,,,0.9,,,,,,,239,274,253,247,1.0,0.9446640316205533,1.0,0.9149797570850202,naive_on_mean
0.9,100,500,False,True,False,False,"{'transform_func': <function transform_X at 0x7f496a613370>, 'beta': array([1, 2, 3, 4]), 'uniform_range_x': [-2, 2]}",<function generate_sim_data at 0x7f4967c62050>,1,0,"[{'n_iter': 200, 'patience': 100, 'input_size': 1, 'h_sizes': [40, 40]}]",[<class 'models.NueralNet'>],300,1,False,True,True,True,0.9000000000000341,0.9766666666666667,0.8566666666666667,0.9000000000000341,0.9766666666666667,0.9966666666666667,13.0,124,390,246,254,1.0,0.5040650406504066,1.0,0.4330708661417323,CS_on_y
0.9,100,500,False,True,False,False,"{'transform_func': <function transform_X at 0x7f496a613370>, 'beta': array([1, 2, 3, 4]), 'uniform_range_x': [-2, 2]}",<function generate_sim_data at 0x7f4967c62050>,1,0,"[{'n_iter': 200, 'patience': 100, 'input_size': 1, 'h_sizes': [40, 40]}]",[<class 'models.NueralNet'>],300,1,False,False,,,0.9,,,,,,,190,324,246,254,0.9842105263157894,0.7601626016260162,1.0,0.6929133858267716,naive_on_y
0.9,100,500,False,True,False,False,"{'transform_func': <function transform_X at 0x7f496a613370>, 'beta': array([1, 2, 3, 4]), 'uniform_range_x': [-2, 2]}",<function generate_sim_data at 0x7f4967c62050>,1,0,"[{'n_iter': 200, 'patience': 100, 'input_size': 1, 'h_sizes': [40, 40]}]",[<class 'models.NueralNet'>],300,1,False,True,True,True,0.9000000000000341,0.9933333333333333,0.9833333333333334,0.9000000000000341,0.9933333333333333,0.9966666666666667,11.0,157,410,264,236,1.0,0.5946969696969697,1.0,0.3813559322033898,CS_on_mean
0.9,100,500,False,True,False,False,"{'transform_func': <function transform_X at 0x7f496a613370>, 'beta': array([1, 2, 3, 4]), 'uniform_range_x': [-2, 2]}",<function generate_sim_data at 0x7f4967c62050>,1,0,"[{'n_iter': 200, 'patience': 100, 'input_size': 1, 'h_sizes': [40, 40]}]",[<class 'models.NueralNet'>],300,1,False,True,,,0.9,,,,,,,248,297,264,236,1.0,0.9393939393939394,1.0,0.8601694915254238,naive_on_mean
0.9,100,500,False,True,False,False,"{'transform_func': <function transform_X at 0x7f496a613370>, 'beta': array([1, 2, 3, 4]), 'uniform_range_x': [-2, 2]}",<function generate_sim_data at 0x7f4967c62050>,1,0,"[{'n_iter': 200, 'patience': 100, 'input_size': 1, 'h_sizes': [40, 40]}]",[<class 'models.NueralNet'>],300,1,False,True,True,True,0.8999999999999773,0.9833333333333333,0.9299999999999999,0.8999999999999773,0.9833333333333333,1.0,105.0,78,480,265,235,1.0,0.2943396226415095,1.0,0.08510638297872342,CS_on_y
0.9,100,500,False,True,False,False,"{'transform_func': <function transform_X at 0x7f496a613370>, 'beta': array([1, 2, 3, 4]), 'uniform_range_x': [-2, 2]}",<function generate_sim_data at 0x7f4967c62050>,1,0,"[{'n_iter': 200, 'patience': 100, 'input_size': 1, 'h_sizes': [40, 40]}]",[<class 'models.NueralNet'>],300,1,False,True,,,0.9,,,,,,,185,376,265,235,1.0,0.6981132075471699,1.0,0.5276595744680851,naive_on_y
0.9,100,500,False,True,False,False,"{'transform_func': <function transform_X at 0x7f496a613370>, 'beta': array([1, 2, 3, 4]), 'uniform_range_x': [-2, 2]}",<function generate_sim_data at 0x7f4967c62050>,1,0,"[{'n_iter': 200, 'patience': 100, 'input_size': 1, 'h_sizes': [40, 40]}]",[<class 'models.NueralNet'>],300,1,False,True,True,True,0.9000000000000341,0.9833333333333333,0.9333333333333333,0.9000000000000341,0.9833333333333333,0.99,7.0,233,382,268,232,1.0,0.8694029850746269,1.0,0.5086206896551724,CS_on_mean
0.9,100,500,False,True,False,False,"{'transform_func': <function transform_X at 0x7f496a613370>, 'beta': array([1, 2, 3, 4]), 'uniform_range_x': [-2, 2]}",<function generate_sim_data at 0x7f4967c62050>,1,0,"[{'n_iter': 200, 'patience': 100, 'input_size': 1, 'h_sizes': [40, 40]}]",[<class 'models.NueralNet'>],300,1,False,True,,,0.9,,,,,,,251,303,268,232,1.0,0.9365671641791045,1.0,0.8491379310344828,naive_on_mean
0.9,100,500,False,True,False,False,"{'transform_func': <function transform_X at 0x7f496a613370>, 'beta': array([1, 2, 3, 4]), 'uniform_range_x': [-2, 2]}",<function generate_sim_data at 0x7f4967c62050>,1,0,"[{'n_iter': 200, 'patience': 100, 'input_size': 1, 'h_sizes': [40, 40]}]",[<class 'models.NueralNet'>],300,1,False,True,True,True,0.8999999999999773,0.97,0.7766666666666668,0.8999999999999773,0.97,1.0,19.0,121,500,269,231,1.0,0.44981412639405205,1.0,0.0,CS_on_y
0.9,100,500,False,True,False,False,"{'transform_func': <function transform_X at 0x7f496a613370>, 'beta': array([1, 2, 3, 4]), 'uniform_range_x': [-2, 2]}",<function generate_sim_data at 0x7f4967c62050>,1,0,"[{'n_iter': 200, 'patience': 100, 'input_size': 1, 'h_sizes': [40, 40]}]",[<class 'models.NueralNet'>],300,1,False,True,,,0.9,,,,,,,195,419,269,231,1.0,0.724907063197026,1.0,0.35064935064935066,naive_on_y
0.9,100,500,False,True,False,False,"{'transform_func': <function transform_X at 0x7f496a613370>, 'beta': array([1, 2, 3, 4]), 'uniform_range_x': [-2, 2]}",<function generate_sim_data at 0x7f4967c62050>,1,0,"[{'n_iter': 200, 'patience': 100, 'input_size': 1, 'h_sizes': [40, 40]}]",[<class 'models.NueralNet'>],300,1,False,True,True,True,0.9000000000000341,0.9666666666666667,0.81,0.9000000000000341,0.9666666666666667,0.97,3.0,260,300,279,221,1.0,0.931899641577061,1.0,0.9049773755656109,CS_on_mean
0.9,100,500,False,True,False,False,"{'transform_func': <function transform_X at 0x7f496a613370>, 'beta': array([1, 2, 3, 4]), 'uniform_range_x': [-2, 2]}",<function generate_sim_data at 0x7f4967c62050>,1,0,"[{'n_iter': 200, 'patience': 100, 'input_size': 1, 'h_sizes': [40, 40]}]",[<class 'models.NueralNet'>],300,1,False,True,,,0.9,,,,,,,268,301,279,221,1.0,0.9605734767025089,1.0,0.9004524886877828,naive_on_mean
0.9,100,500,False,True,False,False,"{'transform_func': <function transform_X at 0x7f496a613370>, 'beta': array([1, 2, 3, 4]), 'uniform_range_x': [-2, 2]}",<function generate_sim_data at 0x7f4967c62050>,1,0,"[{'n_iter': 200, 'patience': 100, 'input_size': 1, 'h_sizes': [40, 40]}]",[<class 'models.NueralNet'>],300,1,False,True,True,True,0.9000000000000341,0.9733333333333334,0.7866666666666666,0.9000000000000341,0.9733333333333334,0.9966666666666667,17.0,186,415,279,221,1.0,0.6666666666666667,1.0,0.3846153846153846,CS_on_y
0.9,100,500,False,True,False,False,"{'transform_func': <function transform_X at 0x7f496a613370>, 'beta': array([1, 2, 3, 4]), 'uniform_range_x': [-2, 2]}",<function generate_sim_data at 0x7f4967c62050>,1,0,"[{'n_iter': 200, 'patience': 100, 'input_size': 1, 'h_sizes': [40, 40]}]",[<class 'models.NueralNet'>],300,1,False,False,,,0.9,,,,,,,237,350,279,221,0.9957805907172996,0.8458781362007168,0.9933333333333333,0.6742081447963801,naive_on_y
0.9,100,500,False,True,False,False,"{'transform_func': <function transform_X at 0x7f496a613370>, 'beta': array([1, 2, 3, 4]), 'uniform_range_x': [-2, 2]}",<function generate_sim_data at 0x7f4967c62050>,1,0,"[{'n_iter': 200, 'patience': 100, 'input_size': 1, 'h_sizes': [40, 40]}]",[<class 'models.NueralNet'>],300,1,False,True,True,True,0.9000000000000341,0.96,0.7766666666666668,0.9000000000000341,0.96,0.9933333333333333,6.0,258,305,280,220,1.0,0.9214285714285715,1.0,0.8863636363636364,CS_on_mean
0.9,100,500,False,True,False,False,"{'transform_func': <function transform_X at 0x7f496a613370>, 'beta': array([1, 2, 3, 4]), 'uniform_range_x': [-2, 2]}",<function generate_sim_data at 0x7f4967c62050>,1,0,"[{'n_iter': 200, 'patience': 100, 'input_size': 1, 'h_sizes': [40, 40]}]",[<class 'models.NueralNet'>],300,1,False,True,,,0.9,,,,,,,262,297,280,220,1.0,0.9357142857142857,1.0,0.9227272727272727,naive_on_mean
0.9,100,500,False,True,False,False,"{'transform_func': <function transform_X at 0x7f496a613370>, 'beta': array([1, 2, 3, 4]), 'uniform_range_x': [-2, 2]}",<function generate_sim_data at 0x7f4967c62050>,1,0,"[{'n_iter': 200, 'patience': 100, 'input_size': 1, 'h_sizes': [40, 40]}]",[<class 'models.NueralNet'>],300,1,False,True,True,True,0.9000000000000341,0.9733333333333334,0.79,0.9000000000000341,0.9733333333333334,0.99,6.0,148,419,277,223,1.0,0.5342960288808665,1.0,0.36322869955156956,CS_on_y
0.9,100,500,False,True,False,False,"{'transform_func': <function transform_X at 0x7f496a613370>, 'beta': array([1, 2, 3, 4]), 'uniform_range_x': [-2, 2]}",<function generate_sim_data at 0x7f4967c62050>,1,0,"[{'n_iter': 200, 'patience': 100, 'input_size': 1, 'h_sizes': [40, 40]}]",[<class 'models.NueralNet'>],300,1,False,True,,,0.9,,,,,,,219,353,277,223,1.0,0.7906137184115524,1.0,0.6591928251121076,naive_on_y
0.9,100,500,False,True,False,False,"{'transform_func': <function transform_X at 0x7f496a613370>, 'beta': array([1, 2, 3, 4]), 'uniform_range_x': [-2, 2]}",<function generate_sim_data at 0x7f4967c62050>,1,0,"[{'n_iter': 200, 'patience': 100, 'input_size': 1, 'h_sizes': [40, 40]}]",[<class 'models.NueralNet'>],300,1,False,True,True,True,0.9000000000000341,0.9633333333333334,0.8766666666666667,0.9000000000000341,0.9633333333333334,0.9866666666666667,9.0,223,318,263,237,1.0,0.8479087452471483,1.0,0.7679324894514767,CS_on_mean
0.9,100,500,False,True,False,False,"{'transform_func': <function transform_X at 0x7f496a613370>, 'beta': array([1, 2, 3, 4]), 'uniform_range_x': [-2, 2]}",<function generate_sim_data at 0x7f4967c62050>,1,0,"[{'n_iter': 200, 'patience': 100, 'input_size': 1, 'h_sizes': [40, 40]}]",[<class 'models.NueralNet'>],300,1,False,True,,,0.9,,,,,,,240,299,263,237,1.0,0.9125475285171103,1.0,0.8481012658227848,naive_on_mean
0.9,100,500,False,True,False,False,"{'transform_func': <function transform_X at 0x7f496a613370>, 'beta': array([1, 2, 3, 4]), 'uniform_range_x': [-2, 2]}",<function generate_sim_data at 0x7f4967c62050>,1,0,"[{'n_iter': 200, 'patience': 100, 'input_size': 1, 'h_sizes': [40, 40]}]",[<class 'models.NueralNet'>],300,1,False,True,True,True,0.9000000000000341,0.9533333333333334,0.7033333333333331,0.9000000000000341,0.9533333333333334,1.0,25.0,115,475,258,242,1.0,0.44573643410852715,1.0,0.10330578512396693,CS_on_y
0.9,100,500,False,True,False,False,"{'transform_func': <function transform_X at 0x7f496a613370>, 'beta': array([1, 2, 3, 4]), 'uniform_range_x': [-2, 2]}",<function generate_sim_data at 0x7f4967c62050>,1,0,"[{'n_iter': 200, 'patience': 100, 'input_size': 1, 'h_sizes': [40, 40]}]",[<class 'models.NueralNet'>],300,1,False,True,,,0.9,,,,,,,193,388,258,242,1.0,0.748062015503876,1.0,0.4628099173553719,naive_on_y
0.9,100,500,False,True,False,False,"{'transform_func': <function transform_X at 0x7f496a613370>, 'beta': array([1, 2, 3, 4]), 'uniform_range_x': [-2, 2]}",<function generate_sim_data at 0x7f4967c62050>,1,0,"[{'n_iter': 200, 'patience': 100, 'input_size': 1, 'h_sizes': [40, 40]}]",[<class 'models.NueralNet'>],300,1,False,True,True,True,0.9000000000000341,0.98,0.8900000000000001,0.9000000000000341,0.98,0.9966666666666667,8.0,218,293,266,234,1.0,0.8195488721804511,1.0,0.8846153846153846,CS_on_mean
0.9,100,500,False,True,False,False,"{'transform_func': <function transform_X at 0x7f496a613370>, 'beta': array([1, 2, 3, 4]), 'uniform_range_x': [-2, 2]}",<function generate_sim_data at 0x7f4967c62050>,1,0,"[{'n_iter': 200, 'patience': 100, 'input_size': 1, 'h_sizes': [40, 40]}]",[<class 'models.NueralNet'>],300,1,False,True,,,0.9,,,,,,,238,283,266,234,1.0,0.8947368421052632,1.0,0.9273504273504274,naive_on_mean
0.9,100,500,False,True,False,False,"{'transform_func': <function transform_X at 0x7f496a613370>, 'beta': array([1, 2, 3, 4]), 'uniform_range_x': [-2, 2]}",<function generate_sim_data at 0x7f4967c62050>,1,0,"[{'n_iter': 200, 'patience': 100, 'input_size': 1, 'h_sizes': [40, 40]}]",[<class 'models.NueralNet'>],300,1,False,True,True,True,0.8999999999999773,0.9766666666666667,0.8700000000000001,0.8999999999999773,0.9766666666666667,0.9966666666666667,41.0,142,400,263,237,1.0,0.5399239543726235,1.0,0.42194092827004215,CS_on_y
0.9,100,500,False,True,False,False,"{'transform_func': <function transform_X at 0x7f496a613370>, 'beta': array([1, 2, 3, 4]), 'uniform_range_x': [-2, 2]}",<function generate_sim_data at 0x7f4967c62050>,1,0,"[{'n_iter': 200, 'patience': 100, 'input_size': 1, 'h_sizes': [40, 40]}]",[<class 'models.NueralNet'>],300,1,False,True,,,0.9,,,,,,,199,332,263,237,1.0,0.7566539923954373,1.0,0.7088607594936709,naive_on_y
0.9,100,500,False,True,False,False,"{'transform_func': <function transform_X at 0x7f496a613370>, 'beta': array([1, 2, 3, 4]), 'uniform_range_x': [-2, 2]}",<function generate_sim_data at 0x7f4967c62050>,1,0,"[{'n_iter': 200, 'patience': 100, 'input_size': 1, 'h_sizes': [40, 40]}]",[<class 'models.NueralNet'>],300,1,False,True,True,True,0.8999999999999773,0.9866666666666667,0.9500000000000002,0.8999999999999773,0.9866666666666667,0.9966666666666667,6.0,201,307,263,237,1.0,0.7642585551330798,1.0,0.8143459915611815,CS_on_mean
0.9,100,500,False,True,False,False,"{'transform_func': <function transform_X at 0x7f496a613370>, 'beta': array([1, 2, 3, 4]), 'uniform_range_x': [-2, 2]}",<function generate_sim_data at 0x7f4967c62050>,1,0,"[{'n_iter': 200, 'patience': 100, 'input_size': 1, 'h_sizes': [40, 40]}]",[<class 'models.NueralNet'>],300,1,False,True,,,0.9,,,,,,,246,288,263,237,1.0,0.935361216730038,1.0,0.8945147679324894,naive_on_mean
0.9,100,500,False,True,False,False,"{'transform_func': <function transform_X at 0x7f496a613370>, 'beta': array([1, 2, 3, 4]), 'uniform_range_x': [-2, 2]}",<function generate_sim_data at 0x7f4967c62050>,1,0,"[{'n_iter': 200, 'patience': 100, 'input_size': 1, 'h_sizes': [40, 40]}]",[<class 'models.NueralNet'>],300,1,False,True,True,True,0.8999999999999773,0.9766666666666667,0.9033333333333333,0.8999999999999773,0.9766666666666667,1.0,73.0,97,444,263,237,1.0,0.36882129277566544,1.0,0.23628691983122363,CS_on_y
0.9,100,500,False,True,False,False,"{'transform_func': <function transform_X at 0x7f496a613370>, 'beta': array([1, 2, 3, 4]), 'uniform_range_x': [-2, 2]}",<function generate_sim_data at 0x7f4967c62050>,1,0,"[{'n_iter': 200, 'patience': 100, 'input_size': 1, 'h_sizes': [40, 40]}]",[<class 'models.NueralNet'>],300,1,False,True,,,0.9,,,,,,,204,330,263,237,1.0,0.7756653992395437,1.0,0.7172995780590717,naive_on_y
0.9,100,500,False,True,False,False,"{'transform_func': <function transform_X at 0x7f496a613370>, 'beta': array([1, 2, 3, 4]), 'uniform_range_x': [-2, 2]}",<function generate_sim_data at 0x7f4967c62050>,1,0,"[{'n_iter': 200, 'patience': 100, 'input_size': 1, 'h_sizes': [40, 40]}]",[<class 'models.NueralNet'>],300,1,False,True,True,True,0.9000000000000341,0.9766666666666667,0.8333333333333335,0.9000000000000341,0.9766666666666667,0.9833333333333333,4.0,263,324,285,215,1.0,0.9228070175438596,1.0,0.8186046511627907,CS_on_mean
0.9,100,500,False,True,False,False,"{'transform_func': <function transform_X at 0x7f496a613370>, 'beta': array([1, 2, 3, 4]), 'uniform_range_x': [-2, 2]}",<function generate_sim_data at 0x7f4967c62050>,1,0,"[{'n_iter': 200, 'patience': 100, 'input_size': 1, 'h_sizes': [40, 40]}]",[<class 'models.NueralNet'>],300,1,False,True,,,0.9,,,,,,,271,314,285,215,1.0,0.9508771929824561,1.0,0.8651162790697674,naive_on_mean
0.9,100,500,False,True,False,False,"{'transform_func': <function transform_X at 0x7f496a613370>, 'beta': array([1, 2, 3, 4]), 'uniform_range_x': [-2, 2]}",<function generate_sim_data at 0x7f4967c62050>,1,0,"[{'n_iter': 200, 'patience': 100, 'input_size': 1, 'h_sizes': [40, 40]}]",[<class 'models.NueralNet'>],300,1,False,True,True,True,0.8999999999999773,0.96,0.7999999999999998,0.8999999999999773,0.96,0.9966666666666667,34.0,144,497,289,211,1.0,0.4982698961937716,1.0,0.014218009478673022,CS_on_y
0.9,100,500,False,True,False,False,"{'transform_func': <function transform_X at 0x7f496a613370>, 'beta': array([1, 2, 3, 4]), 'uniform_range_x': [-2, 2]}",<function generate_sim_data at 0x7f4967c62050>,1,0,"[{'n_iter': 200, 'patience': 100, 'input_size': 1, 'h_sizes': [40, 40]}]",[<class 'models.NueralNet'>],300,1,False,True,,,0.9,,,,,,,220,364,289,211,1.0,0.7612456747404844,1.0,0.6445497630331753,naive_on_y
0.9,100,500,False,True,False,False,"{'transform_func': <function transform_X at 0x7f496a613370>, 'beta': array([1, 2, 3, 4]), 'uniform_range_x': [-2, 2]}",<function generate_sim_data at 0x7f4967c62050>,1,0,"[{'n_iter': 200, 'patience': 100, 'input_size': 1, 'h_sizes': [40, 40]}]",[<class 'models.NueralNet'>],300,1,False,True,True,True,0.9000000000000341,0.9833333333333333,0.8266666666666667,0.9000000000000341,0.9833333333333333,0.9933333333333333,15.0,238,289,255,245,1.0,0.9333333333333333,1.0,0.8612244897959184,CS_on_mean
0.9,100,500,False,True,False,False,"{'transform_func': <function transform_X at 0x7f496a613370>, 'beta': array([1, 2, 3, 4]), 'uniform_range_x': [-2, 2]}",<function generate_sim_data at 0x7f4967c62050>,1,0,"[{'n_iter': 200, 'patience': 100, 'input_size': 1, 'h_sizes': [40, 40]}]",[<class 'models.NueralNet'>],300,1,False,True,,,0.9,,,,,,,244,266,255,245,1.0,0.9568627450980393,1.0,0.9551020408163265,naive_on_mean
0.9,100,500,False,True,False,False,"{'transform_func': <function transform_X at 0x7f496a613370>, 'beta': array([1, 2, 3, 4]), 'uniform_range_x': [-2, 2]}",<function generate_sim_data at 0x7f4967c62050>,1,0,"[{'n_iter': 200, 'patience': 100, 'input_size': 1, 'h_sizes': [40, 40]}]",[<class 'models.NueralNet'>],300,1,False,True,True,True,0.9000000000000341,0.98,0.8333333333333335,0.9000000000000341,0.98,0.99,16.0,163,416,255,245,1.0,0.6392156862745098,1.0,0.34285714285714286,CS_on_y
0.9,100,500,False,True,False,False,"{'transform_func': <function transform_X at 0x7f496a613370>, 'beta': array([1, 2, 3, 4]), 'uniform_range_x': [-2, 2]}",<function generate_sim_data at 0x7f4967c62050>,1,0,"[{'n_iter': 200, 'patience': 100, 'input_size': 1, 'h_sizes': [40, 40]}]",[<class 'models.NueralNet'>],300,1,False,True,,,0.9,,,,,,,206,327,255,245,1.0,0.807843137254902,1.0,0.7061224489795919,naive_on_y
0.9,100,500,False,True,False,False,"{'transform_func': <function transform_X at 0x7f496a613370>, 'beta': array([1, 2, 3, 4]), 'uniform_range_x': [-2, 2]}",<function generate_sim_data at 0x7f4967c62050>,1,0,"[{'n_iter': 200, 'patience': 100, 'input_size': 1, 'h_sizes': [40, 40]}]",[<class 'models.NueralNet'>],300,1,False,True,True,True,0.9000000000000341,0.9633333333333334,0.7633333333333332,0.9000000000000341,0.9633333333333334,0.9766666666666667,7.0,238,288,267,233,1.0,0.8913857677902621,1.0,0.9098712446351931,CS_on_mean
0.9,100,500,False,True,False,False,"{'transform_func': <function transform_X at 0x7f496a613370>, 'beta': array([1, 2, 3, 4]), 'uniform_range_x': [-2, 2]}",<function generate_sim_data at 0x7f4967c62050>,1,0,"[{'n_iter': 200, 'patience': 100, 'input_size': 1, 'h_sizes': [40, 40]}]",[<class 'models.NueralNet'>],300,1,False,True,,,0.9,,,,,,,247,288,267,233,1.0,0.9250936329588015,1.0,0.9098712446351931,naive_on_mean
0.9,100,500,False,True,False,False,"{'transform_func': <function transform_X at 0x7f496a613370>, 'beta': array([1, 2, 3, 4]), 'uniform_range_x': [-2, 2]}",<function generate_sim_data at 0x7f4967c62050>,1,0,"[{'n_iter': 200, 'patience': 100, 'input_size': 1, 'h_sizes': [40, 40]}]",[<class 'models.NueralNet'>],300,1,False,True,True,True,0.9000000000000341,0.9633333333333334,0.8199999999999998,0.9000000000000341,0.9633333333333334,0.9966666666666667,31.0,129,435,266,234,1.0,0.4849624060150376,1.0,0.2777777777777778,CS_on_y
0.9,100,500,False,True,False,False,"{'transform_func': <function transform_X at 0x7f496a613370>, 'beta': array([1, 2, 3, 4]), 'uniform_range_x': [-2, 2]}",<function generate_sim_data at 0x7f4967c62050>,1,0,"[{'n_iter': 200, 'patience': 100, 'input_size': 1, 'h_sizes': [40, 40]}]",[<class 'models.NueralNet'>],300,1,False,True,,,0.9,,,,,,,204,328,266,234,1.0,0.7669172932330828,1.0,0.7350427350427351,naive_on_y
0.9,100,500,False,True,False,False,"{'transform_func': <function transform_X at 0x7f496a613370>, 'beta': array([1, 2, 3, 4]), 'uniform_range_x': [-2, 2]}",<function generate_sim_data at 0x7f4967c62050>,1,0,"[{'n_iter': 200, 'patience': 100, 'input_size': 1, 'h_sizes': [40, 40]}]",[<class 'models.NueralNet'>],300,1,False,True,True,True,0.9000000000000057,0.9966666666666667,0.9933333333333334,0.9000000000000057,0.9966666666666667,1.0,305.0,217,346,264,236,1.0,0.821969696969697,1.0,0.652542372881356,CS_on_mean
0.9,100,500,False,True,False,False,"{'transform_func': <function transform_X at 0x7f496a613370>, 'beta': array([1, 2, 3, 4]), 'uniform_range_x': [-2, 2]}",<function generate_sim_data at 0x7f4967c62050>,1,0,"[{'n_iter': 200, 'patience': 100, 'input_size': 1, 'h_sizes': [40, 40]}]",[<class 'models.NueralNet'>],300,1,False,True,,,0.9,,,,,,,243,284,264,236,1.0,0.9204545454545454,1.0,0.9152542372881356,naive_on_mean
0.9,100,500,False,True,False,False,"{'transform_func': <function transform_X at 0x7f496a613370>, 'beta': array([1, 2, 3, 4]), 'uniform_range_x': [-2, 2]}",<function generate_sim_data at 0x7f4967c62050>,1,0,"[{'n_iter': 200, 'patience': 100, 'input_size': 1, 'h_sizes': [40, 40]}]",[<class 'models.NueralNet'>],300,1,False,True,True,True,0.9000000000000341,0.9966666666666667,0.9766666666666666,0.9000000000000341,0.9966666666666667,1.0,109.0,108,500,266,234,1.0,0.40601503759398494,1.0,0.0,CS_on_y
0.9,100,500,False,True,False,False,"{'transform_func': <function transform_X at 0x7f496a613370>, 'beta': array([1, 2, 3, 4]), 'uniform_range_x': [-2, 2]}",<function generate_sim_data at 0x7f4967c62050>,1,0,"[{'n_iter': 200, 'patience': 100, 'input_size': 1, 'h_sizes': [40, 40]}]",[<class 'models.NueralNet'>],300,1,False,True,,,0.9,,,,,,,204,359,266,234,1.0,0.7669172932330828,1.0,0.6025641025641026,naive_on_y
0.9,100,500,False,True,False,False,"{'transform_func': <function transform_X at 0x7f496a613370>, 'beta': array([1, 2, 3, 4]), 'uniform_range_x': [-2, 2]}",<function generate_sim_data at 0x7f4967c62050>,1,0,"[{'n_iter': 200, 'patience': 100, 'input_size': 1, 'h_sizes': [40, 40]}]",[<class 'models.NueralNet'>],300,1,False,True,True,True,0.8999999999999773,0.98,0.9233333333333333,0.8999999999999773,0.98,0.9933333333333333,4.0,261,406,280,220,1.0,0.9321428571428572,1.0,0.42727272727272725,CS_on_mean
0.9,100,500,False,True,False,False,"{'transform_func': <function transform_X at 0x7f496a613370>, 'beta': array([1, 2, 3, 4]), 'uniform_range_x': [-2, 2]}",<function generate_sim_data at 0x7f4967c62050>,1,0,"[{'n_iter': 200, 'patience': 100, 'input_size': 1, 'h_sizes': [40, 40]}]",[<class 'models.NueralNet'>],300,1,False,True,,,0.9,,,,,,,264,305,280,220,1.0,0.9428571428571428,1.0,0.8863636363636364,naive_on_mean
0.9,100,500,False,True,False,False,"{'transform_func': <function transform_X at 0x7f496a613370>, 'beta': array([1, 2, 3, 4]), 'uniform_range_x': [-2, 2]}",<function generate_sim_data at 0x7f4967c62050>,1,0,"[{'n_iter': 200, 'patience': 100, 'input_size': 1, 'h_sizes': [40, 40]}]",[<class 'models.NueralNet'>],300,1,False,True,True,True,0.900000000000091,0.9866666666666667,0.8266666666666667,0.900000000000091,0.9866666666666667,0.9966666666666667,23.0,109,500,282,218,1.0,0.3865248226950354,1.0,0.0,CS_on_y
0.9,100,500,False,True,False,False,"{'transform_func': <function transform_X at 0x7f496a613370>, 'beta': array([1, 2, 3, 4]), 'uniform_range_x': [-2, 2]}",<function generate_sim_data at 0x7f4967c62050>,1,0,"[{'n_iter': 200, 'patience': 100, 'input_size': 1, 'h_sizes': [40, 40]}]",[<class 'models.NueralNet'>],300,1,False,True,,,0.9,,,,,,,200,392,282,218,1.0,0.7092198581560284,1.0,0.4954128440366973,naive_on_y
0.9,100,500,False,True,False,False,"{'transform_func': <function transform_X at 0x7f496a613370>, 'beta': array([1, 2, 3, 4]), 'uniform_range_x': [-2, 2]}",<function generate_sim_data at 0x7f4967c62050>,1,0,"[{'n_iter': 200, 'patience': 100, 'input_size': 1, 'h_sizes': [40, 40]}]",[<class 'models.NueralNet'>],300,1,False,True,True,True,0.9000000000000341,0.9633333333333334,0.8633333333333333,0.9000000000000341,0.9633333333333334,0.9866666666666667,12.0,234,293,262,238,1.0,0.8931297709923665,1.0,0.8697478991596639,CS_on_mean
0.9,100,500,False,True,False,False,"{'transform_func': <function transform_X at 0x7f496a613370>, 'beta': array([1, 2, 3, 4]), 'uniform_range_x': [-2, 2]}",<function generate_sim_data at 0x7f4967c62050>,1,0,"[{'n_iter': 200, 'patience': 100, 'input_size': 1, 'h_sizes': [40, 40]}]",[<class 'models.NueralNet'>],300,1,False,True,,,0.9,,,,,,,239,282,262,238,1.0,0.9122137404580153,1.0,0.9159663865546218,naive_on_mean
0.9,100,500,False,True,False,False,"{'transform_func': <function transform_X at 0x7f496a613370>, 'beta': array([1, 2, 3, 4]), 'uniform_range_x': [-2, 2]}",<function generate_sim_data at 0x7f4967c62050>,1,0,"[{'n_iter': 200, 'patience': 100, 'input_size': 1, 'h_sizes': [40, 40]}]",[<class 'models.NueralNet'>],300,1,False,True,True,True,0.9000000000000341,0.9566666666666667,0.6766666666666667,0.9000000000000341,0.9566666666666667,0.9933333333333333,18.0,145,468,256,244,1.0,0.56640625,1.0,0.1311475409836066,CS_on_y
0.9,100,500,False,True,False,False,"{'transform_func': <function transform_X at 0x7f496a613370>, 'beta': array([1, 2, 3, 4]), 'uniform_range_x': [-2, 2]}",<function generate_sim_data at 0x7f4967c62050>,1,0,"[{'n_iter': 200, 'patience': 100, 'input_size': 1, 'h_sizes': [40, 40]}]",[<class 'models.NueralNet'>],300,1,False,False,,,0.9,,,,,,,186,347,256,244,0.9946236559139785,0.72265625,1.0,0.6270491803278688,naive_on_y
0.9,100,500,False,True,False,False,"{'transform_func': <function transform_X at 0x7f496a613370>, 'beta': array([1, 2, 3, 4]), 'uniform_range_x': [-2, 2]}",<function generate_sim_data at 0x7f4967c62050>,1,0,"[{'n_iter': 200, 'patience': 100, 'input_size': 1, 'h_sizes': [40, 40]}]",[<class 'models.NueralNet'>],300,1,False,True,True,True,0.9000000000000341,0.9633333333333334,0.7666666666666666,0.9000000000000341,0.9633333333333334,0.9833333333333333,9.0,254,305,273,227,1.0,0.9304029304029304,1.0,0.8590308370044053,CS_on_mean
0.9,100,500,False,True,False,False,"{'transform_func': <function transform_X at 0x7f496a613370>, 'beta': array([1, 2, 3, 4]), 'uniform_range_x': [-2, 2]}",<function generate_sim_data at 0x7f4967c62050>,1,0,"[{'n_iter': 200, 'patience': 100, 'input_size': 1, 'h_sizes': [40, 40]}]",[<class 'models.NueralNet'>],300,1,False,True,,,0.9,,,,,,,259,297,273,227,1.0,0.9487179487179487,1.0,0.8942731277533039,naive_on_mean
0.9,100,500,False,True,False,False,"{'transform_func': <function transform_X at 0x7f496a613370>, 'beta': array([1, 2, 3, 4]), 'uniform_range_x': [-2, 2]}",<function generate_sim_data at 0x7f4967c62050>,1,0,"[{'n_iter': 200, 'patience': 100, 'input_size': 1, 'h_sizes': [40, 40]}]",[<class 'models.NueralNet'>],300,1,False,True,True,True,0.8999999999999773,0.9566666666666667,0.7633333333333332,0.8999999999999773,0.9566666666666667,0.9966666666666667,26.0,153,484,272,228,1.0,0.5625,1.0,0.07017543859649122,CS_on_y
0.9,100,500,False,True,False,False,"{'transform_func': <function transform_X at 0x7f496a613370>, 'beta': array([1, 2, 3, 4]), 'uniform_range_x': [-2, 2]}",<function generate_sim_data at 0x7f4967c62050>,1,0,"[{'n_iter': 200, 'patience': 100, 'input_size': 1, 'h_sizes': [40, 40]}]",[<class 'models.NueralNet'>],300,1,False,False,,,0.9,,,,,,,212,336,272,228,0.9952830188679245,0.7757352941176471,1.0,0.7192982456140351,naive_on_y
0.9,100,500,False,True,False,False,"{'transform_func': <function transform_X at 0x7f496a613370>, 'beta': array([1, 2, 3, 4]), 'uniform_range_x': [-2, 2]}",<function generate_sim_data at 0x7f4967c62050>,1,0,"[{'n_iter': 200, 'patience': 100, 'input_size': 1, 'h_sizes': [40, 40]}]",[<class 'models.NueralNet'>],300,1,False,True,True,True,0.9000000000000341,0.9766666666666667,0.8999999999999999,0.9000000000000341,0.9766666666666667,0.9833333333333333,11.0,245,311,272,228,1.0,0.9007352941176471,1.0,0.8289473684210527,CS_on_mean
0.9,100,500,False,True,False,False,"{'transform_func': <function transform_X at 0x7f496a613370>, 'beta': array([1, 2, 3, 4]), 'uniform_range_x': [-2, 2]}",<function generate_sim_data at 0x7f4967c62050>,1,0,"[{'n_iter': 200, 'patience': 100, 'input_size': 1, 'h_sizes': [40, 40]}]",[<class 'models.NueralNet'>],300,1,False,True,,,0.9,,,,,,,266,309,272,228,1.0,0.9779411764705882,1.0,0.8377192982456141,naive_on_mean
0.9,100,500,False,True,False,False,"{'transform_func': <function transform_X at 0x7f496a613370>, 'beta': array([1, 2, 3, 4]), 'uniform_range_x': [-2, 2]}",<function generate_sim_data at 0x7f4967c62050>,1,0,"[{'n_iter': 200, 'patience': 100, 'input_size': 1, 'h_sizes': [40, 40]}]",[<class 'models.NueralNet'>],300,1,False,True,True,True,0.9000000000000341,0.96,0.72,0.9000000000000341,0.96,0.9966666666666667,30.0,155,500,267,233,1.0,0.5805243445692884,1.0,0.0,CS_on_y
0.9,100,500,False,True,False,False,"{'transform_func': <function transform_X at 0x7f496a613370>, 'beta': array([1, 2, 3, 4]), 'uniform_range_x': [-2, 2]}",<function generate_sim_data at 0x7f4967c62050>,1,0,"[{'n_iter': 200, 'patience': 100, 'input_size': 1, 'h_sizes': [40, 40]}]",[<class 'models.NueralNet'>],300,1,False,False,,,0.9,,,,,,,211,461,267,233,0.995260663507109,0.7865168539325843,1.0,0.1673819742489271,naive_on_y
0.9,100,500,False,True,False,False,"{'transform_func': <function transform_X at 0x7f496a613370>, 'beta': array([1, 2, 3, 4]), 'uniform_range_x': [-2, 2]}",<function generate_sim_data at 0x7f4967c62050>,1,0,"[{'n_iter': 200, 'patience': 100, 'input_size': 1, 'h_sizes': [40, 40]}]",[<class 'models.NueralNet'>],300,1,False,True,True,True,0.9000000000000341,0.9666666666666667,0.8133333333333335,0.9000000000000341,0.9666666666666667,0.9666666666666667,3.0,236,278,255,245,1.0,0.9254901960784314,1.0,0.9061224489795918,CS_on_mean
0.9,100,500,False,True,False,False,"{'transform_func': <function transform_X at 0x7f496a613370>, 'beta': array([1, 2, 3, 4]), 'uniform_range_x': [-2, 2]}",<function generate_sim_data at 0x7f4967c62050>,1,0,"[{'n_iter': 200, 'patience': 100, 'input_size': 1, 'h_sizes': [40, 40]}]",[<class 'models.NueralNet'>],300,1,False,True,,,0.9,,,,,,,240,273,255,245,1.0,0.9411764705882353,1.0,0.926530612244898,naive_on_mean
0.9,100,500,False,True,False,False,"{'transform_func': <function transform_X at 0x7f496a613370>, 'beta': array([1, 2, 3, 4]), 'uniform_range_x': [-2, 2]}",<function generate_sim_data at 0x7f4967c62050>,1,0,"[{'n_iter': 200, 'patience': 100, 'input_size': 1, 'h_sizes': [40, 40]}]",[<class 'models.NueralNet'>],300,1,False,True,True,True,0.8999999999999773,0.96,0.7166666666666668,0.8999999999999773,0.96,0.9766666666666667,9.0,136,459,256,244,1.0,0.53125,1.0,0.16803278688524592,CS_on_y
0.9,100,500,False,True,False,False,"{'transform_func': <function transform_X at 0x7f496a613370>, 'beta': array([1, 2, 3, 4]), 'uniform_range_x': [-2, 2]}",<function generate_sim_data at 0x7f4967c62050>,1,0,"[{'n_iter': 200, 'patience': 100, 'input_size': 1, 'h_sizes': [40, 40]}]",[<class 'models.NueralNet'>],300,1,False,False,,,0.9,,,,,,,214,334,256,244,0.9953271028037384,0.83203125,0.9939759036144579,0.6762295081967213,naive_on_y
0.9,100,500,False,True,False,False,"{'transform_func': <function transform_X at 0x7f496a613370>, 'beta': array([1, 2, 3, 4]), 'uniform_range_x': [-2, 2]}",<function generate_sim_data at 0x7f4967c62050>,1,0,"[{'n_iter': 200, 'patience': 100, 'input_size': 1, 'h_sizes': [40, 40]}]",[<class 'models.NueralNet'>],300,1,False,True,True,True,0.8999999999999773,0.9766666666666667,0.8666666666666667,0.8999999999999773,0.9766666666666667,0.99,15.0,209,298,269,231,1.0,0.7769516728624535,1.0,0.8744588744588745,CS_on_mean
0.9,100,500,False,True,False,False,"{'transform_func': <function transform_X at 0x7f496a613370>, 'beta': array([1, 2, 3, 4]), 'uniform_range_x': [-2, 2]}",<function generate_sim_data at 0x7f4967c62050>,1,0,"[{'n_iter': 200, 'patience': 100, 'input_size': 1, 'h_sizes': [40, 40]}]",[<class 'models.NueralNet'>],300,1,False,True,,,0.9,,,,,,,228,285,269,231,1.0,0.8475836431226766,1.0,0.9307359307359307,naive_on_mean
0.9,100,500,False,True,False,False,"{'transform_func': <function transform_X at 0x7f496a613370>, 'beta': array([1, 2, 3, 4]), 'uniform_range_x': [-2, 2]}",<function generate_sim_data at 0x7f4967c62050>,1,0,"[{'n_iter': 200, 'patience': 100, 'input_size': 1, 'h_sizes': [40, 40]}]",[<class 'models.NueralNet'>],300,1,False,True,True,True,0.9000000000000341,0.97,0.7866666666666666,0.9000000000000341,0.97,0.9933333333333333,12.0,94,419,269,231,1.0,0.34944237918215615,1.0,0.35064935064935066,CS_on_y
0.9,100,500,False,True,False,False,"{'transform_func': <function transform_X at 0x7f496a613370>, 'beta': array([1, 2, 3, 4]), 'uniform_range_x': [-2, 2]}",<function generate_sim_data at 0x7f4967c62050>,1,0,"[{'n_iter': 200, 'patience': 100, 'input_size': 1, 'h_sizes': [40, 40]}]",[<class 'models.NueralNet'>],300,1,False,True,,,0.9,,,,,,,179,331,269,231,1.0,0.6654275092936803,1.0,0.7316017316017316,naive_on_y
0.9,100,500,False,True,False,False,"{'transform_func': <function transform_X at 0x7f496a613370>, 'beta': array([1, 2, 3, 4]), 'uniform_range_x': [-2, 2]}",<function generate_sim_data at 0x7f4967c62050>,1,0,"[{'n_iter': 200, 'patience': 100, 'input_size': 1, 'h_sizes': [40, 40]}]",[<class 'models.NueralNet'>],300,1,False,True,True,True,0.8999999999999773,0.9833333333333333,0.9266666666666667,0.8999999999999773,0.9833333333333333,0.9933333333333333,9.0,237,330,287,213,1.0,0.8257839721254355,1.0,0.7981220657276995,CS_on_mean
0.9,100,500,False,True,False,False,"{'transform_func': <function transform_X at 0x7f496a613370>, 'beta': array([1, 2, 3, 4]), 'uniform_range_x': [-2, 2]}",<function generate_sim_data at 0x7f4967c62050>,1,0,"[{'n_iter': 200, 'patience': 100, 'input_size': 1, 'h_sizes': [40, 40]}]",[<class 'models.NueralNet'>],300,1,False,True,,,0.9,,,,,,,262,303,287,213,1.0,0.9128919860627178,1.0,0.9248826291079812,naive_on_mean
0.9,100,500,False,True,False,False,"{'transform_func': <function transform_X at 0x7f496a613370>, 'beta': array([1, 2, 3, 4]), 'uniform_range_x': [-2, 2]}",<function generate_sim_data at 0x7f4967c62050>,1,0,"[{'n_iter': 200, 'patience': 100, 'input_size': 1, 'h_sizes': [40, 40]}]",[<class 'models.NueralNet'>],300,1,False,True,True,True,0.8999999999999773,0.9733333333333334,0.8900000000000001,0.8999999999999773,0.9733333333333334,1.0,14.0,155,421,282,218,1.0,0.549645390070922,1.0,0.3623853211009175,CS_on_y
0.9,100,500,False,True,False,False,"{'transform_func': <function transform_X at 0x7f496a613370>, 'beta': array([1, 2, 3, 4]), 'uniform_range_x': [-2, 2]}",<function generate_sim_data at 0x7f4967c62050>,1,0,"[{'n_iter': 200, 'patience': 100, 'input_size': 1, 'h_sizes': [40, 40]}]",[<class 'models.NueralNet'>],300,1,False,False,,,0.9,,,,,,,222,360,282,218,1.0,0.7872340425531915,0.9928571428571429,0.6376146788990826,naive_on_y
0.9,100,500,False,True,False,False,"{'transform_func': <function transform_X at 0x7f496a613370>, 'beta': array([1, 2, 3, 4]), 'uniform_range_x': [-2, 2]}",<function generate_sim_data at 0x7f4967c62050>,1,0,"[{'n_iter': 200, 'patience': 100, 'input_size': 1, 'h_sizes': [40, 40]}]",[<class 'models.NueralNet'>],300,1,False,True,True,True,0.9000000000000341,0.9633333333333334,0.7966666666666666,0.9000000000000341,0.9633333333333334,0.9766666666666667,6.0,230,286,259,241,1.0,0.888030888030888,1.0,0.8879668049792531,CS_on_mean
0.9,100,500,False,True,False,False,"{'transform_func': <function transform_X at 0x7f496a613370>, 'beta': array([1, 2, 3, 4]), 'uniform_range_x': [-2, 2]}",<function generate_sim_data at 0x7f4967c62050>,1,0,"[{'n_iter': 200, 'patience': 100, 'input_size': 1, 'h_sizes': [40, 40]}]",[<class 'models.NueralNet'>],300,1,False,True,,,0.9,,,,,,,239,276,259,241,1.0,0.9227799227799228,1.0,0.9294605809128631,naive_on_mean
0.9,100,500,False,True,False,False,"{'transform_func': <function transform_X at 0x7f496a613370>, 'beta': array([1, 2, 3, 4]), 'uniform_range_x': [-2, 2]}",<function generate_sim_data at 0x7f4967c62050>,1,0,"[{'n_iter': 200, 'patience': 100, 'input_size': 1, 'h_sizes': [40, 40]}]",[<class 'models.NueralNet'>],300,1,False,True,True,True,0.8999999999999773,0.9733333333333334,0.7799999999999998,0.8999999999999773,0.9733333333333334,1.0,15.0,143,399,256,244,1.0,0.55859375,1.0,0.41393442622950816,CS_on_y
0.9,100,500,False,True,False,False,"{'transform_func': <function transform_X at 0x7f496a613370>, 'beta': array([1, 2, 3, 4]), 'uniform_range_x': [-2, 2]}",<function generate_sim_data at 0x7f4967c62050>,1,0,"[{'n_iter': 200, 'patience': 100, 'input_size': 1, 'h_sizes': [40, 40]}]",[<class 'models.NueralNet'>],300,1,False,True,,,0.9,,,,,,,200,346,256,244,1.0,0.78125,1.0,0.6311475409836065,naive_on_y
0.9,100,500,False,True,False,False,"{'transform_func': <function transform_X at 0x7f496a613370>, 'beta': array([1, 2, 3, 4]), 'uniform_range_x': [-2, 2]}",<function generate_sim_data at 0x7f4967c62050>,1,0,"[{'n_iter': 200, 'patience': 100, 'input_size': 1, 'h_sizes': [40, 40]}]",[<class 'models.NueralNet'>],300,1,False,True,False,True,0.8999999999999773,0.9866666666666667,0.8166666666666667,0.8999999999999773,0.9866666666666667,0.9866666666666667,6.0,247,366,258,242,1.0,0.9573643410852714,1.0,0.5537190082644627,CS_on_mean
0.9,100,500,False,True,False,False,"{'transform_func': <function transform_X at 0x7f496a613370>, 'beta': array([1, 2, 3, 4]), 'uniform_range_x': [-2, 2]}",<function generate_sim_data at 0x7f4967c62050>,1,0,"[{'n_iter': 200, 'patience': 100, 'input_size': 1, 'h_sizes': [40, 40]}]",[<class 'models.NueralNet'>],300,1,False,True,,,0.9,,,,,,,251,280,258,242,1.0,0.9728682170542635,1.0,0.9090909090909091,naive_on_mean
0.9,100,500,False,True,False,False,"{'transform_func': <function transform_X at 0x7f496a613370>, 'beta': array([1, 2, 3, 4]), 'uniform_range_x': [-2, 2]}",<function generate_sim_data at 0x7f4967c62050>,1,0,"[{'n_iter': 200, 'patience': 100, 'input_size': 1, 'h_sizes': [40, 40]}]",[<class 'models.NueralNet'>],300,1,False,True,True,True,0.8999999999999773,0.98,0.8533333333333335,0.8999999999999773,0.98,1.0,35.0,127,500,269,231,1.0,0.47211895910780666,1.0,0.0,CS_on_y
0.9,100,500,False,True,False,False,"{'transform_func': <function transform_X at 0x7f496a613370>, 'beta': array([1, 2, 3, 4]), 'uniform_range_x': [-2, 2]}",<function generate_sim_data at 0x7f4967c62050>,1,0,"[{'n_iter': 200, 'patience': 100, 'input_size': 1, 'h_sizes': [40, 40]}]",[<class 'models.NueralNet'>],300,1,False,True,,,0.9,,,,,,,213,345,269,231,1.0,0.79182156133829,1.0,0.670995670995671,naive_on_y
0.9,100,500,False,True,False,False,"{'transform_func': <function transform_X at 0x7f496a613370>, 'beta': array([1, 2, 3, 4]), 'uniform_range_x': [-2, 2]}",<function generate_sim_data at 0x7f4967c62050>,1,0,"[{'n_iter': 200, 'patience': 100, 'input_size': 1, 'h_sizes': [40, 40]}]",[<class 'models.NueralNet'>],300,1,False,True,True,True,0.9000000000000341,0.96,0.8500000000000001,0.9000000000000341,0.96,0.9866666666666667,12.0,243,306,276,224,1.0,0.8804347826086957,1.0,0.8660714285714286,CS_on_mean
0.9,100,500,False,True,False,False,"{'transform_func': <function transform_X at 0x7f496a613370>, 'beta': array([1, 2, 3, 4]), 'uniform_range_x': [-2, 2]}",<function generate_sim_data at 0x7f4967c62050>,1,0,"[{'n_iter': 200, 'patience': 100, 'input_size': 1, 'h_sizes': [40, 40]}]",[<class 'models.NueralNet'>],300,1,False,True,,,0.9,,,,,,,257,296,276,224,1.0,0.9311594202898551,1.0,0.9107142857142857,naive_on_mean
0.9,100,500,False,True,False,False,"{'transform_func': <function transform_X at 0x7f496a613370>, 'beta': array([1, 2, 3, 4]), 'uniform_range_x': [-2, 2]}",<function generate_sim_data at 0x7f4967c62050>,1,0,"[{'n_iter': 200, 'patience': 100, 'input_size': 1, 'h_sizes': [40, 40]}]",[<class 'models.NueralNet'>],300,1,False,True,True,True,0.9000000000000341,0.98,0.7933333333333334,0.9000000000000341,0.98,0.99,12.0,144,468,274,226,1.0,0.5255474452554745,1.0,0.1415929203539823,CS_on_y
0.9,100,500,False,True,False,False,"{'transform_func': <function transform_X at 0x7f496a613370>, 'beta': array([1, 2, 3, 4]), 'uniform_range_x': [-2, 2]}",<function generate_sim_data at 0x7f4967c62050>,1,0,"[{'n_iter': 200, 'patience': 100, 'input_size': 1, 'h_sizes': [40, 40]}]",[<class 'models.NueralNet'>],300,1,False,True,,,0.9,,,,,,,217,360,274,226,1.0,0.791970802919708,1.0,0.6194690265486726,naive_on_y
0.9,100,500,False,True,False,False,"{'transform_func': <function transform_X at 0x7f496a613370>, 'beta': array([1, 2, 3, 4]), 'uniform_range_x': [-2, 2]}",<function generate_sim_data at 0x7f4967c62050>,1,0,"[{'n_iter': 200, 'patience': 100, 'input_size': 1, 'h_sizes': [40, 40]}]",[<class 'models.NueralNet'>],300,1,False,True,True,True,0.9000000000000341,0.9966666666666667,0.9933333333333334,0.9000000000000341,0.9966666666666667,1.0,212.0,112,436,261,239,1.0,0.4291187739463601,1.0,0.2677824267782427,CS_on_mean
0.9,100,500,False,True,False,False,"{'transform_func': <function transform_X at 0x7f496a613370>, 'beta': array([1, 2, 3, 4]), 'uniform_range_x': [-2, 2]}",<function generate_sim_data at 0x7f4967c62050>,1,0,"[{'n_iter': 200, 'patience': 100, 'input_size': 1, 'h_sizes': [40, 40]}]",[<class 'models.NueralNet'>],300,1,False,True,,,0.9,,,,,,,244,293,261,239,1.0,0.9348659003831418,1.0,0.8661087866108786,naive_on_mean
0.9,100,500,False,True,False,False,"{'transform_func': <function transform_X at 0x7f496a613370>, 'beta': array([1, 2, 3, 4]), 'uniform_range_x': [-2, 2]}",<function generate_sim_data at 0x7f4967c62050>,1,0,"[{'n_iter': 200, 'patience': 100, 'input_size': 1, 'h_sizes': [40, 40]}]",[<class 'models.NueralNet'>],300,1,False,True,True,True,0.9000000000000341,0.9933333333333333,0.96,0.9000000000000341,0.9933333333333333,0.9966666666666667,189.0,82,500,260,240,1.0,0.3153846153846154,1.0,0.0,CS_on_y
0.9,100,500,False,True,False,False,"{'transform_func': <function transform_X at 0x7f496a613370>, 'beta': array([1, 2, 3, 4]), 'uniform_range_x': [-2, 2]}",<function generate_sim_data at 0x7f4967c62050>,1,0,"[{'n_iter': 200, 'patience': 100, 'input_size': 1, 'h_sizes': [40, 40]}]",[<class 'models.NueralNet'>],300,1,False,True,,,0.9,,,,,,,187,400,260,240,1.0,0.7192307692307692,1.0,0.41666666666666663,naive_on_y
0.9,100,500,False,True,False,False,"{'transform_func': <function transform_X at 0x7f496a613370>, 'beta': array([1, 2, 3, 4]), 'uniform_range_x': [-2, 2]}",<function generate_sim_data at 0x7f4967c62050>,1,0,"[{'n_iter': 200, 'patience': 100, 'input_size': 1, 'h_sizes': [40, 40]}]",[<class 'models.NueralNet'>],300,1,False,True,True,True,0.9000000000000341,0.9866666666666667,0.9266666666666667,0.9000000000000341,0.9866666666666667,0.9933333333333333,22.0,210,289,239,261,1.0,0.8786610878661087,1.0,0.8084291187739463,CS_on_mean
0.9,100,500,False,True,False,False,"{'transform_func': <function transform_X at 0x7f496a613370>, 'beta': array([1, 2, 3, 4]), 'uniform_range_x': [-2, 2]}",<function generate_sim_data at 0x7f4967c62050>,1,0,"[{'n_iter': 200, 'patience': 100, 'input_size': 1, 'h_sizes': [40, 40]}]",[<class 'models.NueralNet'>],300,1,False,True,,,0.9,,,,,,,219,268,239,261,1.0,0.9163179916317992,1.0,0.8888888888888888,naive_on_mean
0.9,100,500,False,True,False,False,"{'transform_func': <function transform_X at 0x7f496a613370>, 'beta': array([1, 2, 3, 4]), 'uniform_range_x': [-2, 2]}",<function generate_sim_data at 0x7f4967c62050>,1,0,"[{'n_iter': 200, 'patience': 100, 'input_size': 1, 'h_sizes': [40, 40]}]",[<class 'models.NueralNet'>],300,1,False,True,True,True,0.9000000000000341,0.9833333333333333,0.8799999999999999,0.9000000000000341,0.9833333333333333,0.9966666666666667,24.0,101,464,239,261,1.0,0.4225941422594143,1.0,0.13793103448275867,CS_on_y
0.9,100,500,False,True,False,False,"{'transform_func': <function transform_X at 0x7f496a613370>, 'beta': array([1, 2, 3, 4]), 'uniform_range_x': [-2, 2]}",<function generate_sim_data at 0x7f4967c62050>,1,0,"[{'n_iter': 200, 'patience': 100, 'input_size': 1, 'h_sizes': [40, 40]}]",[<class 'models.NueralNet'>],300,1,False,True,,,0.9,,,,,,,177,314,239,261,1.0,0.7405857740585774,1.0,0.7126436781609196,naive_on_y
0.9,100,500,False,True,False,False,"{'transform_func': <function transform_X at 0x7f496a613370>, 'beta': array([1, 2, 3, 4]), 'uniform_range_x': [-2, 2]}",<function generate_sim_data at 0x7f4967c62050>,1,0,"[{'n_iter': 200, 'patience': 100, 'input_size': 1, 'h_sizes': [40, 40]}]",[<class 'models.NueralNet'>],300,1,False,True,True,True,0.9000000000000341,0.9633333333333334,0.77,0.9000000000000341,0.9633333333333334,0.9933333333333333,17.0,246,298,276,224,1.0,0.8913043478260869,1.0,0.9017857142857143,CS_on_mean
0.9,100,500,False,True,False,False,"{'transform_func': <function transform_X at 0x7f496a613370>, 'beta': array([1, 2, 3, 4]), 'uniform_range_x': [-2, 2]}",<function generate_sim_data at 0x7f4967c62050>,1,0,"[{'n_iter': 200, 'patience': 100, 'input_size': 1, 'h_sizes': [40, 40]}]",[<class 'models.NueralNet'>],300,1,False,True,,,0.9,,,,,,,253,293,276,224,1.0,0.9166666666666666,1.0,0.9241071428571429,naive_on_mean
0.9,100,500,False,True,False,False,"{'transform_func': <function transform_X at 0x7f496a613370>, 'beta': array([1, 2, 3, 4]), 'uniform_range_x': [-2, 2]}",<function generate_sim_data at 0x7f4967c62050>,1,0,"[{'n_iter': 200, 'patience': 100, 'input_size': 1, 'h_sizes': [40, 40]}]",[<class 'models.NueralNet'>],300,1,False,True,True,True,0.9000000000000341,0.9533333333333334,0.7666666666666666,0.9000000000000341,0.9533333333333334,0.99,24.0,158,401,274,226,1.0,0.5766423357664234,1.0,0.43805309734513276,CS_on_y
0.9,100,500,False,True,False,False,"{'transform_func': <function transform_X at 0x7f496a613370>, 'beta': array([1, 2, 3, 4]), 'uniform_range_x': [-2, 2]}",<function generate_sim_data at 0x7f4967c62050>,1,0,"[{'n_iter': 200, 'patience': 100, 'input_size': 1, 'h_sizes': [40, 40]}]",[<class 'models.NueralNet'>],300,1,False,True,,,0.9,,,,,,,208,346,274,226,1.0,0.7591240875912408,1.0,0.6814159292035398,naive_on_y
0.9,100,500,False,True,False,False,"{'transform_func': <function transform_X at 0x7f496a613370>, 'beta': array([1, 2, 3, 4]), 'uniform_range_x': [-2, 2]}",<function generate_sim_data at 0x7f4967c62050>,1,0,"[{'n_iter': 200, 'patience': 100, 'input_size': 1, 'h_sizes': [40, 40]}]",[<class 'models.NueralNet'>],300,1,False,True,True,True,0.9000000000000341,0.9666666666666667,0.8133333333333335,0.9000000000000341,0.9666666666666667,0.9733333333333334,5.0,250,320,286,214,1.0,0.8741258741258742,1.0,0.8411214953271028,CS_on_mean
0.9,100,500,False,True,False,False,"{'transform_func': <function transform_X at 0x7f496a613370>, 'beta': array([1, 2, 3, 4]), 'uniform_range_x': [-2, 2]}",<function generate_sim_data at 0x7f4967c62050>,1,0,"[{'n_iter': 200, 'patience': 100, 'input_size': 1, 'h_sizes': [40, 40]}]",[<class 'models.NueralNet'>],300,1,False,True,,,0.9,,,,,,,256,304,286,214,1.0,0.8951048951048951,1.0,0.9158878504672897,naive_on_mean
0.9,100,500,False,True,False,False,"{'transform_func': <function transform_X at 0x7f496a613370>, 'beta': array([1, 2, 3, 4]), 'uniform_range_x': [-2, 2]}",<function generate_sim_data at 0x7f4967c62050>,1,0,"[{'n_iter': 200, 'patience': 100, 'input_size': 1, 'h_sizes': [40, 40]}]",[<class 'models.NueralNet'>],300,1,False,True,True,True,0.9000000000000341,0.9666666666666667,0.7133333333333334,0.9000000000000341,0.9666666666666667,0.9933333333333333,17.0,157,427,279,221,1.0,0.5627240143369175,1.0,0.330316742081448,CS_on_y
0.9,100,500,False,True,False,False,"{'transform_func': <function transform_X at 0x7f496a613370>, 'beta': array([1, 2, 3, 4]), 'uniform_range_x': [-2, 2]}",<function generate_sim_data at 0x7f4967c62050>,1,0,"[{'n_iter': 200, 'patience': 100, 'input_size': 1, 'h_sizes': [40, 40]}]",[<class 'models.NueralNet'>],300,1,False,True,,,0.9,,,,,,,214,354,279,221,1.0,0.7670250896057348,1.0,0.6606334841628959,naive_on_y
0.9,100,500,False,True,False,False,"{'transform_func': <function transform_X at 0x7f496a613370>, 'beta': array([1, 2, 3, 4]), 'uniform_range_x': [-2, 2]}",<function generate_sim_data at 0x7f4967c62050>,1,0,"[{'n_iter': 200, 'patience': 100, 'input_size': 1, 'h_sizes': [40, 40]}]",[<class 'models.NueralNet'>],300,1,False,True,True,True,0.9000000000000341,0.9766666666666667,0.8566666666666667,0.9000000000000341,0.9766666666666667,0.99,7.0,235,298,269,231,1.0,0.8736059479553904,1.0,0.8744588744588745,CS_on_mean
0.9,100,500,False,True,False,False,"{'transform_func': <function transform_X at 0x7f496a613370>, 'beta': array([1, 2, 3, 4]), 'uniform_range_x': [-2, 2]}",<function generate_sim_data at 0x7f4967c62050>,1,0,"[{'n_iter': 200, 'patience': 100, 'input_size': 1, 'h_sizes': [40, 40]}]",[<class 'models.NueralNet'>],300,1,False,True,,,0.9,,,,,,,236,283,269,231,1.0,0.8773234200743494,1.0,0.9393939393939394,naive_on_mean
0.9,100,500,False,True,False,False,"{'transform_func': <function transform_X at 0x7f496a613370>, 'beta': array([1, 2, 3, 4]), 'uniform_range_x': [-2, 2]}",<function generate_sim_data at 0x7f4967c62050>,1,0,"[{'n_iter': 200, 'patience': 100, 'input_size': 1, 'h_sizes': [40, 40]}]",[<class 'models.NueralNet'>],300,1,False,True,True,True,0.8999999999999773,0.9766666666666667,0.8399999999999999,0.8999999999999773,0.9766666666666667,1.0,36.0,141,459,271,229,1.0,0.5202952029520296,1.0,0.17903930131004364,CS_on_y
0.9,100,500,False,True,False,False,"{'transform_func': <function transform_X at 0x7f496a613370>, 'beta': array([1, 2, 3, 4]), 'uniform_range_x': [-2, 2]}",<function generate_sim_data at 0x7f4967c62050>,1,0,"[{'n_iter': 200, 'patience': 100, 'input_size': 1, 'h_sizes': [40, 40]}]",[<class 'models.NueralNet'>],300,1,False,True,,,0.9,,,,,,,195,331,271,229,1.0,0.7195571955719557,1.0,0.7379912663755459,naive_on_y
0.9,100,500,False,True,False,False,"{'transform_func': <function transform_X at 0x7f496a613370>, 'beta': array([1, 2, 3, 4]), 'uniform_range_x': [-2, 2]}",<function generate_sim_data at 0x7f4967c62050>,1,0,"[{'n_iter': 200, 'patience': 100, 'input_size': 1, 'h_sizes': [40, 40]}]",[<class 'models.NueralNet'>],300,1,False,True,True,True,0.9000000000000341,0.9666666666666667,0.8333333333333335,0.9000000000000341,0.9666666666666667,0.99,9.0,248,310,272,228,1.0,0.9117647058823529,1.0,0.8333333333333334,CS_on_mean
0.9,100,500,False,True,False,False,"{'transform_func': <function transform_X at 0x7f496a613370>, 'beta': array([1, 2, 3, 4]), 'uniform_range_x': [-2, 2]}",<function generate_sim_data at 0x7f4967c62050>,1,0,"[{'n_iter': 200, 'patience': 100, 'input_size': 1, 'h_sizes': [40, 40]}]",[<class 'models.NueralNet'>],300,1,False,True,,,0.9,,,,,,,254,298,272,228,1.0,0.9338235294117647,1.0,0.8859649122807017,naive_on_mean
0.9,100,500,False,True,False,False,"{'transform_func': <function transform_X at 0x7f496a613370>, 'beta': array([1, 2, 3, 4]), 'uniform_range_x': [-2, 2]}",<function generate_sim_data at 0x7f4967c62050>,1,0,"[{'n_iter': 200, 'patience': 100, 'input_size': 1, 'h_sizes': [40, 40]}]",[<class 'models.NueralNet'>],300,1,False,True,True,True,0.9000000000000341,0.96,0.7166666666666668,0.9000000000000341,0.96,0.9933333333333333,26.0,157,429,275,225,1.0,0.5709090909090909,1.0,0.3155555555555556,CS_on_y
0.9,100,500,False,True,False,False,"{'transform_func': <function transform_X at 0x7f496a613370>, 'beta': array([1, 2, 3, 4]), 'uniform_range_x': [-2, 2]}",<function generate_sim_data at 0x7f4967c62050>,1,0,"[{'n_iter': 200, 'patience': 100, 'input_size': 1, 'h_sizes': [40, 40]}]",[<class 'models.NueralNet'>],300,1,False,True,,,0.9,,,,,,,203,358,275,225,1.0,0.7381818181818182,1.0,0.6311111111111112,naive_on_y
0.9,100,500,False,True,False,False,"{'transform_func': <function transform_X at 0x7f496a613370>, 'beta': array([1, 2, 3, 4]), 'uniform_range_x': [-2, 2]}",<function generate_sim_data at 0x7f4967c62050>,1,0,"[{'n_iter': 200, 'patience': 100, 'input_size': 1, 'h_sizes': [40, 40]}]",[<class 'models.NueralNet'>],300,1,False,True,False,True,0.9000000000000341,0.97,0.8700000000000001,0.9000000000000341,0.97,0.9866666666666667,19.0,256,310,271,229,1.0,0.9446494464944649,1.0,0.8296943231441047,CS_on_mean
0.9,100,500,False,True,False,False,"{'transform_func': <function transform_X at 0x7f496a613370>, 'beta': array([1, 2, 3, 4]), 'uniform_range_x': [-2, 2]}",<function generate_sim_data at 0x7f4967c62050>,1,0,"[{'n_iter': 200, 'patience': 100, 'input_size': 1, 'h_sizes': [40, 40]}]",[<class 'models.NueralNet'>],300,1,False,False,,,0.9,,,,,,,262,301,271,229,0.9961832061068703,0.96309963099631,1.0,0.868995633187773,naive_on_mean
0.9,100,500,False,True,False,False,"{'transform_func': <function transform_X at 0x7f496a613370>, 'beta': array([1, 2, 3, 4]), 'uniform_range_x': [-2, 2]}",<function generate_sim_data at 0x7f4967c62050>,1,0,"[{'n_iter': 200, 'patience': 100, 'input_size': 1, 'h_sizes': [40, 40]}]",[<class 'models.NueralNet'>],300,1,False,True,True,True,0.9000000000000341,0.97,0.75,0.9000000000000341,0.97,0.9966666666666667,35.0,166,484,273,227,1.0,0.6080586080586081,1.0,0.07048458149779735,CS_on_y
0.9,100,500,False,True,False,False,"{'transform_func': <function transform_X at 0x7f496a613370>, 'beta': array([1, 2, 3, 4]), 'uniform_range_x': [-2, 2]}",<function generate_sim_data at 0x7f4967c62050>,1,0,"[{'n_iter': 200, 'patience': 100, 'input_size': 1, 'h_sizes': [40, 40]}]",[<class 'models.NueralNet'>],300,1,False,True,,,0.9,,,,,,,224,376,273,227,1.0,0.8205128205128205,1.0,0.5462555066079295,naive_on_y
0.9,100,500,False,True,False,False,"{'transform_func': <function transform_X at 0x7f496a613370>, 'beta': array([1, 2, 3, 4]), 'uniform_range_x': [-2, 2]}",<function generate_sim_data at 0x7f4967c62050>,1,0,"[{'n_iter': 200, 'patience': 100, 'input_size': 1, 'h_sizes': [40, 40]}]",[<class 'models.NueralNet'>],300,1,False,True,True,True,0.8999999999999773,0.98,0.9533333333333334,0.8999999999999773,0.98,0.99,7.0,199,286,239,261,1.0,0.8326359832635983,1.0,0.8199233716475096,CS_on_mean
0.9,100,500,False,True,False,False,"{'transform_func': <function transform_X at 0x7f496a613370>, 'beta': array([1, 2, 3, 4]), 'uniform_range_x': [-2, 2]}",<function generate_sim_data at 0x7f4967c62050>,1,0,"[{'n_iter': 200, 'patience': 100, 'input_size': 1, 'h_sizes': [40, 40]}]",[<class 'models.NueralNet'>],300,1,False,True,,,0.9,,,,,,,224,281,239,261,1.0,0.9372384937238494,1.0,0.8390804597701149,naive_on_mean
0.9,100,500,False,True,False,False,"{'transform_func': <function transform_X at 0x7f496a613370>, 'beta': array([1, 2, 3, 4]), 'uniform_range_x': [-2, 2]}",<function generate_sim_data at 0x7f4967c62050>,1,0,"[{'n_iter': 200, 'patience': 100, 'input_size': 1, 'h_sizes': [40, 40]}]",[<class 'models.NueralNet'>],300,1,False,True,True,True,0.9000000000000341,0.98,0.8633333333333333,0.9000000000000341,0.98,0.9933333333333333,64.0,93,500,251,249,1.0,0.3705179282868526,1.0,0.0,CS_on_y
0.9,100,500,False,True,False,False,"{'transform_func': <function transform_X at 0x7f496a613370>, 'beta': array([1, 2, 3, 4]), 'uniform_range_x': [-2, 2]}",<function generate_sim_data at 0x7f4967c62050>,1,0,"[{'n_iter': 200, 'patience': 100, 'input_size': 1, 'h_sizes': [40, 40]}]",[<class 'models.NueralNet'>],300,1,False,True,,,0.9,,,,,,,169,368,251,249,1.0,0.6733067729083666,1.0,0.5301204819277108,naive_on_y
0.9,100,500,False,True,False,False,"{'transform_func': <function transform_X at 0x7f496a613370>, 'beta': array([1, 2, 3, 4]), 'uniform_range_x': [-2, 2]}",<function generate_sim_data at 0x7f4967c62050>,1,0,"[{'n_iter': 200, 'patience': 100, 'input_size': 1, 'h_sizes': [40, 40]}]",[<class 'models.NueralNet'>],300,1,False,True,True,True,0.9000000000000341,0.9833333333333333,0.9199999999999999,0.9000000000000341,0.9833333333333333,0.99,13.0,247,336,271,229,1.0,0.9114391143911439,1.0,0.7161572052401747,CS_on_mean
0.9,100,500,False,True,False,False,"{'transform_func': <function transform_X at 0x7f496a613370>, 'beta': array([1, 2, 3, 4]), 'uniform_range_x': [-2, 2]}",<function generate_sim_data at 0x7f4967c62050>,1,0,"[{'n_iter': 200, 'patience': 100, 'input_size': 1, 'h_sizes': [40, 40]}]",[<class 'models.NueralNet'>],300,1,False,True,,,0.9,,,,,,,252,294,271,229,1.0,0.929889298892989,1.0,0.8995633187772926,naive_on_mean
0.9,100,500,False,True,False,False,"{'transform_func': <function transform_X at 0x7f496a613370>, 'beta': array([1, 2, 3, 4]), 'uniform_range_x': [-2, 2]}",<function generate_sim_data at 0x7f4967c62050>,1,0,"[{'n_iter': 200, 'patience': 100, 'input_size': 1, 'h_sizes': [40, 40]}]",[<class 'models.NueralNet'>],300,1,False,True,True,True,0.9000000000000341,0.9766666666666667,0.81,0.9000000000000341,0.9766666666666667,1.0,18.0,148,498,263,237,1.0,0.5627376425855513,1.0,0.008438818565400852,CS_on_y
0.9,100,500,False,True,False,False,"{'transform_func': <function transform_X at 0x7f496a613370>, 'beta': array([1, 2, 3, 4]), 'uniform_range_x': [-2, 2]}",<function generate_sim_data at 0x7f4967c62050>,1,0,"[{'n_iter': 200, 'patience': 100, 'input_size': 1, 'h_sizes': [40, 40]}]",[<class 'models.NueralNet'>],300,1,False,True,,,0.9,,,,,,,214,424,263,237,1.0,0.8136882129277566,1.0,0.32067510548523204,naive_on_y
0.9,100,500,False,True,False,False,"{'transform_func': <function transform_X at 0x7f496a613370>, 'beta': array([1, 2, 3, 4]), 'uniform_range_x': [-2, 2]}",<function generate_sim_data at 0x7f4967c62050>,1,0,"[{'n_iter': 200, 'patience': 100, 'input_size': 1, 'h_sizes': [40, 40]}]",[<class 'models.NueralNet'>],300,1,False,True,True,True,0.9000000000000341,0.9733333333333334,0.8999999999999999,0.9000000000000341,0.9733333333333334,0.9833333333333333,9.0,224,397,248,252,1.0,0.9032258064516129,1.0,0.4087301587301587,CS_on_mean
0.9,100,500,False,True,False,False,"{'transform_func': <function transform_X at 0x7f496a613370>, 'beta': array([1, 2, 3, 4]), 'uniform_range_x': [-2, 2]}",<function generate_sim_data at 0x7f4967c62050>,1,0,"[{'n_iter': 200, 'patience': 100, 'input_size': 1, 'h_sizes': [40, 40]}]",[<class 'models.NueralNet'>],300,1,False,True,,,0.9,,,,,,,225,272,248,252,1.0,0.907258064516129,1.0,0.9047619047619048,naive_on_mean
0.9,100,500,False,True,False,False,"{'transform_func': <function transform_X at 0x7f496a613370>, 'beta': array([1, 2, 3, 4]), 'uniform_range_x': [-2, 2]}",<function generate_sim_data at 0x7f4967c62050>,1,0,"[{'n_iter': 200, 'patience': 100, 'input_size': 1, 'h_sizes': [40, 40]}]",[<class 'models.NueralNet'>],300,1,False,True,True,True,0.8999999999999773,0.97,0.7133333333333334,0.8999999999999773,0.97,1.0,20.0,125,500,249,251,1.0,0.5020080321285141,1.0,0.0,CS_on_y
0.9,100,500,False,True,False,False,"{'transform_func': <function transform_X at 0x7f496a613370>, 'beta': array([1, 2, 3, 4]), 'uniform_range_x': [-2, 2]}",<function generate_sim_data at 0x7f4967c62050>,1,0,"[{'n_iter': 200, 'patience': 100, 'input_size': 1, 'h_sizes': [40, 40]}]",[<class 'models.NueralNet'>],300,1,False,True,,,0.9,,,,,,,184,460,249,251,1.0,0.7389558232931727,1.0,0.15936254980079678,naive_on_y
0.9,100,500,False,True,False,False,"{'transform_func': <function transform_X at 0x7f496a613370>, 'beta': array([1, 2, 3, 4]), 'uniform_range_x': [-2, 2]}",<function generate_sim_data at 0x7f4967c62050>,1,0,"[{'n_iter': 200, 'patience': 100, 'input_size': 1, 'h_sizes': [40, 40]}]",[<class 'models.NueralNet'>],300,1,False,True,True,True,0.9000000000000341,0.9766666666666667,0.8566666666666667,0.9000000000000341,0.9766666666666667,1.0,6.0,226,284,261,239,1.0,0.8659003831417624,1.0,0.9037656903765691,CS_on_mean
0.9,100,500,False,True,False,False,"{'transform_func': <function transform_X at 0x7f496a613370>, 'beta': array([1, 2, 3, 4]), 'uniform_range_x': [-2, 2]}",<function generate_sim_data at 0x7f4967c62050>,1,0,"[{'n_iter': 200, 'patience': 100, 'input_size': 1, 'h_sizes': [40, 40]}]",[<class 'models.NueralNet'>],300,1,False,True,,,0.9,,,,,,,244,281,261,239,1.0,0.9348659003831418,1.0,0.9163179916317992,naive_on_mean
0.9,100,500,False,True,False,False,"{'transform_func': <function transform_X at 0x7f496a613370>, 'beta': array([1, 2, 3, 4]), 'uniform_range_x': [-2, 2]}",<function generate_sim_data at 0x7f4967c62050>,1,0,"[{'n_iter': 200, 'patience': 100, 'input_size': 1, 'h_sizes': [40, 40]}]",[<class 'models.NueralNet'>],300,1,False,True,True,True,0.9000000000000341,0.9766666666666667,0.8300000000000001,0.9000000000000341,0.9766666666666667,1.0,69.0,114,422,264,236,1.0,0.43181818181818177,1.0,0.3305084745762712,CS_on_y
0.9,100,500,False,True,False,False,"{'transform_func': <function transform_X at 0x7f496a613370>, 'beta': array([1, 2, 3, 4]), 'uniform_range_x': [-2, 2]}",<function generate_sim_data at 0x7f4967c62050>,1,0,"[{'n_iter': 200, 'patience': 100, 'input_size': 1, 'h_sizes': [40, 40]}]",[<class 'models.NueralNet'>],300,1,False,False,,,0.9,,,,,,,214,317,264,236,0.9953271028037384,0.8068181818181819,1.0,0.7754237288135593,naive_on_y
0.9,100,500,False,True,False,False,"{'transform_func': <function transform_X at 0x7f496a613370>, 'beta': array([1, 2, 3, 4]), 'uniform_range_x': [-2, 2]}",<function generate_sim_data at 0x7f4967c62050>,1,0,"[{'n_iter': 200, 'patience': 100, 'input_size': 1, 'h_sizes': [40, 40]}]",[<class 'models.NueralNet'>],300,1,False,True,True,True,0.9000000000000341,0.9633333333333334,0.8500000000000001,0.9000000000000341,0.9633333333333334,0.98,6.0,245,287,263,237,1.0,0.9315589353612167,1.0,0.8987341772151899,CS_on_mean
0.9,100,500,False,True,False,False,"{'transform_func': <function transform_X at 0x7f496a613370>, 'beta': array([1, 2, 3, 4]), 'uniform_range_x': [-2, 2]}",<function generate_sim_data at 0x7f4967c62050>,1,0,"[{'n_iter': 200, 'patience': 100, 'input_size': 1, 'h_sizes': [40, 40]}]",[<class 'models.NueralNet'>],300,1,False,True,,,0.9,,,,,,,257,284,263,237,1.0,0.9771863117870723,1.0,0.9113924050632911,naive_on_mean
0.9,100,500,False,True,False,False,"{'transform_func': <function transform_X at 0x7f496a613370>, 'beta': array([1, 2, 3, 4]), 'uniform_range_x': [-2, 2]}",<function generate_sim_data at 0x7f4967c62050>,1,0,"[{'n_iter': 200, 'patience': 100, 'input_size': 1, 'h_sizes': [40, 40]}]",[<class 'models.NueralNet'>],300,1,False,True,True,True,0.9000000000000341,0.9566666666666667,0.71,0.9000000000000341,0.9566666666666667,1.0,20.0,171,399,261,239,1.0,0.6551724137931034,1.0,0.4225941422594143,CS_on_y
0.9,100,500,False,True,False,False,"{'transform_func': <function transform_X at 0x7f496a613370>, 'beta': array([1, 2, 3, 4]), 'uniform_range_x': [-2, 2]}",<function generate_sim_data at 0x7f4967c62050>,1,0,"[{'n_iter': 200, 'patience': 100, 'input_size': 1, 'h_sizes': [40, 40]}]",[<class 'models.NueralNet'>],300,1,False,True,,,0.9,,,,,,,201,333,261,239,1.0,0.7701149425287357,1.0,0.698744769874477,naive_on_y
0.9,100,500,False,True,False,False,"{'transform_func': <function transform_X at 0x7f496a613370>, 'beta': array([1, 2, 3, 4]), 'uniform_range_x': [-2, 2]}",<function generate_sim_data at 0x7f4967c62050>,1,0,"[{'n_iter': 200, 'patience': 100, 'input_size': 1, 'h_sizes': [40, 40]}]",[<class 'models.NueralNet'>],300,1,False,True,True,True,0.8999999999999773,0.98,0.7833333333333332,0.8999999999999773,0.98,0.98,6.0,227,303,273,227,1.0,0.8315018315018314,1.0,0.8678414096916299,CS_on_mean
0.9,100,500,False,True,False,False,"{'transform_func': <function transform_X at 0x7f496a613370>, 'beta': array([1, 2, 3, 4]), 'uniform_range_x': [-2, 2]}",<function generate_sim_data at 0x7f4967c62050>,1,0,"[{'n_iter': 200, 'patience': 100, 'input_size': 1, 'h_sizes': [40, 40]}]",[<class 'models.NueralNet'>],300,1,False,True,,,0.9,,,,,,,242,288,273,227,1.0,0.8864468864468864,1.0,0.933920704845815,naive_on_mean
0.9,100,500,False,True,False,False,"{'transform_func': <function transform_X at 0x7f496a613370>, 'beta': array([1, 2, 3, 4]), 'uniform_range_x': [-2, 2]}",<function generate_sim_data at 0x7f4967c62050>,1,0,"[{'n_iter': 200, 'patience': 100, 'input_size': 1, 'h_sizes': [40, 40]}]",[<class 'models.NueralNet'>],300,1,False,True,True,True,0.9000000000000341,0.9566666666666667,0.7933333333333334,0.9000000000000341,0.9566666666666667,1.0,32.0,114,469,278,222,1.0,0.41007194244604317,1.0,0.13963963963963966,CS_on_y
0.9,100,500,False,True,False,False,"{'transform_func': <function transform_X at 0x7f496a613370>, 'beta': array([1, 2, 3, 4]), 'uniform_range_x': [-2, 2]}",<function generate_sim_data at 0x7f4967c62050>,1,0,"[{'n_iter': 200, 'patience': 100, 'input_size': 1, 'h_sizes': [40, 40]}]",[<class 'models.NueralNet'>],300,1,False,True,,,0.9,,,,,,,186,368,278,222,1.0,0.6690647482014389,1.0,0.5945945945945945,naive_on_y
0.9,100,500,False,True,False,False,"{'transform_func': <function transform_X at 0x7f496a613370>, 'beta': array([1, 2, 3, 4]), 'uniform_range_x': [-2, 2]}",<function generate_sim_data at 0x7f4967c62050>,1,0,"[{'n_iter': 200, 'patience': 100, 'input_size': 1, 'h_sizes': [40, 40]}]",[<class 'models.NueralNet'>],300,1,False,True,True,True,0.9000000000000341,0.9933333333333333,0.98,0.9000000000000341,0.9933333333333333,0.9966666666666667,4.0,201,457,260,240,1.0,0.7730769230769231,1.0,0.1791666666666667,CS_on_mean
0.9,100,500,False,True,False,False,"{'transform_func': <function transform_X at 0x7f496a613370>, 'beta': array([1, 2, 3, 4]), 'uniform_range_x': [-2, 2]}",<function generate_sim_data at 0x7f4967c62050>,1,0,"[{'n_iter': 200, 'patience': 100, 'input_size': 1, 'h_sizes': [40, 40]}]",[<class 'models.NueralNet'>],300,1,False,True,,,0.9,,,,,,,249,278,260,240,1.0,0.9576923076923077,1.0,0.925,naive_on_mean
0.9,100,500,False,True,False,False,"{'transform_func': <function transform_X at 0x7f496a613370>, 'beta': array([1, 2, 3, 4]), 'uniform_range_x': [-2, 2]}",<function generate_sim_data at 0x7f4967c62050>,1,0,"[{'n_iter': 200, 'patience': 100, 'input_size': 1, 'h_sizes': [40, 40]}]",[<class 'models.NueralNet'>],300,1,False,True,True,True,0.8999999999999773,0.9733333333333334,0.8166666666666667,0.8999999999999773,0.9733333333333334,0.9933333333333333,36.0,102,500,263,237,1.0,0.38783269961977185,1.0,0.0,CS_on_y
0.9,100,500,False,True,False,False,"{'transform_func': <function transform_X at 0x7f496a613370>, 'beta': array([1, 2, 3, 4]), 'uniform_range_x': [-2, 2]}",<function generate_sim_data at 0x7f4967c62050>,1,0,"[{'n_iter': 200, 'patience': 100, 'input_size': 1, 'h_sizes': [40, 40]}]",[<class 'models.NueralNet'>],300,1,False,True,,,0.9,,,,,,,203,329,263,237,1.0,0.7718631178707225,1.0,0.7215189873417722,naive_on_y
0.9,100,500,False,True,False,False,"{'transform_func': <function transform_X at 0x7f496a613370>, 'beta': array([1, 2, 3, 4]), 'uniform_range_x': [-2, 2]}",<function generate_sim_data at 0x7f4967c62050>,1,0,"[{'n_iter': 200, 'patience': 100, 'input_size': 1, 'h_sizes': [40, 40]}]",[<class 'models.NueralNet'>],300,1,False,True,True,True,0.9000000000000341,0.9666666666666667,0.8599999999999999,0.9000000000000341,0.9666666666666667,0.9833333333333333,14.0,254,402,283,217,1.0,0.8975265017667844,1.0,0.4516129032258065,CS_on_mean
0.9,100,500,False,True,False,False,"{'transform_func': <function transform_X at 0x7f496a613370>, 'beta': array([1, 2, 3, 4]), 'uniform_range_x': [-2, 2]}",<function generate_sim_data at 0x7f4967c62050>,1,0,"[{'n_iter': 200, 'patience': 100, 'input_size': 1, 'h_sizes': [40, 40]}]",[<class 'models.NueralNet'>],300,1,False,True,,,0.9,,,,,,,263,307,283,217,1.0,0.9293286219081272,1.0,0.8894009216589862,naive_on_mean
0.9,100,500,False,True,False,False,"{'transform_func': <function transform_X at 0x7f496a613370>, 'beta': array([1, 2, 3, 4]), 'uniform_range_x': [-2, 2]}",<function generate_sim_data at 0x7f4967c62050>,1,0,"[{'n_iter': 200, 'patience': 100, 'input_size': 1, 'h_sizes': [40, 40]}]",[<class 'models.NueralNet'>],300,1,False,True,True,True,0.9000000000000341,0.9733333333333334,0.6866666666666665,0.9000000000000341,0.9733333333333334,0.9933333333333333,19.0,164,500,283,217,1.0,0.5795053003533569,1.0,0.0,CS_on_y
0.9,100,500,False,True,False,False,"{'transform_func': <function transform_X at 0x7f496a613370>, 'beta': array([1, 2, 3, 4]), 'uniform_range_x': [-2, 2]}",<function generate_sim_data at 0x7f4967c62050>,1,0,"[{'n_iter': 200, 'patience': 100, 'input_size': 1, 'h_sizes': [40, 40]}]",[<class 'models.NueralNet'>],300,1,False,True,,,0.9,,,,,,,211,444,283,217,1.0,0.7455830388692579,1.0,0.25806451612903225,naive_on_y
0.9,100,500,False,True,False,False,"{'transform_func': <function transform_X at 0x7f496a613370>, 'beta': array([1, 2, 3, 4]), 'uniform_range_x': [-2, 2]}",<function generate_sim_data at 0x7f4967c62050>,1,0,"[{'n_iter': 200, 'patience': 100, 'input_size': 1, 'h_sizes': [40, 40]}]",[<class 'models.NueralNet'>],300,1,False,True,True,True,0.9000000000000341,0.9766666666666667,0.8500000000000001,0.9000000000000341,0.9766666666666667,0.99,12.0,245,388,274,226,1.0,0.8941605839416058,1.0,0.49557522123893805,CS_on_mean
0.9,100,500,False,True,False,False,"{'transform_func': <function transform_X at 0x7f496a613370>, 'beta': array([1, 2, 3, 4]), 'uniform_range_x': [-2, 2]}",<function generate_sim_data at 0x7f4967c62050>,1,0,"[{'n_iter': 200, 'patience': 100, 'input_size': 1, 'h_sizes': [40, 40]}]",[<class 'models.NueralNet'>],300,1,False,True,,,0.9,,,,,,,259,306,274,226,1.0,0.9452554744525548,1.0,0.8584070796460177,naive_on_mean
0.9,100,500,False,True,False,False,"{'transform_func': <function transform_X at 0x7f496a613370>, 'beta': array([1, 2, 3, 4]), 'uniform_range_x': [-2, 2]}",<function generate_sim_data at 0x7f4967c62050>,1,0,"[{'n_iter': 200, 'patience': 100, 'input_size': 1, 'h_sizes': [40, 40]}]",[<class 'models.NueralNet'>],300,1,False,True,True,True,0.8999999999999773,0.9533333333333334,0.7333333333333334,0.8999999999999773,0.9533333333333334,0.99,16.0,136,500,271,229,1.0,0.5018450184501845,1.0,0.0,CS_on_y
0.9,100,500,False,True,False,False,"{'transform_func': <function transform_X at 0x7f496a613370>, 'beta': array([1, 2, 3, 4]), 'uniform_range_x': [-2, 2]}",<function generate_sim_data at 0x7f4967c62050>,1,0,"[{'n_iter': 200, 'patience': 100, 'input_size': 1, 'h_sizes': [40, 40]}]",[<class 'models.NueralNet'>],300,1,False,True,,,0.9,,,,,,,215,436,271,229,1.0,0.7933579335793358,1.0,0.2794759825327511,naive_on_y
0.9,100,500,False,True,False,False,"{'transform_func': <function transform_X at 0x7f496a613370>, 'beta': array([1, 2, 3, 4]), 'uniform_range_x': [-2, 2]}",<function generate_sim_data at 0x7f4967c62050>,1,0,"[{'n_iter': 200, 'patience': 100, 'input_size': 1, 'h_sizes': [40, 40]}]",[<class 'models.NueralNet'>],300,1,False,True,True,True,0.9000000000000341,0.97,0.8300000000000001,0.9000000000000341,0.97,0.9866666666666667,5.0,244,354,262,238,1.0,0.9312977099236641,1.0,0.6134453781512605,CS_on_mean
0.9,100,500,False,True,False,False,"{'transform_func': <function transform_X at 0x7f496a613370>, 'beta': array([1, 2, 3, 4]), 'uniform_range_x': [-2, 2]}",<function generate_sim_data at 0x7f4967c62050>,1,0,"[{'n_iter': 200, 'patience': 100, 'input_size': 1, 'h_sizes': [40, 40]}]",[<class 'models.NueralNet'>],300,1,False,True,,,0.9,,,,,,,249,284,262,238,1.0,0.950381679389313,1.0,0.907563025210084,naive_on_mean
0.9,100,500,False,True,False,False,"{'transform_func': <function transform_X at 0x7f496a613370>, 'beta': array([1, 2, 3, 4]), 'uniform_range_x': [-2, 2]}",<function generate_sim_data at 0x7f4967c62050>,1,0,"[{'n_iter': 200, 'patience': 100, 'input_size': 1, 'h_sizes': [40, 40]}]",[<class 'models.NueralNet'>],300,1,False,True,True,True,0.8999999999999773,0.97,0.8166666666666667,0.8999999999999773,0.97,0.99,18.0,137,488,258,242,1.0,0.5310077519379846,1.0,0.04958677685950408,CS_on_y
0.9,100,500,False,True,False,False,"{'transform_func': <function transform_X at 0x7f496a613370>, 'beta': array([1, 2, 3, 4]), 'uniform_range_x': [-2, 2]}",<function generate_sim_data at 0x7f4967c62050>,1,0,"[{'n_iter': 200, 'patience': 100, 'input_size': 1, 'h_sizes': [40, 40]}]",[<class 'models.NueralNet'>],300,1,False,True,,,0.9,,,,,,,197,332,258,242,1.0,0.7635658914728682,1.0,0.6942148760330579,naive_on_y
0.9,100,500,False,True,False,False,"{'transform_func': <function transform_X at 0x7f496a613370>, 'beta': array([1, 2, 3, 4]), 'uniform_range_x': [-2, 2]}",<function generate_sim_data at 0x7f4967c62050>,1,0,"[{'n_iter': 200, 'patience': 100, 'input_size': 1, 'h_sizes': [40, 40]}]",[<class 'models.NueralNet'>],300,1,False,True,True,True,0.8999999999999773,0.9733333333333334,0.7999999999999998,0.8999999999999773,0.9733333333333334,0.9866666666666667,16.0,224,291,256,244,1.0,0.875,1.0,0.8565573770491803,CS_on_mean
0.9,100,500,False,True,False,False,"{'transform_func': <function transform_X at 0x7f496a613370>, 'beta': array([1, 2, 3, 4]), 'uniform_range_x': [-2, 2]}",<function generate_sim_data at 0x7f4967c62050>,1,0,"[{'n_iter': 200, 'patience': 100, 'input_size': 1, 'h_sizes': [40, 40]}]",[<class 'models.NueralNet'>],300,1,False,True,,,0.9,,,,,,,237,280,256,244,1.0,0.92578125,1.0,0.9016393442622951,naive_on_mean
0.9,100,500,False,True,False,False,"{'transform_func': <function transform_X at 0x7f496a613370>, 'beta': array([1, 2, 3, 4]), 'uniform_range_x': [-2, 2]}",<function generate_sim_data at 0x7f4967c62050>,1,0,"[{'n_iter': 200, 'patience': 100, 'input_size': 1, 'h_sizes': [40, 40]}]",[<class 'models.NueralNet'>],300,1,False,True,True,True,0.9000000000000341,0.9533333333333334,0.6533333333333333,0.9000000000000341,0.9533333333333334,0.9966666666666667,21.0,141,411,257,243,1.0,0.5486381322957199,1.0,0.3662551440329218,CS_on_y
0.9,100,500,False,True,False,False,"{'transform_func': <function transform_X at 0x7f496a613370>, 'beta': array([1, 2, 3, 4]), 'uniform_range_x': [-2, 2]}",<function generate_sim_data at 0x7f4967c62050>,1,0,"[{'n_iter': 200, 'patience': 100, 'input_size': 1, 'h_sizes': [40, 40]}]",[<class 'models.NueralNet'>],300,1,False,False,,,0.9,,,,,,,186,320,257,243,1.0,0.7237354085603113,0.9944444444444445,0.7366255144032922,naive_on_y
0.9,100,500,False,True,False,False,"{'transform_func': <function transform_X at 0x7f496a613370>, 'beta': array([1, 2, 3, 4]), 'uniform_range_x': [-2, 2]}",<function generate_sim_data at 0x7f4967c62050>,1,0,"[{'n_iter': 200, 'patience': 100, 'input_size': 1, 'h_sizes': [40, 40]}]",[<class 'models.NueralNet'>],300,1,False,True,True,True,0.9000000000000341,0.9666666666666667,0.8466666666666667,0.9000000000000341,0.9666666666666667,0.9833333333333333,12.0,241,300,255,245,1.0,0.9450980392156862,1.0,0.8163265306122449,CS_on_mean
0.9,100,500,False,True,False,False,"{'transform_func': <function transform_X at 0x7f496a613370>, 'beta': array([1, 2, 3, 4]), 'uniform_range_x': [-2, 2]}",<function generate_sim_data at 0x7f4967c62050>,1,0,"[{'n_iter': 200, 'patience': 100, 'input_size': 1, 'h_sizes': [40, 40]}]",[<class 'models.NueralNet'>],300,1,False,True,,,0.9,,,,,,,247,276,255,245,1.0,0.9686274509803922,1.0,0.9142857142857143,naive_on_mean
0.9,100,500,False,True,False,False,"{'transform_func': <function transform_X at 0x7f496a613370>, 'beta': array([1, 2, 3, 4]), 'uniform_range_x': [-2, 2]}",<function generate_sim_data at 0x7f4967c62050>,1,0,"[{'n_iter': 200, 'patience': 100, 'input_size': 1, 'h_sizes': [40, 40]}]",[<class 'models.NueralNet'>],300,1,False,True,True,True,0.9000000000000341,0.98,0.9100000000000001,0.9000000000000341,0.98,0.9933333333333333,91.0,130,418,260,240,1.0,0.5,1.0,0.3416666666666667,CS_on_y
0.9,100,500,False,True,False,False,"{'transform_func': <function transform_X at 0x7f496a613370>, 'beta': array([1, 2, 3, 4]), 'uniform_range_x': [-2, 2]}",<function generate_sim_data at 0x7f4967c62050>,1,0,"[{'n_iter': 200, 'patience': 100, 'input_size': 1, 'h_sizes': [40, 40]}]",[<class 'models.NueralNet'>],300,1,False,False,,,0.9,,,,,,,203,328,260,240,0.9950738916256158,0.7769230769230769,1.0,0.7166666666666667,naive_on_y
0.9,100,500,False,True,False,False,"{'transform_func': <function transform_X at 0x7f496a613370>, 'beta': array([1, 2, 3, 4]), 'uniform_range_x': [-2, 2]}",<function generate_sim_data at 0x7f4967c62050>,1,0,"[{'n_iter': 200, 'patience': 100, 'input_size': 1, 'h_sizes': [40, 40]}]",[<class 'models.NueralNet'>],300,1,False,True,True,True,0.9000000000000341,0.9633333333333334,0.8533333333333335,0.9000000000000341,0.9633333333333334,0.9766666666666667,10.0,268,307,278,222,1.0,0.9640287769784173,1.0,0.8693693693693694,CS_on_mean
0.9,100,500,False,True,False,False,"{'transform_func': <function transform_X at 0x7f496a613370>, 'beta': array([1, 2, 3, 4]), 'uniform_range_x': [-2, 2]}",<function generate_sim_data at 0x7f4967c62050>,1,0,"[{'n_iter': 200, 'patience': 100, 'input_size': 1, 'h_sizes': [40, 40]}]",[<class 'models.NueralNet'>],300,1,False,True,,,0.9,,,,,,,267,299,278,222,1.0,0.960431654676259,1.0,0.9054054054054054,naive_on_mean
0.9,100,500,False,True,False,False,"{'transform_func': <function transform_X at 0x7f496a613370>, 'beta': array([1, 2, 3, 4]), 'uniform_range_x': [-2, 2]}",<function generate_sim_data at 0x7f4967c62050>,1,0,"[{'n_iter': 200, 'patience': 100, 'input_size': 1, 'h_sizes': [40, 40]}]",[<class 'models.NueralNet'>],300,1,False,True,True,True,0.9000000000000341,0.9566666666666667,0.7966666666666669,0.9000000000000341,0.9566666666666667,0.99,38.0,154,459,282,218,1.0,0.5460992907801419,1.0,0.18807339449541283,CS_on_y
0.9,100,500,False,True,False,False,"{'transform_func': <function transform_X at 0x7f496a613370>, 'beta': array([1, 2, 3, 4]), 'uniform_range_x': [-2, 2]}",<function generate_sim_data at 0x7f4967c62050>,1,0,"[{'n_iter': 200, 'patience': 100, 'input_size': 1, 'h_sizes': [40, 40]}]",[<class 'models.NueralNet'>],300,1,False,False,,,0.9,,,,,,,229,354,282,218,0.9956331877729258,0.8085106382978724,1.0,0.6697247706422018,naive_on_y
0.9,100,500,False,True,False,False,"{'transform_func': <function transform_X at 0x7f496a613370>, 'beta': array([1, 2, 3, 4]), 'uniform_range_x': [-2, 2]}",<function generate_sim_data at 0x7f4967c62050>,1,0,"[{'n_iter': 200, 'patience': 100, 'input_size': 1, 'h_sizes': [40, 40]}]",[<class 'models.NueralNet'>],300,1,False,True,True,True,0.9000000000000341,0.9666666666666667,0.8133333333333332,0.9000000000000341,0.9666666666666667,0.98,7.0,242,388,259,241,1.0,0.9343629343629344,1.0,0.46473029045643155,CS_on_mean
0.9,100,500,False,True,False,False,"{'transform_func': <function transform_X at 0x7f496a613370>, 'beta': array([1, 2, 3, 4]), 'uniform_range_x': [-2, 2]}",<function generate_sim_data at 0x7f4967c62050>,1,0,"[{'n_iter': 200, 'patience': 100, 'input_size': 1, 'h_sizes': [40, 40]}]",[<class 'models.NueralNet'>],300,1,False,True,,,0.9,,,,,,,248,278,259,241,1.0,0.9575289575289575,1.0,0.9211618257261411,naive_on_mean
0.9,100,500,False,True,False,False,"{'transform_func': <function transform_X at 0x7f496a613370>, 'beta': array([1, 2, 3, 4]), 'uniform_range_x': [-2, 2]}",<function generate_sim_data at 0x7f4967c62050>,1,0,"[{'n_iter': 200, 'patience': 100, 'input_size': 1, 'h_sizes': [40, 40]}]",[<class 'models.NueralNet'>],300,1,False,True,True,True,0.9000000000000341,0.9666666666666667,0.8366666666666667,0.9000000000000341,0.9666666666666667,0.9966666666666667,53.0,107,500,253,247,1.0,0.42292490118577075,1.0,0.0,CS_on_y
0.9,100,500,False,True,False,False,"{'transform_func': <function transform_X at 0x7f496a613370>, 'beta': array([1, 2, 3, 4]), 'uniform_range_x': [-2, 2]}",<function generate_sim_data at 0x7f4967c62050>,1,0,"[{'n_iter': 200, 'patience': 100, 'input_size': 1, 'h_sizes': [40, 40]}]",[<class 'models.NueralNet'>],300,1,False,True,,,0.9,,,,,,,215,340,253,247,1.0,0.849802371541502,1.0,0.6477732793522267,naive_on_y
0.9,100,500,False,True,False,False,"{'transform_func': <function transform_X at 0x7f496a613370>, 'beta': array([1, 2, 3, 4]), 'uniform_range_x': [-2, 2]}",<function generate_sim_data at 0x7f4967c62050>,1,0,"[{'n_iter': 200, 'patience': 100, 'input_size': 1, 'h_sizes': [40, 40]}]",[<class 'models.NueralNet'>],300,1,False,True,True,True,0.9000000000000341,0.9633333333333334,0.8633333333333333,0.9000000000000341,0.9633333333333334,0.99,5.0,230,280,267,233,1.0,0.8614232209737828,1.0,0.944206008583691,CS_on_mean
0.9,100,500,False,True,False,False,"{'transform_func': <function transform_X at 0x7f496a613370>, 'beta': array([1, 2, 3, 4]), 'uniform_range_x': [-2, 2]}",<function generate_sim_data at 0x7f4967c62050>,1,0,"[{'n_iter': 200, 'patience': 100, 'input_size': 1, 'h_sizes': [40, 40]}]",[<class 'models.NueralNet'>],300,1,False,True,,,0.9,,,,,,,245,281,267,233,1.0,0.9176029962546817,1.0,0.9399141630901288,naive_on_mean
0.9,100,500,False,True,False,False,"{'transform_func': <function transform_X at 0x7f496a613370>, 'beta': array([1, 2, 3, 4]), 'uniform_range_x': [-2, 2]}",<function generate_sim_data at 0x7f4967c62050>,1,0,"[{'n_iter': 200, 'patience': 100, 'input_size': 1, 'h_sizes': [40, 40]}]",[<class 'models.NueralNet'>],300,1,False,True,True,True,0.9000000000000341,0.9733333333333334,0.7666666666666666,0.9000000000000341,0.9733333333333334,0.9966666666666667,21.0,165,378,269,231,1.0,0.6133828996282528,1.0,0.5281385281385281,CS_on_y
0.9,100,500,False,True,False,False,"{'transform_func': <function transform_X at 0x7f496a613370>, 'beta': array([1, 2, 3, 4]), 'uniform_range_x': [-2, 2]}",<function generate_sim_data at 0x7f4967c62050>,1,0,"[{'n_iter': 200, 'patience': 100, 'input_size': 1, 'h_sizes': [40, 40]}]",[<class 'models.NueralNet'>],300,1,False,True,,,0.9,,,,,,,204,327,269,231,1.0,0.758364312267658,1.0,0.748917748917749,naive_on_y
0.9,100,500,False,True,False,False,"{'transform_func': <function transform_X at 0x7f496a613370>, 'beta': array([1, 2, 3, 4]), 'uniform_range_x': [-2, 2]}",<function generate_sim_data at 0x7f4967c62050>,1,0,"[{'n_iter': 200, 'patience': 100, 'input_size': 1, 'h_sizes': [40, 40]}]",[<class 'models.NueralNet'>],300,1,False,True,True,True,0.8999999999999773,0.97,0.8700000000000001,0.8999999999999773,0.97,0.99,11.0,255,316,264,236,1.0,0.9659090909090909,1.0,0.7796610169491526,CS_on_mean
0.9,100,500,False,True,False,False,"{'transform_func': <function transform_X at 0x7f496a613370>, 'beta': array([1, 2, 3, 4]), 'uniform_range_x': [-2, 2]}",<function generate_sim_data at 0x7f4967c62050>,1,0,"[{'n_iter': 200, 'patience': 100, 'input_size': 1, 'h_sizes': [40, 40]}]",[<class 'models.NueralNet'>],300,1,False,True,,,0.9,,,,,,,256,298,264,236,1.0,0.9696969696969697,1.0,0.8559322033898304,naive_on_mean
0.9,100,500,False,True,False,False,"{'transform_func': <function transform_X at 0x7f496a613370>, 'beta': array([1, 2, 3, 4]), 'uniform_range_x': [-2, 2]}",<function generate_sim_data at 0x7f4967c62050>,1,0,"[{'n_iter': 200, 'patience': 100, 'input_size': 1, 'h_sizes': [40, 40]}]",[<class 'models.NueralNet'>],300,1,False,True,True,True,0.8999999999999773,0.97,0.8399999999999999,0.8999999999999773,0.97,0.9966666666666667,46.0,158,452,270,230,1.0,0.5851851851851853,1.0,0.20869565217391306,CS_on_y
0.9,100,500,False,True,False,False,"{'transform_func': <function transform_X at 0x7f496a613370>, 'beta': array([1, 2, 3, 4]), 'uniform_range_x': [-2, 2]}",<function generate_sim_data at 0x7f4967c62050>,1,0,"[{'n_iter': 200, 'patience': 100, 'input_size': 1, 'h_sizes': [40, 40]}]",[<class 'models.NueralNet'>],300,1,False,True,,,0.9,,,,,,,208,349,270,230,1.0,0.7703703703703704,1.0,0.6565217391304348,naive_on_y
0.9,100,500,False,True,False,False,"{'transform_func': <function transform_X at 0x7f496a613370>, 'beta': array([1, 2, 3, 4]), 'uniform_range_x': [-2, 2]}",<function generate_sim_data at 0x7f4967c62050>,1,0,"[{'n_iter': 200, 'patience': 100, 'input_size': 1, 'h_sizes': [40, 40]}]",[<class 'models.NueralNet'>],300,1,False,True,False,True,0.9000000000000341,0.9733333333333334,0.8766666666666667,0.9000000000000341,0.9733333333333334,0.98,9.0,224,475,251,249,1.0,0.8924302788844621,1.0,0.10040160642570284,CS_on_mean
0.9,100,500,False,True,False,False,"{'transform_func': <function transform_X at 0x7f496a613370>, 'beta': array([1, 2, 3, 4]), 'uniform_range_x': [-2, 2]}",<function generate_sim_data at 0x7f4967c62050>,1,0,"[{'n_iter': 200, 'patience': 100, 'input_size': 1, 'h_sizes': [40, 40]}]",[<class 'models.NueralNet'>],300,1,False,True,,,0.9,,,,,,,225,292,251,249,1.0,0.896414342629482,1.0,0.8353413654618473,naive_on_mean
0.9,100,500,False,True,False,False,"{'transform_func': <function transform_X at 0x7f496a613370>, 'beta': array([1, 2, 3, 4]), 'uniform_range_x': [-2, 2]}",<function generate_sim_data at 0x7f4967c62050>,1,0,"[{'n_iter': 200, 'patience': 100, 'input_size': 1, 'h_sizes': [40, 40]}]",[<class 'models.NueralNet'>],300,1,False,True,True,True,0.8999999999999773,0.9666666666666667,0.8300000000000001,0.8999999999999773,0.9666666666666667,0.9933333333333333,23.0,123,500,259,241,1.0,0.47490347490347495,1.0,0.0,CS_on_y
0.9,100,500,False,True,False,False,"{'transform_func': <function transform_X at 0x7f496a613370>, 'beta': array([1, 2, 3, 4]), 'uniform_range_x': [-2, 2]}",<function generate_sim_data at 0x7f4967c62050>,1,0,"[{'n_iter': 200, 'patience': 100, 'input_size': 1, 'h_sizes': [40, 40]}]",[<class 'models.NueralNet'>],300,1,False,True,,,0.9,,,,,,,188,477,259,241,1.0,0.7258687258687259,1.0,0.0954356846473029,naive_on_y
0.9,100,500,False,True,False,False,"{'transform_func': <function transform_X at 0x7f496a613370>, 'beta': array([1, 2, 3, 4]), 'uniform_range_x': [-2, 2]}",<function generate_sim_data at 0x7f4967c62050>,1,0,"[{'n_iter': 200, 'patience': 100, 'input_size': 1, 'h_sizes': [40, 40]}]",[<class 'models.NueralNet'>],300,1,False,True,False,True,0.9000000000000341,0.9633333333333334,0.8466666666666667,0.9000000000000341,0.9633333333333334,0.9833333333333333,47.0,201,300,274,226,1.0,0.7335766423357664,1.0,0.8849557522123894,CS_on_mean
0.9,100,500,False,True,False,False,"{'transform_func': <function transform_X at 0x7f496a613370>, 'beta': array([1, 2, 3, 4]), 'uniform_range_x': [-2, 2]}",<function generate_sim_data at 0x7f4967c62050>,1,0,"[{'n_iter': 200, 'patience': 100, 'input_size': 1, 'h_sizes': [40, 40]}]",[<class 'models.NueralNet'>],300,1,False,True,,,0.9,,,,,,,254,299,274,226,1.0,0.927007299270073,1.0,0.8893805309734513,naive_on_mean
0.9,100,500,False,True,False,False,"{'transform_func': <function transform_X at 0x7f496a613370>, 'beta': array([1, 2, 3, 4]), 'uniform_range_x': [-2, 2]}",<function generate_sim_data at 0x7f4967c62050>,1,0,"[{'n_iter': 200, 'patience': 100, 'input_size': 1, 'h_sizes': [40, 40]}]",[<class 'models.NueralNet'>],300,1,False,True,False,True,0.9000000000000341,0.9533333333333334,0.7633333333333332,0.9000000000000341,0.9533333333333334,0.99,44.0,117,468,269,231,1.0,0.43494423791821557,1.0,0.1385281385281385,CS_on_y
0.9,100,500,False,True,False,False,"{'transform_func': <function transform_X at 0x7f496a613370>, 'beta': array([1, 2, 3, 4]), 'uniform_range_x': [-2, 2]}",<function generate_sim_data at 0x7f4967c62050>,1,0,"[{'n_iter': 200, 'patience': 100, 'input_size': 1, 'h_sizes': [40, 40]}]",[<class 'models.NueralNet'>],300,1,False,True,,,0.9,,,,,,,208,370,269,231,1.0,0.7732342007434945,1.0,0.5627705627705628,naive_on_y
0.9,100,500,False,True,False,False,"{'transform_func': <function transform_X at 0x7f496a613370>, 'beta': array([1, 2, 3, 4]), 'uniform_range_x': [-2, 2]}",<function generate_sim_data at 0x7f4967c62050>,1,0,"[{'n_iter': 200, 'patience': 100, 'input_size': 1, 'h_sizes': [40, 40]}]",[<class 'models.NueralNet'>],300,1,False,True,True,True,0.8999999999999773,0.97,0.8333333333333333,0.8999999999999773,0.97,0.99,14.0,221,285,262,238,1.0,0.8435114503816794,1.0,0.9033613445378151,CS_on_mean
0.9,100,500,False,True,False,False,"{'transform_func': <function transform_X at 0x7f496a613370>, 'beta': array([1, 2, 3, 4]), 'uniform_range_x': [-2, 2]}",<function generate_sim_data at 0x7f4967c62050>,1,0,"[{'n_iter': 200, 'patience': 100, 'input_size': 1, 'h_sizes': [40, 40]}]",[<class 'models.NueralNet'>],300,1,False,True,,,0.9,,,,,,,228,276,262,238,1.0,0.8702290076335878,1.0,0.9411764705882353,naive_on_mean
0.9,100,500,False,True,False,False,"{'transform_func': <function transform_X at 0x7f496a613370>, 'beta': array([1, 2, 3, 4]), 'uniform_range_x': [-2, 2]}",<function generate_sim_data at 0x7f4967c62050>,1,0,"[{'n_iter': 200, 'patience': 100, 'input_size': 1, 'h_sizes': [40, 40]}]",[<class 'models.NueralNet'>],300,1,False,True,True,True,0.8999999999999773,0.9666666666666667,0.7866666666666666,0.8999999999999773,0.9666666666666667,1.0,25.0,130,416,264,236,1.0,0.49242424242424243,1.0,0.35593220338983056,CS_on_y
0.9,100,500,False,True,False,False,"{'transform_func': <function transform_X at 0x7f496a613370>, 'beta': array([1, 2, 3, 4]), 'uniform_range_x': [-2, 2]}",<function generate_sim_data at 0x7f4967c62050>,1,0,"[{'n_iter': 200, 'patience': 100, 'input_size': 1, 'h_sizes': [40, 40]}]",[<class 'models.NueralNet'>],300,1,False,True,,,0.9,,,,,,,187,328,264,236,1.0,0.7083333333333333,1.0,0.728813559322034,naive_on_y
