L,N,N_test,center_G,center_pred,data_kwargs,data_sim_func,error_sd,level,model_kwargs_l,models_l,n_boot,p,use_true_contour,contain,contain_scb,contain_CS_scb,Lower_bound,Upper_bound,L1,L2,U1,U2,points_in_e1,inner_points_num,outer_points_num,true_set_points_up_num,true_set_points_low_num,precision_inner,sensitivity_inner,precision_outer,sensitivity_outer,method
0.9,100,500,True,False,"{'transform_func': <function transform_X at 0x770b545fb370>, 'beta': array([1, 2, 3, 4]), 'uniform_range_x': [-2, 2]}",<function generate_sim_data at 0x770b1a6888b0>,1,2,"[{'n_iter': 200, 'patience': 100, 'input_size': 1, 'h_sizes': [40, 40]}]",[<class 'models.NueralNet'>],300,1,False,True,True,True,0.9000000000000341,0.9633333333333334,0.7866666666666666,0.9000000000000341,0.9633333333333334,0.97,5.0,186,236,212,288,1.0,0.8773584905660378,1.0,0.9166666666666666,CS_on_mean
0.9,100,500,True,False,"{'transform_func': <function transform_X at 0x770b545fb370>, 'beta': array([1, 2, 3, 4]), 'uniform_range_x': [-2, 2]}",<function generate_sim_data at 0x770b1a6888b0>,1,2,"[{'n_iter': 200, 'patience': 100, 'input_size': 1, 'h_sizes': [40, 40]}]",[<class 'models.NueralNet'>],300,1,False,False,,,0.9,,,,,,,197,221,212,288,1.0,0.9292452830188679,0.996415770609319,0.9652777777777778,naive_on_mean
0.9,100,500,True,False,"{'transform_func': <function transform_X at 0x770b545fb370>, 'beta': array([1, 2, 3, 4]), 'uniform_range_x': [-2, 2]}",<function generate_sim_data at 0x770b1a6888b0>,1,2,"[{'n_iter': 200, 'patience': 100, 'input_size': 1, 'h_sizes': [40, 40]}]",[<class 'models.NueralNet'>],300,1,False,True,True,True,0.9000000000000341,0.9666666666666667,0.6066666666666667,0.9000000000000341,0.9666666666666667,0.99,15.0,107,323,206,294,1.0,0.5194174757281553,1.0,0.6020408163265306,CS_on_y
0.9,100,500,True,False,"{'transform_func': <function transform_X at 0x770b545fb370>, 'beta': array([1, 2, 3, 4]), 'uniform_range_x': [-2, 2]}",<function generate_sim_data at 0x770b1a6888b0>,1,2,"[{'n_iter': 200, 'patience': 100, 'input_size': 1, 'h_sizes': [40, 40]}]",[<class 'models.NueralNet'>],300,1,False,False,,,0.9,,,,,,,161,250,206,294,0.9937888198757764,0.7766990291262136,1.0,0.8503401360544218,naive_on_y
0.9,100,500,True,False,"{'transform_func': <function transform_X at 0x770b545fb370>, 'beta': array([1, 2, 3, 4]), 'uniform_range_x': [-2, 2]}",<function generate_sim_data at 0x770b1a6888b0>,1,2,"[{'n_iter': 200, 'patience': 100, 'input_size': 1, 'h_sizes': [40, 40]}]",[<class 'models.NueralNet'>],300,1,False,True,True,True,0.9000000000000341,0.98,0.8966666666666667,0.9000000000000341,0.98,1.0,12.0,153,246,214,286,1.0,0.7149532710280374,1.0,0.8881118881118881,CS_on_mean
0.9,100,500,True,False,"{'transform_func': <function transform_X at 0x770b545fb370>, 'beta': array([1, 2, 3, 4]), 'uniform_range_x': [-2, 2]}",<function generate_sim_data at 0x770b1a6888b0>,1,2,"[{'n_iter': 200, 'patience': 100, 'input_size': 1, 'h_sizes': [40, 40]}]",[<class 'models.NueralNet'>],300,1,False,True,,,0.9,,,,,,,192,224,214,286,1.0,0.897196261682243,1.0,0.965034965034965,naive_on_mean
0.9,100,500,True,False,"{'transform_func': <function transform_X at 0x770b545fb370>, 'beta': array([1, 2, 3, 4]), 'uniform_range_x': [-2, 2]}",<function generate_sim_data at 0x770b1a6888b0>,1,2,"[{'n_iter': 200, 'patience': 100, 'input_size': 1, 'h_sizes': [40, 40]}]",[<class 'models.NueralNet'>],300,1,False,True,True,True,0.8999999999999773,0.9733333333333334,0.8900000000000001,0.8999999999999773,0.9733333333333334,0.9966666666666667,33.0,65,316,209,291,1.0,0.3110047846889952,1.0,0.6323024054982818,CS_on_y
0.9,100,500,True,False,"{'transform_func': <function transform_X at 0x770b545fb370>, 'beta': array([1, 2, 3, 4]), 'uniform_range_x': [-2, 2]}",<function generate_sim_data at 0x770b1a6888b0>,1,2,"[{'n_iter': 200, 'patience': 100, 'input_size': 1, 'h_sizes': [40, 40]}]",[<class 'models.NueralNet'>],300,1,False,False,,,0.9,,,,,,,157,253,209,291,0.9936305732484076,0.7464114832535885,1.0,0.8487972508591065,naive_on_y
0.9,100,500,True,False,"{'transform_func': <function transform_X at 0x770b545fb370>, 'beta': array([1, 2, 3, 4]), 'uniform_range_x': [-2, 2]}",<function generate_sim_data at 0x770b1a6888b0>,1,2,"[{'n_iter': 200, 'patience': 100, 'input_size': 1, 'h_sizes': [40, 40]}]",[<class 'models.NueralNet'>],300,1,False,True,True,True,0.9000000000000341,0.9833333333333333,0.9300000000000002,0.9000000000000341,0.9833333333333333,0.98,17.0,174,244,215,285,1.0,0.8093023255813954,1.0,0.8982456140350877,CS_on_mean
0.9,100,500,True,False,"{'transform_func': <function transform_X at 0x770b545fb370>, 'beta': array([1, 2, 3, 4]), 'uniform_range_x': [-2, 2]}",<function generate_sim_data at 0x770b1a6888b0>,1,2,"[{'n_iter': 200, 'patience': 100, 'input_size': 1, 'h_sizes': [40, 40]}]",[<class 'models.NueralNet'>],300,1,False,False,,,0.9,,,,,,,194,225,215,285,1.0,0.9023255813953488,0.9963636363636363,0.9614035087719298,naive_on_mean
0.9,100,500,True,False,"{'transform_func': <function transform_X at 0x770b545fb370>, 'beta': array([1, 2, 3, 4]), 'uniform_range_x': [-2, 2]}",<function generate_sim_data at 0x770b1a6888b0>,1,2,"[{'n_iter': 200, 'patience': 100, 'input_size': 1, 'h_sizes': [40, 40]}]",[<class 'models.NueralNet'>],300,1,False,True,True,True,0.9000000000000341,0.9833333333333333,0.8366666666666667,0.9000000000000341,0.9833333333333333,1.0,23.0,104,326,214,286,1.0,0.485981308411215,1.0,0.6083916083916083,CS_on_y
0.9,100,500,True,False,"{'transform_func': <function transform_X at 0x770b545fb370>, 'beta': array([1, 2, 3, 4]), 'uniform_range_x': [-2, 2]}",<function generate_sim_data at 0x770b1a6888b0>,1,2,"[{'n_iter': 200, 'patience': 100, 'input_size': 1, 'h_sizes': [40, 40]}]",[<class 'models.NueralNet'>],300,1,False,False,,,0.9,,,,,,,162,260,214,286,0.9938271604938271,0.7523364485981309,1.0,0.8391608391608392,naive_on_y
0.9,100,500,True,False,"{'transform_func': <function transform_X at 0x770b545fb370>, 'beta': array([1, 2, 3, 4]), 'uniform_range_x': [-2, 2]}",<function generate_sim_data at 0x770b1a6888b0>,1,2,"[{'n_iter': 200, 'patience': 100, 'input_size': 1, 'h_sizes': [40, 40]}]",[<class 'models.NueralNet'>],300,1,False,True,False,True,0.9000000000000341,0.99,0.9766666666666666,0.9000000000000341,0.99,0.9933333333333333,12.0,172,243,209,291,1.0,0.8229665071770335,1.0,0.8831615120274914,CS_on_mean
0.9,100,500,True,False,"{'transform_func': <function transform_X at 0x770b545fb370>, 'beta': array([1, 2, 3, 4]), 'uniform_range_x': [-2, 2]}",<function generate_sim_data at 0x770b1a6888b0>,1,2,"[{'n_iter': 200, 'patience': 100, 'input_size': 1, 'h_sizes': [40, 40]}]",[<class 'models.NueralNet'>],300,1,False,False,,,0.9,,,,,,,200,226,209,291,0.995,0.9521531100478469,1.0,0.9415807560137457,naive_on_mean
0.9,100,500,True,False,"{'transform_func': <function transform_X at 0x770b545fb370>, 'beta': array([1, 2, 3, 4]), 'uniform_range_x': [-2, 2]}",<function generate_sim_data at 0x770b1a6888b0>,1,2,"[{'n_iter': 200, 'patience': 100, 'input_size': 1, 'h_sizes': [40, 40]}]",[<class 'models.NueralNet'>],300,1,False,True,True,True,0.9000000000000341,0.97,0.78,0.9000000000000341,0.97,0.9933333333333333,16.0,86,327,213,287,1.0,0.403755868544601,1.0,0.602787456445993,CS_on_y
0.9,100,500,True,False,"{'transform_func': <function transform_X at 0x770b545fb370>, 'beta': array([1, 2, 3, 4]), 'uniform_range_x': [-2, 2]}",<function generate_sim_data at 0x770b1a6888b0>,1,2,"[{'n_iter': 200, 'patience': 100, 'input_size': 1, 'h_sizes': [40, 40]}]",[<class 'models.NueralNet'>],300,1,False,False,,,0.9,,,,,,,162,256,213,287,0.9938271604938271,0.755868544600939,1.0,0.8501742160278746,naive_on_y
0.9,100,500,True,False,"{'transform_func': <function transform_X at 0x770b545fb370>, 'beta': array([1, 2, 3, 4]), 'uniform_range_x': [-2, 2]}",<function generate_sim_data at 0x770b1a6888b0>,1,2,"[{'n_iter': 200, 'patience': 100, 'input_size': 1, 'h_sizes': [40, 40]}]",[<class 'models.NueralNet'>],300,1,False,True,True,True,0.8766666666666936,0.9933333333333333,0.96,0.8766666666666936,0.9933333333333333,0.9933333333333333,302.0,162,231,199,301,1.0,0.8140703517587939,1.0,0.893687707641196,CS_on_mean
0.9,100,500,True,False,"{'transform_func': <function transform_X at 0x770b545fb370>, 'beta': array([1, 2, 3, 4]), 'uniform_range_x': [-2, 2]}",<function generate_sim_data at 0x770b1a6888b0>,1,2,"[{'n_iter': 200, 'patience': 100, 'input_size': 1, 'h_sizes': [40, 40]}]",[<class 'models.NueralNet'>],300,1,False,False,,,0.9,,,,,,,194,219,199,301,0.9587628865979382,0.9346733668341709,1.0,0.9335548172757475,naive_on_mean
0.9,100,500,True,False,"{'transform_func': <function transform_X at 0x770b545fb370>, 'beta': array([1, 2, 3, 4]), 'uniform_range_x': [-2, 2]}",<function generate_sim_data at 0x770b1a6888b0>,1,2,"[{'n_iter': 200, 'patience': 100, 'input_size': 1, 'h_sizes': [40, 40]}]",[<class 'models.NueralNet'>],300,1,False,True,True,True,0.8999999999999773,0.97,0.6866666666666668,0.8999999999999773,0.97,1.0,18.0,51,387,206,294,1.0,0.24757281553398058,1.0,0.3843537414965986,CS_on_y
0.9,100,500,True,False,"{'transform_func': <function transform_X at 0x770b545fb370>, 'beta': array([1, 2, 3, 4]), 'uniform_range_x': [-2, 2]}",<function generate_sim_data at 0x770b1a6888b0>,1,2,"[{'n_iter': 200, 'patience': 100, 'input_size': 1, 'h_sizes': [40, 40]}]",[<class 'models.NueralNet'>],300,1,False,False,,,0.9,,,,,,,153,259,206,294,0.9934640522875817,0.7378640776699029,0.995850622406639,0.8163265306122449,naive_on_y
0.9,100,500,True,False,"{'transform_func': <function transform_X at 0x770b545fb370>, 'beta': array([1, 2, 3, 4]), 'uniform_range_x': [-2, 2]}",<function generate_sim_data at 0x770b1a6888b0>,1,2,"[{'n_iter': 200, 'patience': 100, 'input_size': 1, 'h_sizes': [40, 40]}]",[<class 'models.NueralNet'>],300,1,False,True,True,True,0.9000000000000341,0.9766666666666667,0.9366666666666665,0.9000000000000341,0.9766666666666667,0.99,7.0,176,259,221,279,1.0,0.7963800904977376,1.0,0.8637992831541219,CS_on_mean
0.9,100,500,True,False,"{'transform_func': <function transform_X at 0x770b545fb370>, 'beta': array([1, 2, 3, 4]), 'uniform_range_x': [-2, 2]}",<function generate_sim_data at 0x770b1a6888b0>,1,2,"[{'n_iter': 200, 'patience': 100, 'input_size': 1, 'h_sizes': [40, 40]}]",[<class 'models.NueralNet'>],300,1,False,True,,,0.9,,,,,,,202,227,221,279,1.0,0.9140271493212669,1.0,0.978494623655914,naive_on_mean
0.9,100,500,True,False,"{'transform_func': <function transform_X at 0x770b545fb370>, 'beta': array([1, 2, 3, 4]), 'uniform_range_x': [-2, 2]}",<function generate_sim_data at 0x770b1a6888b0>,1,2,"[{'n_iter': 200, 'patience': 100, 'input_size': 1, 'h_sizes': [40, 40]}]",[<class 'models.NueralNet'>],300,1,False,True,True,True,0.9000000000000341,0.96,0.7433333333333334,0.9000000000000341,0.96,0.9933333333333333,24.0,64,354,223,277,1.0,0.2869955156950673,1.0,0.5270758122743682,CS_on_y
0.9,100,500,True,False,"{'transform_func': <function transform_X at 0x770b545fb370>, 'beta': array([1, 2, 3, 4]), 'uniform_range_x': [-2, 2]}",<function generate_sim_data at 0x770b1a6888b0>,1,2,"[{'n_iter': 200, 'patience': 100, 'input_size': 1, 'h_sizes': [40, 40]}]",[<class 'models.NueralNet'>],300,1,False,False,,,0.9,,,,,,,155,269,223,277,1.0,0.695067264573991,0.9956709956709957,0.8303249097472925,naive_on_y
0.9,100,500,True,False,"{'transform_func': <function transform_X at 0x770b545fb370>, 'beta': array([1, 2, 3, 4]), 'uniform_range_x': [-2, 2]}",<function generate_sim_data at 0x770b1a6888b0>,1,2,"[{'n_iter': 200, 'patience': 100, 'input_size': 1, 'h_sizes': [40, 40]}]",[<class 'models.NueralNet'>],300,1,False,True,True,True,0.9000000000000341,0.9866666666666667,0.8833333333333333,0.9000000000000341,0.9866666666666667,0.9966666666666667,4.0,174,231,215,285,1.0,0.8093023255813954,1.0,0.9438596491228071,CS_on_mean
0.9,100,500,True,False,"{'transform_func': <function transform_X at 0x770b545fb370>, 'beta': array([1, 2, 3, 4]), 'uniform_range_x': [-2, 2]}",<function generate_sim_data at 0x770b1a6888b0>,1,2,"[{'n_iter': 200, 'patience': 100, 'input_size': 1, 'h_sizes': [40, 40]}]",[<class 'models.NueralNet'>],300,1,False,True,,,0.9,,,,,,,194,221,215,285,1.0,0.9023255813953488,1.0,0.9789473684210527,naive_on_mean
0.9,100,500,True,False,"{'transform_func': <function transform_X at 0x770b545fb370>, 'beta': array([1, 2, 3, 4]), 'uniform_range_x': [-2, 2]}",<function generate_sim_data at 0x770b1a6888b0>,1,2,"[{'n_iter': 200, 'patience': 100, 'input_size': 1, 'h_sizes': [40, 40]}]",[<class 'models.NueralNet'>],300,1,False,True,True,True,0.9000000000000341,0.9666666666666667,0.76,0.9000000000000341,0.9666666666666667,0.9933333333333333,22.0,79,332,217,283,1.0,0.3640552995391705,1.0,0.5936395759717314,CS_on_y
0.9,100,500,True,False,"{'transform_func': <function transform_X at 0x770b545fb370>, 'beta': array([1, 2, 3, 4]), 'uniform_range_x': [-2, 2]}",<function generate_sim_data at 0x770b1a6888b0>,1,2,"[{'n_iter': 200, 'patience': 100, 'input_size': 1, 'h_sizes': [40, 40]}]",[<class 'models.NueralNet'>],300,1,False,False,,,0.9,,,,,,,155,265,217,283,0.9935483870967742,0.7096774193548387,0.9914893617021276,0.823321554770318,naive_on_y
0.9,100,500,True,False,"{'transform_func': <function transform_X at 0x770b545fb370>, 'beta': array([1, 2, 3, 4]), 'uniform_range_x': [-2, 2]}",<function generate_sim_data at 0x770b1a6888b0>,1,2,"[{'n_iter': 200, 'patience': 100, 'input_size': 1, 'h_sizes': [40, 40]}]",[<class 'models.NueralNet'>],300,1,False,True,True,True,0.8999999999999773,0.9933333333333333,0.9866666666666666,0.8999999999999773,0.9933333333333333,1.0,8.0,171,319,219,281,1.0,0.7808219178082192,1.0,0.6441281138790036,CS_on_mean
0.9,100,500,True,False,"{'transform_func': <function transform_X at 0x770b545fb370>, 'beta': array([1, 2, 3, 4]), 'uniform_range_x': [-2, 2]}",<function generate_sim_data at 0x770b1a6888b0>,1,2,"[{'n_iter': 200, 'patience': 100, 'input_size': 1, 'h_sizes': [40, 40]}]",[<class 'models.NueralNet'>],300,1,False,True,,,0.9,,,,,,,207,244,219,281,1.0,0.9452054794520548,1.0,0.9110320284697508,naive_on_mean
0.9,100,500,True,False,"{'transform_func': <function transform_X at 0x770b545fb370>, 'beta': array([1, 2, 3, 4]), 'uniform_range_x': [-2, 2]}",<function generate_sim_data at 0x770b1a6888b0>,1,2,"[{'n_iter': 200, 'patience': 100, 'input_size': 1, 'h_sizes': [40, 40]}]",[<class 'models.NueralNet'>],300,1,False,True,True,True,0.8999999999999773,0.98,0.7466666666666666,0.8999999999999773,0.98,0.9933333333333333,26.0,106,334,215,285,1.0,0.49302325581395345,1.0,0.5824561403508772,CS_on_y
0.9,100,500,True,False,"{'transform_func': <function transform_X at 0x770b545fb370>, 'beta': array([1, 2, 3, 4]), 'uniform_range_x': [-2, 2]}",<function generate_sim_data at 0x770b1a6888b0>,1,2,"[{'n_iter': 200, 'patience': 100, 'input_size': 1, 'h_sizes': [40, 40]}]",[<class 'models.NueralNet'>],300,1,False,False,,,0.9,,,,,,,164,287,215,285,0.9939024390243902,0.758139534883721,0.9953051643192489,0.743859649122807,naive_on_y
0.9,100,500,True,False,"{'transform_func': <function transform_X at 0x770b545fb370>, 'beta': array([1, 2, 3, 4]), 'uniform_range_x': [-2, 2]}",<function generate_sim_data at 0x770b1a6888b0>,1,2,"[{'n_iter': 200, 'patience': 100, 'input_size': 1, 'h_sizes': [40, 40]}]",[<class 'models.NueralNet'>],300,1,False,True,True,True,0.8899999999999864,0.9933333333333333,0.98,0.8899999999999864,0.9933333333333333,1.0,4.0,129,354,209,291,1.0,0.6172248803827751,1.0,0.5017182130584192,CS_on_mean
0.9,100,500,True,False,"{'transform_func': <function transform_X at 0x770b545fb370>, 'beta': array([1, 2, 3, 4]), 'uniform_range_x': [-2, 2]}",<function generate_sim_data at 0x770b1a6888b0>,1,2,"[{'n_iter': 200, 'patience': 100, 'input_size': 1, 'h_sizes': [40, 40]}]",[<class 'models.NueralNet'>],300,1,False,True,,,0.9,,,,,,,192,220,209,291,1.0,0.9186602870813397,1.0,0.9621993127147767,naive_on_mean
0.9,100,500,True,False,"{'transform_func': <function transform_X at 0x770b545fb370>, 'beta': array([1, 2, 3, 4]), 'uniform_range_x': [-2, 2]}",<function generate_sim_data at 0x770b1a6888b0>,1,2,"[{'n_iter': 200, 'patience': 100, 'input_size': 1, 'h_sizes': [40, 40]}]",[<class 'models.NueralNet'>],300,1,False,True,True,True,0.9000000000000341,0.9766666666666667,0.8999999999999999,0.9000000000000341,0.9766666666666667,0.9933333333333333,32.0,48,424,207,293,1.0,0.23188405797101452,1.0,0.2593856655290102,CS_on_y
0.9,100,500,True,False,"{'transform_func': <function transform_X at 0x770b545fb370>, 'beta': array([1, 2, 3, 4]), 'uniform_range_x': [-2, 2]}",<function generate_sim_data at 0x770b1a6888b0>,1,2,"[{'n_iter': 200, 'patience': 100, 'input_size': 1, 'h_sizes': [40, 40]}]",[<class 'models.NueralNet'>],300,1,False,False,,,0.9,,,,,,,144,265,207,293,0.9930555555555556,0.6908212560386473,0.9957446808510638,0.7986348122866894,naive_on_y
0.9,100,500,True,False,"{'transform_func': <function transform_X at 0x770b545fb370>, 'beta': array([1, 2, 3, 4]), 'uniform_range_x': [-2, 2]}",<function generate_sim_data at 0x770b1a6888b0>,1,2,"[{'n_iter': 200, 'patience': 100, 'input_size': 1, 'h_sizes': [40, 40]}]",[<class 'models.NueralNet'>],300,1,False,True,True,True,0.9000000000000341,0.94,0.8333333333333333,0.9000000000000341,0.94,0.9733333333333334,8.0,175,232,212,288,1.0,0.8254716981132075,1.0,0.9305555555555556,CS_on_mean
0.9,100,500,True,False,"{'transform_func': <function transform_X at 0x770b545fb370>, 'beta': array([1, 2, 3, 4]), 'uniform_range_x': [-2, 2]}",<function generate_sim_data at 0x770b1a6888b0>,1,2,"[{'n_iter': 200, 'patience': 100, 'input_size': 1, 'h_sizes': [40, 40]}]",[<class 'models.NueralNet'>],300,1,False,True,,,0.9,,,,,,,191,226,212,288,1.0,0.9009433962264151,1.0,0.9513888888888888,naive_on_mean
0.9,100,500,True,False,"{'transform_func': <function transform_X at 0x770b545fb370>, 'beta': array([1, 2, 3, 4]), 'uniform_range_x': [-2, 2]}",<function generate_sim_data at 0x770b1a6888b0>,1,2,"[{'n_iter': 200, 'patience': 100, 'input_size': 1, 'h_sizes': [40, 40]}]",[<class 'models.NueralNet'>],300,1,False,True,True,True,0.9000000000000341,0.9633333333333334,0.6066666666666667,0.9000000000000341,0.9633333333333334,1.0,13.0,64,420,209,291,1.0,0.30622009569377995,1.0,0.27491408934707906,CS_on_y
0.9,100,500,True,False,"{'transform_func': <function transform_X at 0x770b545fb370>, 'beta': array([1, 2, 3, 4]), 'uniform_range_x': [-2, 2]}",<function generate_sim_data at 0x770b1a6888b0>,1,2,"[{'n_iter': 200, 'patience': 100, 'input_size': 1, 'h_sizes': [40, 40]}]",[<class 'models.NueralNet'>],300,1,False,True,,,0.9,,,,,,,141,273,209,291,1.0,0.6746411483253589,1.0,0.7800687285223368,naive_on_y
0.9,200,500,True,False,"{'transform_func': <function transform_X at 0x770b545fb370>, 'beta': array([1, 2, 3, 4]), 'uniform_range_x': [-2, 2]}",<function generate_sim_data at 0x770b1a6888b0>,1,2,"[{'n_iter': 200, 'patience': 100, 'input_size': 1, 'h_sizes': [40, 40]}]",[<class 'models.NueralNet'>],300,1,False,True,True,True,0.9000000000000341,0.96,0.7733333333333334,0.9000000000000341,0.96,0.9866666666666667,7.0,174,204,193,307,1.0,0.9015544041450777,1.0,0.9641693811074918,CS_on_mean
0.9,200,500,True,False,"{'transform_func': <function transform_X at 0x770b545fb370>, 'beta': array([1, 2, 3, 4]), 'uniform_range_x': [-2, 2]}",<function generate_sim_data at 0x770b1a6888b0>,1,2,"[{'n_iter': 200, 'patience': 100, 'input_size': 1, 'h_sizes': [40, 40]}]",[<class 'models.NueralNet'>],300,1,False,True,,,0.9,,,,,,,177,199,193,307,1.0,0.917098445595855,1.0,0.9804560260586319,naive_on_mean
0.9,200,500,True,False,"{'transform_func': <function transform_X at 0x770b545fb370>, 'beta': array([1, 2, 3, 4]), 'uniform_range_x': [-2, 2]}",<function generate_sim_data at 0x770b1a6888b0>,1,2,"[{'n_iter': 200, 'patience': 100, 'input_size': 1, 'h_sizes': [40, 40]}]",[<class 'models.NueralNet'>],300,1,False,True,True,True,0.9000000000000341,0.9533333333333334,0.72,0.9000000000000341,0.9533333333333334,0.98,18.0,78,293,192,308,1.0,0.40625,1.0,0.672077922077922,CS_on_y
0.9,200,500,True,False,"{'transform_func': <function transform_X at 0x770b545fb370>, 'beta': array([1, 2, 3, 4]), 'uniform_range_x': [-2, 2]}",<function generate_sim_data at 0x770b1a6888b0>,1,2,"[{'n_iter': 200, 'patience': 100, 'input_size': 1, 'h_sizes': [40, 40]}]",[<class 'models.NueralNet'>],300,1,False,False,,,0.9,,,,,,,157,232,192,308,1.0,0.8177083333333334,0.996268656716418,0.8668831168831169,naive_on_y
0.9,200,500,True,False,"{'transform_func': <function transform_X at 0x770b545fb370>, 'beta': array([1, 2, 3, 4]), 'uniform_range_x': [-2, 2]}",<function generate_sim_data at 0x770b1a6888b0>,1,2,"[{'n_iter': 200, 'patience': 100, 'input_size': 1, 'h_sizes': [40, 40]}]",[<class 'models.NueralNet'>],300,1,False,True,True,True,0.9000000000000341,0.9533333333333334,0.7966666666666666,0.9000000000000341,0.9533333333333334,0.9833333333333333,8.0,196,228,206,294,1.0,0.9514563106796117,1.0,0.9251700680272109,CS_on_mean
0.9,200,500,True,False,"{'transform_func': <function transform_X at 0x770b545fb370>, 'beta': array([1, 2, 3, 4]), 'uniform_range_x': [-2, 2]}",<function generate_sim_data at 0x770b1a6888b0>,1,2,"[{'n_iter': 200, 'patience': 100, 'input_size': 1, 'h_sizes': [40, 40]}]",[<class 'models.NueralNet'>],300,1,False,True,,,0.9,,,,,,,200,216,206,294,1.0,0.970873786407767,1.0,0.9659863945578231,naive_on_mean
0.9,200,500,True,False,"{'transform_func': <function transform_X at 0x770b545fb370>, 'beta': array([1, 2, 3, 4]), 'uniform_range_x': [-2, 2]}",<function generate_sim_data at 0x770b1a6888b0>,1,2,"[{'n_iter': 200, 'patience': 100, 'input_size': 1, 'h_sizes': [40, 40]}]",[<class 'models.NueralNet'>],300,1,False,True,True,True,0.9000000000000341,0.9633333333333334,0.7466666666666666,0.9000000000000341,0.9633333333333334,0.9866666666666667,21.0,78,345,209,291,1.0,0.3732057416267942,1.0,0.5326460481099656,CS_on_y
0.9,200,500,True,False,"{'transform_func': <function transform_X at 0x770b545fb370>, 'beta': array([1, 2, 3, 4]), 'uniform_range_x': [-2, 2]}",<function generate_sim_data at 0x770b1a6888b0>,1,2,"[{'n_iter': 200, 'patience': 100, 'input_size': 1, 'h_sizes': [40, 40]}]",[<class 'models.NueralNet'>],300,1,False,False,,,0.9,,,,,,,173,263,209,291,0.9884393063583815,0.8181818181818181,0.9957805907172996,0.8109965635738832,naive_on_y
0.9,200,500,True,False,"{'transform_func': <function transform_X at 0x770b545fb370>, 'beta': array([1, 2, 3, 4]), 'uniform_range_x': [-2, 2]}",<function generate_sim_data at 0x770b1a6888b0>,1,2,"[{'n_iter': 200, 'patience': 100, 'input_size': 1, 'h_sizes': [40, 40]}]",[<class 'models.NueralNet'>],300,1,False,True,False,True,0.8999999999999773,0.9733333333333334,0.8966666666666665,0.8999999999999773,0.9733333333333334,0.9933333333333333,13.0,172,209,196,304,1.0,0.8775510204081632,1.0,0.9572368421052632,CS_on_mean
0.9,200,500,True,False,"{'transform_func': <function transform_X at 0x770b545fb370>, 'beta': array([1, 2, 3, 4]), 'uniform_range_x': [-2, 2]}",<function generate_sim_data at 0x770b1a6888b0>,1,2,"[{'n_iter': 200, 'patience': 100, 'input_size': 1, 'h_sizes': [40, 40]}]",[<class 'models.NueralNet'>],300,1,False,True,,,0.9,,,,,,,179,198,196,304,1.0,0.9132653061224489,1.0,0.993421052631579,naive_on_mean
0.9,200,500,True,False,"{'transform_func': <function transform_X at 0x770b545fb370>, 'beta': array([1, 2, 3, 4]), 'uniform_range_x': [-2, 2]}",<function generate_sim_data at 0x770b1a6888b0>,1,2,"[{'n_iter': 200, 'patience': 100, 'input_size': 1, 'h_sizes': [40, 40]}]",[<class 'models.NueralNet'>],300,1,False,True,True,True,0.9000000000000341,0.97,0.7766666666666666,0.9000000000000341,0.97,0.9966666666666667,38.0,98,307,200,300,1.0,0.49,1.0,0.6433333333333333,CS_on_y
0.9,200,500,True,False,"{'transform_func': <function transform_X at 0x770b545fb370>, 'beta': array([1, 2, 3, 4]), 'uniform_range_x': [-2, 2]}",<function generate_sim_data at 0x770b1a6888b0>,1,2,"[{'n_iter': 200, 'patience': 100, 'input_size': 1, 'h_sizes': [40, 40]}]",[<class 'models.NueralNet'>],300,1,False,False,,,0.9,,,,,,,149,230,200,300,1.0,0.745,0.9888888888888889,0.89,naive_on_y
0.9,200,500,True,False,"{'transform_func': <function transform_X at 0x770b545fb370>, 'beta': array([1, 2, 3, 4]), 'uniform_range_x': [-2, 2]}",<function generate_sim_data at 0x770b1a6888b0>,1,2,"[{'n_iter': 200, 'patience': 100, 'input_size': 1, 'h_sizes': [40, 40]}]",[<class 'models.NueralNet'>],300,1,False,False,False,True,0.8999999999999773,0.9566666666666667,0.76,0.8999999999999773,0.9566666666666667,0.9866666666666667,5.0,189,227,203,297,1.0,0.9310344827586207,0.9963369963369964,0.9158249158249159,CS_on_mean
0.9,200,500,True,False,"{'transform_func': <function transform_X at 0x770b545fb370>, 'beta': array([1, 2, 3, 4]), 'uniform_range_x': [-2, 2]}",<function generate_sim_data at 0x770b1a6888b0>,1,2,"[{'n_iter': 200, 'patience': 100, 'input_size': 1, 'h_sizes': [40, 40]}]",[<class 'models.NueralNet'>],300,1,False,True,,,0.9,,,,,,,193,222,203,297,1.0,0.9507389162561576,1.0,0.936026936026936,naive_on_mean
0.9,200,500,True,False,"{'transform_func': <function transform_X at 0x770b545fb370>, 'beta': array([1, 2, 3, 4]), 'uniform_range_x': [-2, 2]}",<function generate_sim_data at 0x770b1a6888b0>,1,2,"[{'n_iter': 200, 'patience': 100, 'input_size': 1, 'h_sizes': [40, 40]}]",[<class 'models.NueralNet'>],300,1,False,True,True,True,0.9000000000000341,0.9733333333333334,0.6766666666666667,0.9000000000000341,0.9733333333333334,0.9966666666666667,20.0,90,334,210,290,1.0,0.4285714285714286,1.0,0.5724137931034483,CS_on_y
0.9,200,500,True,False,"{'transform_func': <function transform_X at 0x770b545fb370>, 'beta': array([1, 2, 3, 4]), 'uniform_range_x': [-2, 2]}",<function generate_sim_data at 0x770b1a6888b0>,1,2,"[{'n_iter': 200, 'patience': 100, 'input_size': 1, 'h_sizes': [40, 40]}]",[<class 'models.NueralNet'>],300,1,False,False,,,0.9,,,,,,,153,259,210,290,0.9934640522875817,0.7238095238095238,0.995850622406639,0.8275862068965517,naive_on_y
0.9,200,500,True,False,"{'transform_func': <function transform_X at 0x770b545fb370>, 'beta': array([1, 2, 3, 4]), 'uniform_range_x': [-2, 2]}",<function generate_sim_data at 0x770b1a6888b0>,1,2,"[{'n_iter': 200, 'patience': 100, 'input_size': 1, 'h_sizes': [40, 40]}]",[<class 'models.NueralNet'>],300,1,False,True,True,True,0.8999999999999773,0.9666666666666667,0.7066666666666666,0.8999999999999773,0.9666666666666667,0.9766666666666667,4.0,177,213,205,295,1.0,0.8634146341463415,1.0,0.9728813559322034,CS_on_mean
0.9,200,500,True,False,"{'transform_func': <function transform_X at 0x770b545fb370>, 'beta': array([1, 2, 3, 4]), 'uniform_range_x': [-2, 2]}",<function generate_sim_data at 0x770b1a6888b0>,1,2,"[{'n_iter': 200, 'patience': 100, 'input_size': 1, 'h_sizes': [40, 40]}]",[<class 'models.NueralNet'>],300,1,False,False,,,0.9,,,,,,,190,209,205,295,1.0,0.926829268292683,0.9965635738831615,0.9830508474576272,naive_on_mean
0.9,200,500,True,False,"{'transform_func': <function transform_X at 0x770b545fb370>, 'beta': array([1, 2, 3, 4]), 'uniform_range_x': [-2, 2]}",<function generate_sim_data at 0x770b1a6888b0>,1,2,"[{'n_iter': 200, 'patience': 100, 'input_size': 1, 'h_sizes': [40, 40]}]",[<class 'models.NueralNet'>],300,1,False,True,True,True,0.9000000000000341,0.9666666666666667,0.8,0.9000000000000341,0.9666666666666667,0.9933333333333333,29.0,97,290,199,301,1.0,0.48743718592964824,1.0,0.6976744186046512,CS_on_y
0.9,200,500,True,False,"{'transform_func': <function transform_X at 0x770b545fb370>, 'beta': array([1, 2, 3, 4]), 'uniform_range_x': [-2, 2]}",<function generate_sim_data at 0x770b1a6888b0>,1,2,"[{'n_iter': 200, 'patience': 100, 'input_size': 1, 'h_sizes': [40, 40]}]",[<class 'models.NueralNet'>],300,1,False,False,,,0.9,,,,,,,152,252,199,301,0.9868421052631579,0.7537688442211055,1.0,0.823920265780731,naive_on_y
0.9,200,500,True,False,"{'transform_func': <function transform_X at 0x770b545fb370>, 'beta': array([1, 2, 3, 4]), 'uniform_range_x': [-2, 2]}",<function generate_sim_data at 0x770b1a6888b0>,1,2,"[{'n_iter': 200, 'patience': 100, 'input_size': 1, 'h_sizes': [40, 40]}]",[<class 'models.NueralNet'>],300,1,False,True,True,True,0.8999999999999773,0.9733333333333334,0.8166666666666667,0.8999999999999773,0.9733333333333334,0.9766666666666667,8.0,193,233,212,288,1.0,0.910377358490566,1.0,0.9270833333333334,CS_on_mean
0.9,200,500,True,False,"{'transform_func': <function transform_X at 0x770b545fb370>, 'beta': array([1, 2, 3, 4]), 'uniform_range_x': [-2, 2]}",<function generate_sim_data at 0x770b1a6888b0>,1,2,"[{'n_iter': 200, 'patience': 100, 'input_size': 1, 'h_sizes': [40, 40]}]",[<class 'models.NueralNet'>],300,1,False,True,,,0.9,,,,,,,195,213,212,288,1.0,0.9198113207547169,1.0,0.9965277777777778,naive_on_mean
0.9,200,500,True,False,"{'transform_func': <function transform_X at 0x770b545fb370>, 'beta': array([1, 2, 3, 4]), 'uniform_range_x': [-2, 2]}",<function generate_sim_data at 0x770b1a6888b0>,1,2,"[{'n_iter': 200, 'patience': 100, 'input_size': 1, 'h_sizes': [40, 40]}]",[<class 'models.NueralNet'>],300,1,False,True,True,True,0.9000000000000341,0.97,0.7333333333333334,0.9000000000000341,0.97,0.9933333333333333,24.0,105,323,210,290,1.0,0.5,1.0,0.6103448275862069,CS_on_y
0.9,200,500,True,False,"{'transform_func': <function transform_X at 0x770b545fb370>, 'beta': array([1, 2, 3, 4]), 'uniform_range_x': [-2, 2]}",<function generate_sim_data at 0x770b1a6888b0>,1,2,"[{'n_iter': 200, 'patience': 100, 'input_size': 1, 'h_sizes': [40, 40]}]",[<class 'models.NueralNet'>],300,1,False,False,,,0.9,,,,,,,162,268,210,290,1.0,0.7714285714285715,0.9956896551724138,0.7965517241379311,naive_on_y
0.9,200,500,True,False,"{'transform_func': <function transform_X at 0x770b545fb370>, 'beta': array([1, 2, 3, 4]), 'uniform_range_x': [-2, 2]}",<function generate_sim_data at 0x770b1a6888b0>,1,2,"[{'n_iter': 200, 'patience': 100, 'input_size': 1, 'h_sizes': [40, 40]}]",[<class 'models.NueralNet'>],300,1,False,True,True,True,0.8999999999999773,0.99,0.9300000000000002,0.8999999999999773,0.99,0.9933333333333333,5.0,175,235,204,296,1.0,0.857843137254902,1.0,0.8952702702702703,CS_on_mean
0.9,200,500,True,False,"{'transform_func': <function transform_X at 0x770b545fb370>, 'beta': array([1, 2, 3, 4]), 'uniform_range_x': [-2, 2]}",<function generate_sim_data at 0x770b1a6888b0>,1,2,"[{'n_iter': 200, 'patience': 100, 'input_size': 1, 'h_sizes': [40, 40]}]",[<class 'models.NueralNet'>],300,1,False,False,,,0.9,,,,,,,187,212,204,296,1.0,0.9166666666666666,0.9965277777777778,0.9695945945945946,naive_on_mean
0.9,200,500,True,False,"{'transform_func': <function transform_X at 0x770b545fb370>, 'beta': array([1, 2, 3, 4]), 'uniform_range_x': [-2, 2]}",<function generate_sim_data at 0x770b1a6888b0>,1,2,"[{'n_iter': 200, 'patience': 100, 'input_size': 1, 'h_sizes': [40, 40]}]",[<class 'models.NueralNet'>],300,1,False,True,True,True,0.8999999999999773,0.9733333333333334,0.79,0.8999999999999773,0.9733333333333334,0.9933333333333333,28.0,66,334,206,294,1.0,0.3203883495145631,1.0,0.564625850340136,CS_on_y
0.9,200,500,True,False,"{'transform_func': <function transform_X at 0x770b545fb370>, 'beta': array([1, 2, 3, 4]), 'uniform_range_x': [-2, 2]}",<function generate_sim_data at 0x770b1a6888b0>,1,2,"[{'n_iter': 200, 'patience': 100, 'input_size': 1, 'h_sizes': [40, 40]}]",[<class 'models.NueralNet'>],300,1,False,False,,,0.9,,,,,,,157,256,206,294,0.9936305732484076,0.7572815533980582,1.0,0.8299319727891157,naive_on_y
0.9,200,500,True,False,"{'transform_func': <function transform_X at 0x770b545fb370>, 'beta': array([1, 2, 3, 4]), 'uniform_range_x': [-2, 2]}",<function generate_sim_data at 0x770b1a6888b0>,1,2,"[{'n_iter': 200, 'patience': 100, 'input_size': 1, 'h_sizes': [40, 40]}]",[<class 'models.NueralNet'>],300,1,False,True,True,True,0.9000000000000341,0.9666666666666667,0.7999999999999998,0.9000000000000341,0.9666666666666667,0.9733333333333334,11.0,175,223,207,293,1.0,0.8454106280193237,1.0,0.9453924914675768,CS_on_mean
0.9,200,500,True,False,"{'transform_func': <function transform_X at 0x770b545fb370>, 'beta': array([1, 2, 3, 4]), 'uniform_range_x': [-2, 2]}",<function generate_sim_data at 0x770b1a6888b0>,1,2,"[{'n_iter': 200, 'patience': 100, 'input_size': 1, 'h_sizes': [40, 40]}]",[<class 'models.NueralNet'>],300,1,False,True,,,0.9,,,,,,,187,213,207,293,1.0,0.9033816425120773,1.0,0.9795221843003413,naive_on_mean
0.9,200,500,True,False,"{'transform_func': <function transform_X at 0x770b545fb370>, 'beta': array([1, 2, 3, 4]), 'uniform_range_x': [-2, 2]}",<function generate_sim_data at 0x770b1a6888b0>,1,2,"[{'n_iter': 200, 'patience': 100, 'input_size': 1, 'h_sizes': [40, 40]}]",[<class 'models.NueralNet'>],300,1,False,True,True,True,0.8999999999999773,0.9733333333333334,0.8300000000000001,0.8999999999999773,0.9733333333333334,0.99,18.0,96,331,207,293,1.0,0.46376811594202894,1.0,0.5767918088737201,CS_on_y
0.9,200,500,True,False,"{'transform_func': <function transform_X at 0x770b545fb370>, 'beta': array([1, 2, 3, 4]), 'uniform_range_x': [-2, 2]}",<function generate_sim_data at 0x770b1a6888b0>,1,2,"[{'n_iter': 200, 'patience': 100, 'input_size': 1, 'h_sizes': [40, 40]}]",[<class 'models.NueralNet'>],300,1,False,False,,,0.9,,,,,,,159,260,207,293,0.9937106918238994,0.7632850241545894,0.9958333333333333,0.8156996587030717,naive_on_y
0.9,200,500,True,False,"{'transform_func': <function transform_X at 0x770b545fb370>, 'beta': array([1, 2, 3, 4]), 'uniform_range_x': [-2, 2]}",<function generate_sim_data at 0x770b1a6888b0>,1,2,"[{'n_iter': 200, 'patience': 100, 'input_size': 1, 'h_sizes': [40, 40]}]",[<class 'models.NueralNet'>],300,1,False,True,True,True,0.9000000000000341,0.96,0.78,0.9000000000000341,0.96,0.99,7.0,200,229,220,280,1.0,0.9090909090909091,1.0,0.9678571428571429,CS_on_mean
0.9,200,500,True,False,"{'transform_func': <function transform_X at 0x770b545fb370>, 'beta': array([1, 2, 3, 4]), 'uniform_range_x': [-2, 2]}",<function generate_sim_data at 0x770b1a6888b0>,1,2,"[{'n_iter': 200, 'patience': 100, 'input_size': 1, 'h_sizes': [40, 40]}]",[<class 'models.NueralNet'>],300,1,False,True,,,0.9,,,,,,,206,226,220,280,1.0,0.9363636363636364,1.0,0.9785714285714285,naive_on_mean
0.9,200,500,True,False,"{'transform_func': <function transform_X at 0x770b545fb370>, 'beta': array([1, 2, 3, 4]), 'uniform_range_x': [-2, 2]}",<function generate_sim_data at 0x770b1a6888b0>,1,2,"[{'n_iter': 200, 'patience': 100, 'input_size': 1, 'h_sizes': [40, 40]}]",[<class 'models.NueralNet'>],300,1,False,True,True,True,0.9000000000000341,0.95,0.7333333333333334,0.9000000000000341,0.95,0.9933333333333333,24.0,119,379,212,288,1.0,0.5613207547169812,1.0,0.42013888888888884,CS_on_y
0.9,200,500,True,False,"{'transform_func': <function transform_X at 0x770b545fb370>, 'beta': array([1, 2, 3, 4]), 'uniform_range_x': [-2, 2]}",<function generate_sim_data at 0x770b1a6888b0>,1,2,"[{'n_iter': 200, 'patience': 100, 'input_size': 1, 'h_sizes': [40, 40]}]",[<class 'models.NueralNet'>],300,1,False,False,,,0.9,,,,,,,175,254,212,288,0.9942857142857143,0.8207547169811321,0.9959349593495935,0.8506944444444444,naive_on_y
0.9,200,500,True,False,"{'transform_func': <function transform_X at 0x770b545fb370>, 'beta': array([1, 2, 3, 4]), 'uniform_range_x': [-2, 2]}",<function generate_sim_data at 0x770b1a6888b0>,1,2,"[{'n_iter': 200, 'patience': 100, 'input_size': 1, 'h_sizes': [40, 40]}]",[<class 'models.NueralNet'>],300,1,False,True,True,True,0.9000000000000341,0.9533333333333334,0.75,0.9000000000000341,0.9533333333333334,0.9666666666666667,9.0,156,206,188,312,1.0,0.8297872340425532,1.0,0.9423076923076923,CS_on_mean
0.9,200,500,True,False,"{'transform_func': <function transform_X at 0x770b545fb370>, 'beta': array([1, 2, 3, 4]), 'uniform_range_x': [-2, 2]}",<function generate_sim_data at 0x770b1a6888b0>,1,2,"[{'n_iter': 200, 'patience': 100, 'input_size': 1, 'h_sizes': [40, 40]}]",[<class 'models.NueralNet'>],300,1,False,True,,,0.9,,,,,,,172,202,188,312,1.0,0.9148936170212766,1.0,0.9551282051282052,naive_on_mean
0.9,200,500,True,False,"{'transform_func': <function transform_X at 0x770b545fb370>, 'beta': array([1, 2, 3, 4]), 'uniform_range_x': [-2, 2]}",<function generate_sim_data at 0x770b1a6888b0>,1,2,"[{'n_iter': 200, 'patience': 100, 'input_size': 1, 'h_sizes': [40, 40]}]",[<class 'models.NueralNet'>],300,1,False,True,True,True,0.9000000000000341,0.9633333333333334,0.7766666666666666,0.9000000000000341,0.9633333333333334,0.9933333333333333,35.0,93,297,187,313,1.0,0.49732620320855614,1.0,0.6485623003194888,CS_on_y
0.9,200,500,True,False,"{'transform_func': <function transform_X at 0x770b545fb370>, 'beta': array([1, 2, 3, 4]), 'uniform_range_x': [-2, 2]}",<function generate_sim_data at 0x770b1a6888b0>,1,2,"[{'n_iter': 200, 'patience': 100, 'input_size': 1, 'h_sizes': [40, 40]}]",[<class 'models.NueralNet'>],300,1,False,False,,,0.9,,,,,,,143,228,187,313,1.0,0.7647058823529411,0.9926470588235294,0.8626198083067093,naive_on_y
0.9,400,500,True,False,"{'transform_func': <function transform_X at 0x770b545fb370>, 'beta': array([1, 2, 3, 4]), 'uniform_range_x': [-2, 2]}",<function generate_sim_data at 0x770b1a6888b0>,1,2,"[{'n_iter': 200, 'patience': 100, 'input_size': 1, 'h_sizes': [40, 40]}]",[<class 'models.NueralNet'>],300,1,False,True,True,True,0.9000000000000341,0.9466666666666667,0.8566666666666667,0.9000000000000341,0.9466666666666667,0.9533333333333334,3.0,208,224,217,283,1.0,0.9585253456221198,1.0,0.9752650176678446,CS_on_mean
0.9,400,500,True,False,"{'transform_func': <function transform_X at 0x770b545fb370>, 'beta': array([1, 2, 3, 4]), 'uniform_range_x': [-2, 2]}",<function generate_sim_data at 0x770b1a6888b0>,1,2,"[{'n_iter': 200, 'patience': 100, 'input_size': 1, 'h_sizes': [40, 40]}]",[<class 'models.NueralNet'>],300,1,False,True,,,0.9,,,,,,,212,221,217,283,1.0,0.9769585253456221,1.0,0.9858657243816255,naive_on_mean
0.9,400,500,True,False,"{'transform_func': <function transform_X at 0x770b545fb370>, 'beta': array([1, 2, 3, 4]), 'uniform_range_x': [-2, 2]}",<function generate_sim_data at 0x770b1a6888b0>,1,2,"[{'n_iter': 200, 'patience': 100, 'input_size': 1, 'h_sizes': [40, 40]}]",[<class 'models.NueralNet'>],300,1,False,True,True,True,0.9000000000000341,0.96,0.3933333333333333,0.9000000000000341,0.96,0.99,7.0,137,291,213,287,1.0,0.6431924882629108,1.0,0.7282229965156795,CS_on_y
0.9,400,500,True,False,"{'transform_func': <function transform_X at 0x770b545fb370>, 'beta': array([1, 2, 3, 4]), 'uniform_range_x': [-2, 2]}",<function generate_sim_data at 0x770b1a6888b0>,1,2,"[{'n_iter': 200, 'patience': 100, 'input_size': 1, 'h_sizes': [40, 40]}]",[<class 'models.NueralNet'>],300,1,False,False,,,0.9,,,,,,,179,260,213,287,0.994413407821229,0.8356807511737089,1.0,0.8362369337979094,naive_on_y
0.9,400,500,True,False,"{'transform_func': <function transform_X at 0x770b545fb370>, 'beta': array([1, 2, 3, 4]), 'uniform_range_x': [-2, 2]}",<function generate_sim_data at 0x770b1a6888b0>,1,2,"[{'n_iter': 200, 'patience': 100, 'input_size': 1, 'h_sizes': [40, 40]}]",[<class 'models.NueralNet'>],300,1,False,False,False,True,0.9000000000000341,0.97,0.79,0.9000000000000341,0.97,0.9766666666666667,4.0,196,231,226,274,1.0,0.8672566371681416,0.9962825278810409,0.9781021897810219,CS_on_mean
0.9,400,500,True,False,"{'transform_func': <function transform_X at 0x770b545fb370>, 'beta': array([1, 2, 3, 4]), 'uniform_range_x': [-2, 2]}",<function generate_sim_data at 0x770b1a6888b0>,1,2,"[{'n_iter': 200, 'patience': 100, 'input_size': 1, 'h_sizes': [40, 40]}]",[<class 'models.NueralNet'>],300,1,False,True,,,0.9,,,,,,,203,228,226,274,1.0,0.8982300884955752,1.0,0.9927007299270073,naive_on_mean
0.9,400,500,True,False,"{'transform_func': <function transform_X at 0x770b545fb370>, 'beta': array([1, 2, 3, 4]), 'uniform_range_x': [-2, 2]}",<function generate_sim_data at 0x770b1a6888b0>,1,2,"[{'n_iter': 200, 'patience': 100, 'input_size': 1, 'h_sizes': [40, 40]}]",[<class 'models.NueralNet'>],300,1,False,True,False,True,0.9000000000000341,0.95,0.4666666666666668,0.9000000000000341,0.95,0.9866666666666667,10.0,120,289,213,287,1.0,0.5633802816901409,1.0,0.735191637630662,CS_on_y
0.9,400,500,True,False,"{'transform_func': <function transform_X at 0x770b545fb370>, 'beta': array([1, 2, 3, 4]), 'uniform_range_x': [-2, 2]}",<function generate_sim_data at 0x770b1a6888b0>,1,2,"[{'n_iter': 200, 'patience': 100, 'input_size': 1, 'h_sizes': [40, 40]}]",[<class 'models.NueralNet'>],300,1,False,False,,,0.9,,,,,,,166,250,213,287,1.0,0.7793427230046949,0.996,0.867595818815331,naive_on_y
0.9,400,500,True,False,"{'transform_func': <function transform_X at 0x770b545fb370>, 'beta': array([1, 2, 3, 4]), 'uniform_range_x': [-2, 2]}",<function generate_sim_data at 0x770b1a6888b0>,1,2,"[{'n_iter': 200, 'patience': 100, 'input_size': 1, 'h_sizes': [40, 40]}]",[<class 'models.NueralNet'>],300,1,False,True,False,True,0.9000000000000341,0.9666666666666667,0.8033333333333332,0.9000000000000341,0.9666666666666667,0.96,5.0,195,216,201,299,1.0,0.9701492537313433,1.0,0.9498327759197325,CS_on_mean
0.9,400,500,True,False,"{'transform_func': <function transform_X at 0x770b545fb370>, 'beta': array([1, 2, 3, 4]), 'uniform_range_x': [-2, 2]}",<function generate_sim_data at 0x770b1a6888b0>,1,2,"[{'n_iter': 200, 'patience': 100, 'input_size': 1, 'h_sizes': [40, 40]}]",[<class 'models.NueralNet'>],300,1,False,True,,,0.9,,,,,,,190,206,201,299,1.0,0.945273631840796,1.0,0.9832775919732442,naive_on_mean
0.9,400,500,True,False,"{'transform_func': <function transform_X at 0x770b545fb370>, 'beta': array([1, 2, 3, 4]), 'uniform_range_x': [-2, 2]}",<function generate_sim_data at 0x770b1a6888b0>,1,2,"[{'n_iter': 200, 'patience': 100, 'input_size': 1, 'h_sizes': [40, 40]}]",[<class 'models.NueralNet'>],300,1,False,False,True,True,0.9000000000000341,0.9666666666666667,0.3599999999999999,0.9000000000000341,0.9666666666666667,0.9866666666666667,16.0,121,281,196,304,0.9917355371900827,0.6122448979591837,1.0,0.7203947368421053,CS_on_y
0.9,400,500,True,False,"{'transform_func': <function transform_X at 0x770b545fb370>, 'beta': array([1, 2, 3, 4]), 'uniform_range_x': [-2, 2]}",<function generate_sim_data at 0x770b1a6888b0>,1,2,"[{'n_iter': 200, 'patience': 100, 'input_size': 1, 'h_sizes': [40, 40]}]",[<class 'models.NueralNet'>],300,1,False,False,,,0.9,,,,,,,147,240,196,304,0.9863945578231292,0.7397959183673469,0.9961538461538462,0.8519736842105263,naive_on_y
0.9,400,500,True,False,"{'transform_func': <function transform_X at 0x770b545fb370>, 'beta': array([1, 2, 3, 4]), 'uniform_range_x': [-2, 2]}",<function generate_sim_data at 0x770b1a6888b0>,1,2,"[{'n_iter': 200, 'patience': 100, 'input_size': 1, 'h_sizes': [40, 40]}]",[<class 'models.NueralNet'>],300,1,False,True,True,True,0.9000000000000341,0.9633333333333334,0.6600000000000001,0.9000000000000341,0.9633333333333334,0.9633333333333334,7.0,209,229,225,275,1.0,0.9288888888888889,1.0,0.9854545454545455,CS_on_mean
0.9,400,500,True,False,"{'transform_func': <function transform_X at 0x770b545fb370>, 'beta': array([1, 2, 3, 4]), 'uniform_range_x': [-2, 2]}",<function generate_sim_data at 0x770b1a6888b0>,1,2,"[{'n_iter': 200, 'patience': 100, 'input_size': 1, 'h_sizes': [40, 40]}]",[<class 'models.NueralNet'>],300,1,False,True,,,0.9,,,,,,,214,231,225,275,1.0,0.9511111111111111,1.0,0.9781818181818182,naive_on_mean
0.9,400,500,True,False,"{'transform_func': <function transform_X at 0x770b545fb370>, 'beta': array([1, 2, 3, 4]), 'uniform_range_x': [-2, 2]}",<function generate_sim_data at 0x770b1a6888b0>,1,2,"[{'n_iter': 200, 'patience': 100, 'input_size': 1, 'h_sizes': [40, 40]}]",[<class 'models.NueralNet'>],300,1,False,True,True,True,0.9000000000000341,0.9666666666666667,0.75,0.9000000000000341,0.9666666666666667,0.9966666666666667,29.0,114,302,226,274,1.0,0.504424778761062,1.0,0.7226277372262774,CS_on_y
0.9,400,500,True,False,"{'transform_func': <function transform_X at 0x770b545fb370>, 'beta': array([1, 2, 3, 4]), 'uniform_range_x': [-2, 2]}",<function generate_sim_data at 0x770b1a6888b0>,1,2,"[{'n_iter': 200, 'patience': 100, 'input_size': 1, 'h_sizes': [40, 40]}]",[<class 'models.NueralNet'>],300,1,False,False,,,0.9,,,,,,,174,260,226,274,0.9942528735632183,0.7654867256637168,1.0,0.8759124087591241,naive_on_y
0.9,400,500,True,False,"{'transform_func': <function transform_X at 0x770b545fb370>, 'beta': array([1, 2, 3, 4]), 'uniform_range_x': [-2, 2]}",<function generate_sim_data at 0x770b1a6888b0>,1,2,"[{'n_iter': 200, 'patience': 100, 'input_size': 1, 'h_sizes': [40, 40]}]",[<class 'models.NueralNet'>],300,1,False,True,False,True,0.9000000000000341,0.9666666666666667,0.6833333333333333,0.9000000000000341,0.9666666666666667,0.96,1.0,216,229,224,276,1.0,0.9642857142857143,1.0,0.9818840579710145,CS_on_mean
0.9,400,500,True,False,"{'transform_func': <function transform_X at 0x770b545fb370>, 'beta': array([1, 2, 3, 4]), 'uniform_range_x': [-2, 2]}",<function generate_sim_data at 0x770b1a6888b0>,1,2,"[{'n_iter': 200, 'patience': 100, 'input_size': 1, 'h_sizes': [40, 40]}]",[<class 'models.NueralNet'>],300,1,False,False,,,0.9,,,,,,,217,224,224,276,1.0,0.96875,0.9927536231884058,0.9927536231884058,naive_on_mean
0.9,400,500,True,False,"{'transform_func': <function transform_X at 0x770b545fb370>, 'beta': array([1, 2, 3, 4]), 'uniform_range_x': [-2, 2]}",<function generate_sim_data at 0x770b1a6888b0>,1,2,"[{'n_iter': 200, 'patience': 100, 'input_size': 1, 'h_sizes': [40, 40]}]",[<class 'models.NueralNet'>],300,1,False,True,True,True,0.9000000000000341,0.9666666666666667,0.8233333333333333,0.9000000000000341,0.9666666666666667,0.99,32.0,131,314,227,273,1.0,0.5770925110132159,1.0,0.6813186813186813,CS_on_y
0.9,400,500,True,False,"{'transform_func': <function transform_X at 0x770b545fb370>, 'beta': array([1, 2, 3, 4]), 'uniform_range_x': [-2, 2]}",<function generate_sim_data at 0x770b1a6888b0>,1,2,"[{'n_iter': 200, 'patience': 100, 'input_size': 1, 'h_sizes': [40, 40]}]",[<class 'models.NueralNet'>],300,1,False,False,,,0.9,,,,,,,186,258,227,273,0.989247311827957,0.8105726872246696,0.9917355371900827,0.8791208791208791,naive_on_y
0.9,400,500,True,False,"{'transform_func': <function transform_X at 0x770b545fb370>, 'beta': array([1, 2, 3, 4]), 'uniform_range_x': [-2, 2]}",<function generate_sim_data at 0x770b1a6888b0>,1,2,"[{'n_iter': 200, 'patience': 100, 'input_size': 1, 'h_sizes': [40, 40]}]",[<class 'models.NueralNet'>],300,1,False,True,True,True,0.9000000000000341,0.9633333333333334,0.6533333333333333,0.9000000000000341,0.9633333333333334,0.9533333333333334,2.0,204,223,218,282,1.0,0.9357798165137614,1.0,0.9822695035460993,CS_on_mean
0.9,400,500,True,False,"{'transform_func': <function transform_X at 0x770b545fb370>, 'beta': array([1, 2, 3, 4]), 'uniform_range_x': [-2, 2]}",<function generate_sim_data at 0x770b1a6888b0>,1,2,"[{'n_iter': 200, 'patience': 100, 'input_size': 1, 'h_sizes': [40, 40]}]",[<class 'models.NueralNet'>],300,1,False,True,,,0.9,,,,,,,203,220,218,282,1.0,0.9311926605504587,1.0,0.9929078014184397,naive_on_mean
0.9,400,500,True,False,"{'transform_func': <function transform_X at 0x770b545fb370>, 'beta': array([1, 2, 3, 4]), 'uniform_range_x': [-2, 2]}",<function generate_sim_data at 0x770b1a6888b0>,1,2,"[{'n_iter': 200, 'patience': 100, 'input_size': 1, 'h_sizes': [40, 40]}]",[<class 'models.NueralNet'>],300,1,False,True,True,True,0.9000000000000341,0.9566666666666667,0.75,0.9000000000000341,0.9566666666666667,0.9966666666666667,26.0,112,305,214,286,1.0,0.5233644859813085,1.0,0.6818181818181819,CS_on_y
0.9,400,500,True,False,"{'transform_func': <function transform_X at 0x770b545fb370>, 'beta': array([1, 2, 3, 4]), 'uniform_range_x': [-2, 2]}",<function generate_sim_data at 0x770b1a6888b0>,1,2,"[{'n_iter': 200, 'patience': 100, 'input_size': 1, 'h_sizes': [40, 40]}]",[<class 'models.NueralNet'>],300,1,False,False,,,0.9,,,,,,,165,257,214,286,1.0,0.7710280373831776,0.9958847736625515,0.8461538461538461,naive_on_y
0.9,400,500,True,False,"{'transform_func': <function transform_X at 0x770b545fb370>, 'beta': array([1, 2, 3, 4]), 'uniform_range_x': [-2, 2]}",<function generate_sim_data at 0x770b1a6888b0>,1,2,"[{'n_iter': 200, 'patience': 100, 'input_size': 1, 'h_sizes': [40, 40]}]",[<class 'models.NueralNet'>],300,1,False,True,True,True,0.9000000000000341,0.98,0.7933333333333334,0.9000000000000341,0.98,0.9733333333333334,9.0,212,239,230,270,1.0,0.9217391304347826,1.0,0.9666666666666667,CS_on_mean
0.9,400,500,True,False,"{'transform_func': <function transform_X at 0x770b545fb370>, 'beta': array([1, 2, 3, 4]), 'uniform_range_x': [-2, 2]}",<function generate_sim_data at 0x770b1a6888b0>,1,2,"[{'n_iter': 200, 'patience': 100, 'input_size': 1, 'h_sizes': [40, 40]}]",[<class 'models.NueralNet'>],300,1,False,False,,,0.9,,,,,,,214,233,230,270,1.0,0.9304347826086956,0.9925093632958801,0.9814814814814815,naive_on_mean
0.9,400,500,True,False,"{'transform_func': <function transform_X at 0x770b545fb370>, 'beta': array([1, 2, 3, 4]), 'uniform_range_x': [-2, 2]}",<function generate_sim_data at 0x770b1a6888b0>,1,2,"[{'n_iter': 200, 'patience': 100, 'input_size': 1, 'h_sizes': [40, 40]}]",[<class 'models.NueralNet'>],300,1,False,True,True,True,0.9000000000000341,0.96,0.7333333333333334,0.9000000000000341,0.96,0.9966666666666667,24.0,123,314,236,264,1.0,0.521186440677966,1.0,0.7045454545454546,CS_on_y
0.9,400,500,True,False,"{'transform_func': <function transform_X at 0x770b545fb370>, 'beta': array([1, 2, 3, 4]), 'uniform_range_x': [-2, 2]}",<function generate_sim_data at 0x770b1a6888b0>,1,2,"[{'n_iter': 200, 'patience': 100, 'input_size': 1, 'h_sizes': [40, 40]}]",[<class 'models.NueralNet'>],300,1,False,False,,,0.9,,,,,,,181,270,236,264,0.994475138121547,0.7627118644067796,0.9956521739130435,0.8674242424242424,naive_on_y
0.9,400,500,True,False,"{'transform_func': <function transform_X at 0x770b545fb370>, 'beta': array([1, 2, 3, 4]), 'uniform_range_x': [-2, 2]}",<function generate_sim_data at 0x770b1a6888b0>,1,2,"[{'n_iter': 200, 'patience': 100, 'input_size': 1, 'h_sizes': [40, 40]}]",[<class 'models.NueralNet'>],300,1,False,True,True,True,0.9000000000000341,0.9366666666666666,0.74,0.9000000000000341,0.9366666666666666,0.9433333333333334,3.0,204,226,213,287,1.0,0.9577464788732395,1.0,0.9547038327526133,CS_on_mean
0.9,400,500,True,False,"{'transform_func': <function transform_X at 0x770b545fb370>, 'beta': array([1, 2, 3, 4]), 'uniform_range_x': [-2, 2]}",<function generate_sim_data at 0x770b1a6888b0>,1,2,"[{'n_iter': 200, 'patience': 100, 'input_size': 1, 'h_sizes': [40, 40]}]",[<class 'models.NueralNet'>],300,1,False,True,,,0.9,,,,,,,203,220,213,287,1.0,0.9530516431924883,1.0,0.975609756097561,naive_on_mean
0.9,400,500,True,False,"{'transform_func': <function transform_X at 0x770b545fb370>, 'beta': array([1, 2, 3, 4]), 'uniform_range_x': [-2, 2]}",<function generate_sim_data at 0x770b1a6888b0>,1,2,"[{'n_iter': 200, 'patience': 100, 'input_size': 1, 'h_sizes': [40, 40]}]",[<class 'models.NueralNet'>],300,1,False,True,True,True,0.9000000000000341,0.9533333333333334,0.5766666666666667,0.9000000000000341,0.9533333333333334,0.9966666666666667,20.0,120,314,214,286,1.0,0.5607476635514019,1.0,0.6503496503496504,CS_on_y
0.9,400,500,True,False,"{'transform_func': <function transform_X at 0x770b545fb370>, 'beta': array([1, 2, 3, 4]), 'uniform_range_x': [-2, 2]}",<function generate_sim_data at 0x770b1a6888b0>,1,2,"[{'n_iter': 200, 'patience': 100, 'input_size': 1, 'h_sizes': [40, 40]}]",[<class 'models.NueralNet'>],300,1,False,False,,,0.9,,,,,,,163,255,214,286,0.9938650306748467,0.7570093457943925,0.9959183673469387,0.8531468531468531,naive_on_y
0.9,400,500,True,False,"{'transform_func': <function transform_X at 0x770b545fb370>, 'beta': array([1, 2, 3, 4]), 'uniform_range_x': [-2, 2]}",<function generate_sim_data at 0x770b1a6888b0>,1,2,"[{'n_iter': 200, 'patience': 100, 'input_size': 1, 'h_sizes': [40, 40]}]",[<class 'models.NueralNet'>],300,1,False,True,False,True,0.9000000000000341,0.97,0.6733333333333333,0.9000000000000341,0.97,0.9766666666666667,5.0,196,216,207,293,1.0,0.9468599033816425,1.0,0.9692832764505119,CS_on_mean
0.9,400,500,True,False,"{'transform_func': <function transform_X at 0x770b545fb370>, 'beta': array([1, 2, 3, 4]), 'uniform_range_x': [-2, 2]}",<function generate_sim_data at 0x770b1a6888b0>,1,2,"[{'n_iter': 200, 'patience': 100, 'input_size': 1, 'h_sizes': [40, 40]}]",[<class 'models.NueralNet'>],300,1,False,True,,,0.9,,,,,,,198,212,207,293,1.0,0.9565217391304348,1.0,0.9829351535836177,naive_on_mean
0.9,400,500,True,False,"{'transform_func': <function transform_X at 0x770b545fb370>, 'beta': array([1, 2, 3, 4]), 'uniform_range_x': [-2, 2]}",<function generate_sim_data at 0x770b1a6888b0>,1,2,"[{'n_iter': 200, 'patience': 100, 'input_size': 1, 'h_sizes': [40, 40]}]",[<class 'models.NueralNet'>],300,1,False,True,True,True,0.9000000000000341,0.9633333333333334,0.7133333333333334,0.9000000000000341,0.9633333333333334,1.0,23.0,96,295,209,291,1.0,0.4593301435406698,1.0,0.70446735395189,CS_on_y
0.9,400,500,True,False,"{'transform_func': <function transform_X at 0x770b545fb370>, 'beta': array([1, 2, 3, 4]), 'uniform_range_x': [-2, 2]}",<function generate_sim_data at 0x770b1a6888b0>,1,2,"[{'n_iter': 200, 'patience': 100, 'input_size': 1, 'h_sizes': [40, 40]}]",[<class 'models.NueralNet'>],300,1,False,False,,,0.9,,,,,,,158,244,209,291,0.9936708860759493,0.7511961722488039,0.9921875,0.872852233676976,naive_on_y
0.9,400,500,True,False,"{'transform_func': <function transform_X at 0x770b545fb370>, 'beta': array([1, 2, 3, 4]), 'uniform_range_x': [-2, 2]}",<function generate_sim_data at 0x770b1a6888b0>,1,2,"[{'n_iter': 200, 'patience': 100, 'input_size': 1, 'h_sizes': [40, 40]}]",[<class 'models.NueralNet'>],300,1,False,True,False,True,0.8466666666666924,0.9966666666666667,0.9933333333333334,0.8466666666666924,0.9966666666666667,1.0,23.0,176,232,207,293,1.0,0.8502415458937198,1.0,0.9146757679180887,CS_on_mean
0.9,400,500,True,False,"{'transform_func': <function transform_X at 0x770b545fb370>, 'beta': array([1, 2, 3, 4]), 'uniform_range_x': [-2, 2]}",<function generate_sim_data at 0x770b1a6888b0>,1,2,"[{'n_iter': 200, 'patience': 100, 'input_size': 1, 'h_sizes': [40, 40]}]",[<class 'models.NueralNet'>],300,1,False,True,,,0.9,,,,,,,197,214,207,293,1.0,0.9516908212560387,1.0,0.9761092150170648,naive_on_mean
0.9,400,500,True,False,"{'transform_func': <function transform_X at 0x770b545fb370>, 'beta': array([1, 2, 3, 4]), 'uniform_range_x': [-2, 2]}",<function generate_sim_data at 0x770b1a6888b0>,1,2,"[{'n_iter': 200, 'patience': 100, 'input_size': 1, 'h_sizes': [40, 40]}]",[<class 'models.NueralNet'>],300,1,False,True,True,True,0.9000000000000341,0.9833333333333333,0.8033333333333332,0.9000000000000341,0.9833333333333333,0.9933333333333333,8.0,90,346,193,307,1.0,0.46632124352331605,1.0,0.501628664495114,CS_on_y
0.9,400,500,True,False,"{'transform_func': <function transform_X at 0x770b545fb370>, 'beta': array([1, 2, 3, 4]), 'uniform_range_x': [-2, 2]}",<function generate_sim_data at 0x770b1a6888b0>,1,2,"[{'n_iter': 200, 'patience': 100, 'input_size': 1, 'h_sizes': [40, 40]}]",[<class 'models.NueralNet'>],300,1,False,False,,,0.9,,,,,,,164,241,193,307,0.9695121951219512,0.8238341968911918,0.9922779922779923,0.8371335504885994,naive_on_y
0.9,800,500,True,False,"{'transform_func': <function transform_X at 0x770b545fb370>, 'beta': array([1, 2, 3, 4]), 'uniform_range_x': [-2, 2]}",<function generate_sim_data at 0x770b1a6888b0>,1,2,"[{'n_iter': 200, 'patience': 100, 'input_size': 1, 'h_sizes': [40, 40]}]",[<class 'models.NueralNet'>],300,1,False,True,False,True,0.9000000000000341,0.96,0.8199999999999998,0.9000000000000341,0.96,0.96,1.0,213,224,218,282,1.0,0.9770642201834863,1.0,0.9787234042553191,CS_on_mean
0.9,800,500,True,False,"{'transform_func': <function transform_X at 0x770b545fb370>, 'beta': array([1, 2, 3, 4]), 'uniform_range_x': [-2, 2]}",<function generate_sim_data at 0x770b1a6888b0>,1,2,"[{'n_iter': 200, 'patience': 100, 'input_size': 1, 'h_sizes': [40, 40]}]",[<class 'models.NueralNet'>],300,1,False,True,,,0.9,,,,,,,214,220,218,282,1.0,0.981651376146789,1.0,0.9929078014184397,naive_on_mean
0.9,800,500,True,False,"{'transform_func': <function transform_X at 0x770b545fb370>, 'beta': array([1, 2, 3, 4]), 'uniform_range_x': [-2, 2]}",<function generate_sim_data at 0x770b1a6888b0>,1,2,"[{'n_iter': 200, 'patience': 100, 'input_size': 1, 'h_sizes': [40, 40]}]",[<class 'models.NueralNet'>],300,1,False,True,True,True,0.9000000000000341,0.9533333333333334,0.41333333333333333,0.9000000000000341,0.9533333333333334,0.9966666666666667,17.0,130,277,219,281,1.0,0.5936073059360731,1.0,0.7935943060498221,CS_on_y
0.9,800,500,True,False,"{'transform_func': <function transform_X at 0x770b545fb370>, 'beta': array([1, 2, 3, 4]), 'uniform_range_x': [-2, 2]}",<function generate_sim_data at 0x770b1a6888b0>,1,2,"[{'n_iter': 200, 'patience': 100, 'input_size': 1, 'h_sizes': [40, 40]}]",[<class 'models.NueralNet'>],300,1,False,False,,,0.9,,,,,,,173,249,219,281,0.9942196531791907,0.7853881278538812,1.0,0.8932384341637011,naive_on_y
0.9,800,500,True,False,"{'transform_func': <function transform_X at 0x770b545fb370>, 'beta': array([1, 2, 3, 4]), 'uniform_range_x': [-2, 2]}",<function generate_sim_data at 0x770b1a6888b0>,1,2,"[{'n_iter': 200, 'patience': 100, 'input_size': 1, 'h_sizes': [40, 40]}]",[<class 'models.NueralNet'>],300,1,False,False,False,True,0.9000000000000341,0.96,0.8,0.9000000000000341,0.96,0.96,6.0,182,198,197,303,1.0,0.9238578680203046,0.9966887417218543,0.9933993399339934,CS_on_mean
0.9,800,500,True,False,"{'transform_func': <function transform_X at 0x770b545fb370>, 'beta': array([1, 2, 3, 4]), 'uniform_range_x': [-2, 2]}",<function generate_sim_data at 0x770b1a6888b0>,1,2,"[{'n_iter': 200, 'patience': 100, 'input_size': 1, 'h_sizes': [40, 40]}]",[<class 'models.NueralNet'>],300,1,False,False,,,0.9,,,,,,,185,194,197,303,1.0,0.9390862944162437,0.9869281045751634,0.9966996699669967,naive_on_mean
0.9,800,500,True,False,"{'transform_func': <function transform_X at 0x770b545fb370>, 'beta': array([1, 2, 3, 4]), 'uniform_range_x': [-2, 2]}",<function generate_sim_data at 0x770b1a6888b0>,1,2,"[{'n_iter': 200, 'patience': 100, 'input_size': 1, 'h_sizes': [40, 40]}]",[<class 'models.NueralNet'>],300,1,False,True,True,True,0.9000000000000341,0.9666666666666667,0.6433333333333335,0.9000000000000341,0.9666666666666667,0.99,21.0,105,285,195,305,1.0,0.5384615384615384,1.0,0.7049180327868853,CS_on_y
0.9,800,500,True,False,"{'transform_func': <function transform_X at 0x770b545fb370>, 'beta': array([1, 2, 3, 4]), 'uniform_range_x': [-2, 2]}",<function generate_sim_data at 0x770b1a6888b0>,1,2,"[{'n_iter': 200, 'patience': 100, 'input_size': 1, 'h_sizes': [40, 40]}]",[<class 'models.NueralNet'>],300,1,False,False,,,0.9,,,,,,,154,226,195,305,1.0,0.7897435897435897,0.9854014598540146,0.8852459016393442,naive_on_y
0.9,800,500,True,False,"{'transform_func': <function transform_X at 0x770b545fb370>, 'beta': array([1, 2, 3, 4]), 'uniform_range_x': [-2, 2]}",<function generate_sim_data at 0x770b1a6888b0>,1,2,"[{'n_iter': 200, 'patience': 100, 'input_size': 1, 'h_sizes': [40, 40]}]",[<class 'models.NueralNet'>],300,1,False,True,False,True,0.9000000000000341,0.94,0.81,0.9000000000000341,0.94,0.9666666666666667,4.0,202,220,214,286,1.0,0.9439252336448598,1.0,0.9790209790209791,CS_on_mean
0.9,800,500,True,False,"{'transform_func': <function transform_X at 0x770b545fb370>, 'beta': array([1, 2, 3, 4]), 'uniform_range_x': [-2, 2]}",<function generate_sim_data at 0x770b1a6888b0>,1,2,"[{'n_iter': 200, 'patience': 100, 'input_size': 1, 'h_sizes': [40, 40]}]",[<class 'models.NueralNet'>],300,1,False,True,,,0.9,,,,,,,208,217,214,286,1.0,0.9719626168224299,1.0,0.9895104895104895,naive_on_mean
0.9,800,500,True,False,"{'transform_func': <function transform_X at 0x770b545fb370>, 'beta': array([1, 2, 3, 4]), 'uniform_range_x': [-2, 2]}",<function generate_sim_data at 0x770b1a6888b0>,1,2,"[{'n_iter': 200, 'patience': 100, 'input_size': 1, 'h_sizes': [40, 40]}]",[<class 'models.NueralNet'>],300,1,False,True,True,True,0.9000000000000341,0.96,0.31000000000000005,0.9000000000000341,0.96,0.9833333333333333,10.0,120,309,204,296,1.0,0.5882352941176471,1.0,0.6452702702702703,CS_on_y
0.9,800,500,True,False,"{'transform_func': <function transform_X at 0x770b545fb370>, 'beta': array([1, 2, 3, 4]), 'uniform_range_x': [-2, 2]}",<function generate_sim_data at 0x770b1a6888b0>,1,2,"[{'n_iter': 200, 'patience': 100, 'input_size': 1, 'h_sizes': [40, 40]}]",[<class 'models.NueralNet'>],300,1,False,False,,,0.9,,,,,,,169,254,204,296,0.9940828402366864,0.8235294117647058,1.0,0.8310810810810811,naive_on_y
0.9,800,500,True,False,"{'transform_func': <function transform_X at 0x770b545fb370>, 'beta': array([1, 2, 3, 4]), 'uniform_range_x': [-2, 2]}",<function generate_sim_data at 0x770b1a6888b0>,1,2,"[{'n_iter': 200, 'patience': 100, 'input_size': 1, 'h_sizes': [40, 40]}]",[<class 'models.NueralNet'>],300,1,False,True,False,True,0.9000000000000341,0.9733333333333334,0.78,0.9000000000000341,0.9733333333333334,0.9766666666666667,3.0,192,214,201,299,1.0,0.9552238805970149,1.0,0.9565217391304348,CS_on_mean
0.9,800,500,True,False,"{'transform_func': <function transform_X at 0x770b545fb370>, 'beta': array([1, 2, 3, 4]), 'uniform_range_x': [-2, 2]}",<function generate_sim_data at 0x770b1a6888b0>,1,2,"[{'n_iter': 200, 'patience': 100, 'input_size': 1, 'h_sizes': [40, 40]}]",[<class 'models.NueralNet'>],300,1,False,True,,,0.9,,,,,,,198,212,201,299,1.0,0.9850746268656716,1.0,0.9632107023411371,naive_on_mean
0.9,800,500,True,False,"{'transform_func': <function transform_X at 0x770b545fb370>, 'beta': array([1, 2, 3, 4]), 'uniform_range_x': [-2, 2]}",<function generate_sim_data at 0x770b1a6888b0>,1,2,"[{'n_iter': 200, 'patience': 100, 'input_size': 1, 'h_sizes': [40, 40]}]",[<class 'models.NueralNet'>],300,1,False,True,True,True,0.9000000000000341,0.95,0.6733333333333333,0.9000000000000341,0.95,0.9966666666666667,14.0,123,290,205,295,1.0,0.6,1.0,0.711864406779661,CS_on_y
0.9,800,500,True,False,"{'transform_func': <function transform_X at 0x770b545fb370>, 'beta': array([1, 2, 3, 4]), 'uniform_range_x': [-2, 2]}",<function generate_sim_data at 0x770b1a6888b0>,1,2,"[{'n_iter': 200, 'patience': 100, 'input_size': 1, 'h_sizes': [40, 40]}]",[<class 'models.NueralNet'>],300,1,False,False,,,0.9,,,,,,,164,240,205,295,1.0,0.8,0.9961538461538462,0.8779661016949153,naive_on_y
0.9,800,500,True,False,"{'transform_func': <function transform_X at 0x770b545fb370>, 'beta': array([1, 2, 3, 4]), 'uniform_range_x': [-2, 2]}",<function generate_sim_data at 0x770b1a6888b0>,1,2,"[{'n_iter': 200, 'patience': 100, 'input_size': 1, 'h_sizes': [40, 40]}]",[<class 'models.NueralNet'>],300,1,False,True,False,True,0.9000000000000341,0.9533333333333334,0.7966666666666669,0.9000000000000341,0.9533333333333334,0.95,4.0,202,218,209,291,1.0,0.9665071770334929,1.0,0.9690721649484536,CS_on_mean
0.9,800,500,True,False,"{'transform_func': <function transform_X at 0x770b545fb370>, 'beta': array([1, 2, 3, 4]), 'uniform_range_x': [-2, 2]}",<function generate_sim_data at 0x770b1a6888b0>,1,2,"[{'n_iter': 200, 'patience': 100, 'input_size': 1, 'h_sizes': [40, 40]}]",[<class 'models.NueralNet'>],300,1,False,True,,,0.9,,,,,,,206,214,209,291,1.0,0.9856459330143541,1.0,0.9828178694158075,naive_on_mean
0.9,800,500,True,False,"{'transform_func': <function transform_X at 0x770b545fb370>, 'beta': array([1, 2, 3, 4]), 'uniform_range_x': [-2, 2]}",<function generate_sim_data at 0x770b1a6888b0>,1,2,"[{'n_iter': 200, 'patience': 100, 'input_size': 1, 'h_sizes': [40, 40]}]",[<class 'models.NueralNet'>],300,1,False,True,True,True,0.9000000000000341,0.9633333333333334,0.73,0.9000000000000341,0.9633333333333334,0.9966666666666667,38.0,125,305,208,292,1.0,0.6009615384615384,1.0,0.6678082191780822,CS_on_y
0.9,800,500,True,False,"{'transform_func': <function transform_X at 0x770b545fb370>, 'beta': array([1, 2, 3, 4]), 'uniform_range_x': [-2, 2]}",<function generate_sim_data at 0x770b1a6888b0>,1,2,"[{'n_iter': 200, 'patience': 100, 'input_size': 1, 'h_sizes': [40, 40]}]",[<class 'models.NueralNet'>],300,1,False,False,,,0.9,,,,,,,169,254,208,292,1.0,0.8125,0.9959349593495935,0.839041095890411,naive_on_y
0.9,800,500,True,False,"{'transform_func': <function transform_X at 0x770b545fb370>, 'beta': array([1, 2, 3, 4]), 'uniform_range_x': [-2, 2]}",<function generate_sim_data at 0x770b1a6888b0>,1,2,"[{'n_iter': 200, 'patience': 100, 'input_size': 1, 'h_sizes': [40, 40]}]",[<class 'models.NueralNet'>],300,1,False,False,False,True,0.9000000000000341,0.9433333333333334,0.7466666666666666,0.9000000000000341,0.9433333333333334,0.9533333333333334,4.0,200,214,214,286,1.0,0.9345794392523364,0.9965034965034965,0.9965034965034965,CS_on_mean
0.9,800,500,True,False,"{'transform_func': <function transform_X at 0x770b545fb370>, 'beta': array([1, 2, 3, 4]), 'uniform_range_x': [-2, 2]}",<function generate_sim_data at 0x770b1a6888b0>,1,2,"[{'n_iter': 200, 'patience': 100, 'input_size': 1, 'h_sizes': [40, 40]}]",[<class 'models.NueralNet'>],300,1,False,False,,,0.9,,,,,,,204,212,214,286,1.0,0.9532710280373832,0.9930555555555556,1.0,naive_on_mean
0.9,800,500,True,False,"{'transform_func': <function transform_X at 0x770b545fb370>, 'beta': array([1, 2, 3, 4]), 'uniform_range_x': [-2, 2]}",<function generate_sim_data at 0x770b1a6888b0>,1,2,"[{'n_iter': 200, 'patience': 100, 'input_size': 1, 'h_sizes': [40, 40]}]",[<class 'models.NueralNet'>],300,1,False,True,True,True,0.9000000000000341,0.9733333333333334,0.7666666666666666,0.9000000000000341,0.9733333333333334,0.9933333333333333,37.0,105,385,215,285,1.0,0.4883720930232558,1.0,0.4035087719298246,CS_on_y
0.9,800,500,True,False,"{'transform_func': <function transform_X at 0x770b545fb370>, 'beta': array([1, 2, 3, 4]), 'uniform_range_x': [-2, 2]}",<function generate_sim_data at 0x770b1a6888b0>,1,2,"[{'n_iter': 200, 'patience': 100, 'input_size': 1, 'h_sizes': [40, 40]}]",[<class 'models.NueralNet'>],300,1,False,False,,,0.9,,,,,,,158,261,215,285,1.0,0.7348837209302326,0.99581589958159,0.8350877192982455,naive_on_y
0.9,800,500,True,False,"{'transform_func': <function transform_X at 0x770b545fb370>, 'beta': array([1, 2, 3, 4]), 'uniform_range_x': [-2, 2]}",<function generate_sim_data at 0x770b1a6888b0>,1,2,"[{'n_iter': 200, 'patience': 100, 'input_size': 1, 'h_sizes': [40, 40]}]",[<class 'models.NueralNet'>],300,1,False,False,False,True,0.9000000000000341,0.95,0.8033333333333332,0.9000000000000341,0.95,0.9433333333333334,3.0,193,202,201,299,1.0,0.9601990049751243,0.9798657718120806,0.9765886287625418,CS_on_mean
0.9,800,500,True,False,"{'transform_func': <function transform_X at 0x770b545fb370>, 'beta': array([1, 2, 3, 4]), 'uniform_range_x': [-2, 2]}",<function generate_sim_data at 0x770b1a6888b0>,1,2,"[{'n_iter': 200, 'patience': 100, 'input_size': 1, 'h_sizes': [40, 40]}]",[<class 'models.NueralNet'>],300,1,False,False,,,0.9,,,,,,,190,197,201,299,1.0,0.945273631840796,0.9801980198019802,0.9933110367892977,naive_on_mean
0.9,800,500,True,False,"{'transform_func': <function transform_X at 0x770b545fb370>, 'beta': array([1, 2, 3, 4]), 'uniform_range_x': [-2, 2]}",<function generate_sim_data at 0x770b1a6888b0>,1,2,"[{'n_iter': 200, 'patience': 100, 'input_size': 1, 'h_sizes': [40, 40]}]",[<class 'models.NueralNet'>],300,1,False,True,True,True,0.9000000000000341,0.96,0.5133333333333332,0.9000000000000341,0.96,0.9866666666666667,14.0,109,302,203,297,1.0,0.5369458128078818,1.0,0.6666666666666667,CS_on_y
0.9,800,500,True,False,"{'transform_func': <function transform_X at 0x770b545fb370>, 'beta': array([1, 2, 3, 4]), 'uniform_range_x': [-2, 2]}",<function generate_sim_data at 0x770b1a6888b0>,1,2,"[{'n_iter': 200, 'patience': 100, 'input_size': 1, 'h_sizes': [40, 40]}]",[<class 'models.NueralNet'>],300,1,False,False,,,0.9,,,,,,,160,243,203,297,0.99375,0.7832512315270936,0.9922178988326849,0.8585858585858586,naive_on_y
0.9,800,500,True,False,"{'transform_func': <function transform_X at 0x770b545fb370>, 'beta': array([1, 2, 3, 4]), 'uniform_range_x': [-2, 2]}",<function generate_sim_data at 0x770b1a6888b0>,1,2,"[{'n_iter': 200, 'patience': 100, 'input_size': 1, 'h_sizes': [40, 40]}]",[<class 'models.NueralNet'>],300,1,False,False,False,False,0.9000000000000341,0.9433333333333334,0.7633333333333332,0.9000000000000341,0.9433333333333334,0.97,5.0,173,195,197,303,1.0,0.8781725888324873,0.9836065573770492,0.9900990099009901,CS_on_mean
0.9,800,500,True,False,"{'transform_func': <function transform_X at 0x770b545fb370>, 'beta': array([1, 2, 3, 4]), 'uniform_range_x': [-2, 2]}",<function generate_sim_data at 0x770b1a6888b0>,1,2,"[{'n_iter': 200, 'patience': 100, 'input_size': 1, 'h_sizes': [40, 40]}]",[<class 'models.NueralNet'>],300,1,False,False,,,0.9,,,,,,,181,195,197,303,1.0,0.9187817258883249,0.9901639344262295,0.9966996699669967,naive_on_mean
0.9,800,500,True,False,"{'transform_func': <function transform_X at 0x770b545fb370>, 'beta': array([1, 2, 3, 4]), 'uniform_range_x': [-2, 2]}",<function generate_sim_data at 0x770b1a6888b0>,1,2,"[{'n_iter': 200, 'patience': 100, 'input_size': 1, 'h_sizes': [40, 40]}]",[<class 'models.NueralNet'>],300,1,False,True,True,True,0.9000000000000341,0.96,0.8,0.9000000000000341,0.96,0.9966666666666667,57.0,95,298,192,308,1.0,0.49479166666666663,1.0,0.6558441558441559,CS_on_y
0.9,800,500,True,False,"{'transform_func': <function transform_X at 0x770b545fb370>, 'beta': array([1, 2, 3, 4]), 'uniform_range_x': [-2, 2]}",<function generate_sim_data at 0x770b1a6888b0>,1,2,"[{'n_iter': 200, 'patience': 100, 'input_size': 1, 'h_sizes': [40, 40]}]",[<class 'models.NueralNet'>],300,1,False,False,,,0.9,,,,,,,143,242,192,308,0.993006993006993,0.7395833333333333,0.9922480620155039,0.8311688311688312,naive_on_y
0.9,800,500,True,False,"{'transform_func': <function transform_X at 0x770b545fb370>, 'beta': array([1, 2, 3, 4]), 'uniform_range_x': [-2, 2]}",<function generate_sim_data at 0x770b1a6888b0>,1,2,"[{'n_iter': 200, 'patience': 100, 'input_size': 1, 'h_sizes': [40, 40]}]",[<class 'models.NueralNet'>],300,1,False,True,False,True,0.9000000000000341,0.9666666666666667,0.7333333333333334,0.9000000000000341,0.9666666666666667,0.96,1.0,210,217,216,284,1.0,0.9722222222222222,1.0,0.9964788732394366,CS_on_mean
0.9,800,500,True,False,"{'transform_func': <function transform_X at 0x770b545fb370>, 'beta': array([1, 2, 3, 4]), 'uniform_range_x': [-2, 2]}",<function generate_sim_data at 0x770b1a6888b0>,1,2,"[{'n_iter': 200, 'patience': 100, 'input_size': 1, 'h_sizes': [40, 40]}]",[<class 'models.NueralNet'>],300,1,False,True,,,0.9,,,,,,,213,217,216,284,1.0,0.9861111111111112,1.0,0.9964788732394366,naive_on_mean
0.9,800,500,True,False,"{'transform_func': <function transform_X at 0x770b545fb370>, 'beta': array([1, 2, 3, 4]), 'uniform_range_x': [-2, 2]}",<function generate_sim_data at 0x770b1a6888b0>,1,2,"[{'n_iter': 200, 'patience': 100, 'input_size': 1, 'h_sizes': [40, 40]}]",[<class 'models.NueralNet'>],300,1,False,False,True,True,0.9000000000000341,0.96,0.3766666666666667,0.9000000000000341,0.96,0.9833333333333333,9.0,139,301,220,280,0.9928057553956835,0.6272727272727272,1.0,0.7107142857142856,CS_on_y
0.9,800,500,True,False,"{'transform_func': <function transform_X at 0x770b545fb370>, 'beta': array([1, 2, 3, 4]), 'uniform_range_x': [-2, 2]}",<function generate_sim_data at 0x770b1a6888b0>,1,2,"[{'n_iter': 200, 'patience': 100, 'input_size': 1, 'h_sizes': [40, 40]}]",[<class 'models.NueralNet'>],300,1,False,False,,,0.9,,,,,,,183,252,220,280,0.9890710382513661,0.8227272727272728,0.9959677419354839,0.8821428571428571,naive_on_y
0.9,800,500,True,False,"{'transform_func': <function transform_X at 0x770b545fb370>, 'beta': array([1, 2, 3, 4]), 'uniform_range_x': [-2, 2]}",<function generate_sim_data at 0x770b1a6888b0>,1,2,"[{'n_iter': 200, 'patience': 100, 'input_size': 1, 'h_sizes': [40, 40]}]",[<class 'models.NueralNet'>],300,1,False,True,True,True,0.9000000000000341,0.9333333333333333,0.73,0.9000000000000341,0.9333333333333333,0.9533333333333334,3.0,194,211,210,290,1.0,0.9238095238095239,1.0,0.996551724137931,CS_on_mean
0.9,800,500,True,False,"{'transform_func': <function transform_X at 0x770b545fb370>, 'beta': array([1, 2, 3, 4]), 'uniform_range_x': [-2, 2]}",<function generate_sim_data at 0x770b1a6888b0>,1,2,"[{'n_iter': 200, 'patience': 100, 'input_size': 1, 'h_sizes': [40, 40]}]",[<class 'models.NueralNet'>],300,1,False,True,,,0.9,,,,,,,201,211,210,290,1.0,0.9571428571428572,1.0,0.996551724137931,naive_on_mean
0.9,800,500,True,False,"{'transform_func': <function transform_X at 0x770b545fb370>, 'beta': array([1, 2, 3, 4]), 'uniform_range_x': [-2, 2]}",<function generate_sim_data at 0x770b1a6888b0>,1,2,"[{'n_iter': 200, 'patience': 100, 'input_size': 1, 'h_sizes': [40, 40]}]",[<class 'models.NueralNet'>],300,1,False,True,True,True,0.9000000000000341,0.9533333333333334,0.7166666666666668,0.9000000000000341,0.9533333333333334,1.0,43.0,104,306,211,289,1.0,0.4928909952606635,1.0,0.6712802768166091,CS_on_y
0.9,800,500,True,False,"{'transform_func': <function transform_X at 0x770b545fb370>, 'beta': array([1, 2, 3, 4]), 'uniform_range_x': [-2, 2]}",<function generate_sim_data at 0x770b1a6888b0>,1,2,"[{'n_iter': 200, 'patience': 100, 'input_size': 1, 'h_sizes': [40, 40]}]",[<class 'models.NueralNet'>],300,1,False,False,,,0.9,,,,,,,167,248,211,289,0.9880239520958084,0.7819905213270142,1.0,0.8719723183391004,naive_on_y
0.6,100,500,True,False,"{'transform_func': <function transform_X at 0x770b545fb370>, 'beta': array([1, 2, 3, 4]), 'uniform_range_x': [-2, 2]}",<function generate_sim_data at 0x770b1a6888b0>,1,2,"[{'n_iter': 200, 'patience': 100, 'input_size': 1, 'h_sizes': [40, 40]}]",[<class 'models.NueralNet'>],300,1,False,True,True,True,0.6000000000000796,0.85,0.44333333333333336,0.6000000000000796,0.85,0.8966666666666666,6.0,186,220,209,291,1.0,0.8899521531100478,1.0,0.9621993127147767,CS_on_mean
0.6,100,500,True,False,"{'transform_func': <function transform_X at 0x770b545fb370>, 'beta': array([1, 2, 3, 4]), 'uniform_range_x': [-2, 2]}",<function generate_sim_data at 0x770b1a6888b0>,1,2,"[{'n_iter': 200, 'patience': 100, 'input_size': 1, 'h_sizes': [40, 40]}]",[<class 'models.NueralNet'>],300,1,False,False,,,0.6,,,,,,,201,206,209,291,1.0,0.9617224880382775,0.9897959183673469,1.0,naive_on_mean
0.6,100,500,True,False,"{'transform_func': <function transform_X at 0x770b545fb370>, 'beta': array([1, 2, 3, 4]), 'uniform_range_x': [-2, 2]}",<function generate_sim_data at 0x770b1a6888b0>,1,2,"[{'n_iter': 200, 'patience': 100, 'input_size': 1, 'h_sizes': [40, 40]}]",[<class 'models.NueralNet'>],300,1,False,True,True,True,0.6000000000000227,0.8766666666666667,0.45666666666666655,0.6000000000000227,0.8766666666666667,0.97,21.0,88,383,203,297,1.0,0.43349753694581283,1.0,0.3939393939393939,CS_on_y
0.6,100,500,True,False,"{'transform_func': <function transform_X at 0x770b545fb370>, 'beta': array([1, 2, 3, 4]), 'uniform_range_x': [-2, 2]}",<function generate_sim_data at 0x770b1a6888b0>,1,2,"[{'n_iter': 200, 'patience': 100, 'input_size': 1, 'h_sizes': [40, 40]}]",[<class 'models.NueralNet'>],300,1,False,False,,,0.6,,,,,,,192,209,203,297,0.9739583333333334,0.9211822660098522,0.979381443298969,0.9595959595959596,naive_on_y
0.6,100,500,True,False,"{'transform_func': <function transform_X at 0x770b545fb370>, 'beta': array([1, 2, 3, 4]), 'uniform_range_x': [-2, 2]}",<function generate_sim_data at 0x770b1a6888b0>,1,2,"[{'n_iter': 200, 'patience': 100, 'input_size': 1, 'h_sizes': [40, 40]}]",[<class 'models.NueralNet'>],300,1,False,True,True,True,0.5999999999999659,0.91,0.5933333333333333,0.5999999999999659,0.91,0.9533333333333334,11.0,173,223,209,291,1.0,0.8277511961722488,1.0,0.9518900343642611,CS_on_mean
0.6,100,500,True,False,"{'transform_func': <function transform_X at 0x770b545fb370>, 'beta': array([1, 2, 3, 4]), 'uniform_range_x': [-2, 2]}",<function generate_sim_data at 0x770b1a6888b0>,1,2,"[{'n_iter': 200, 'patience': 100, 'input_size': 1, 'h_sizes': [40, 40]}]",[<class 'models.NueralNet'>],300,1,False,False,,,0.6,,,,,,,199,207,209,291,0.9949748743718593,0.9473684210526316,0.9726962457337884,0.979381443298969,naive_on_mean
0.6,100,500,True,False,"{'transform_func': <function transform_X at 0x770b545fb370>, 'beta': array([1, 2, 3, 4]), 'uniform_range_x': [-2, 2]}",<function generate_sim_data at 0x770b1a6888b0>,1,2,"[{'n_iter': 200, 'patience': 100, 'input_size': 1, 'h_sizes': [40, 40]}]",[<class 'models.NueralNet'>],300,1,False,True,True,True,0.5999999999999659,0.8866666666666667,0.27333333333333343,0.5999999999999659,0.8866666666666667,0.97,22.0,99,360,199,301,1.0,0.4974874371859297,1.0,0.4651162790697675,CS_on_y
0.6,100,500,True,False,"{'transform_func': <function transform_X at 0x770b545fb370>, 'beta': array([1, 2, 3, 4]), 'uniform_range_x': [-2, 2]}",<function generate_sim_data at 0x770b1a6888b0>,1,2,"[{'n_iter': 200, 'patience': 100, 'input_size': 1, 'h_sizes': [40, 40]}]",[<class 'models.NueralNet'>],300,1,False,False,,,0.6,,,,,,,184,217,199,301,0.9565217391304348,0.8844221105527639,0.9752650176678446,0.9169435215946844,naive_on_y
0.6,100,500,True,False,"{'transform_func': <function transform_X at 0x770b545fb370>, 'beta': array([1, 2, 3, 4]), 'uniform_range_x': [-2, 2]}",<function generate_sim_data at 0x770b1a6888b0>,1,2,"[{'n_iter': 200, 'patience': 100, 'input_size': 1, 'h_sizes': [40, 40]}]",[<class 'models.NueralNet'>],300,1,False,True,True,True,0.6000000000000227,0.9233333333333333,0.5033333333333334,0.6000000000000227,0.9233333333333333,0.95,3.0,184,218,201,299,1.0,0.9154228855721394,1.0,0.9431438127090301,CS_on_mean
0.6,100,500,True,False,"{'transform_func': <function transform_X at 0x770b545fb370>, 'beta': array([1, 2, 3, 4]), 'uniform_range_x': [-2, 2]}",<function generate_sim_data at 0x770b1a6888b0>,1,2,"[{'n_iter': 200, 'patience': 100, 'input_size': 1, 'h_sizes': [40, 40]}]",[<class 'models.NueralNet'>],300,1,False,False,,,0.6,,,,,,,193,194,201,299,1.0,0.9601990049751243,0.9771241830065359,1.0,naive_on_mean
0.6,100,500,True,False,"{'transform_func': <function transform_X at 0x770b545fb370>, 'beta': array([1, 2, 3, 4]), 'uniform_range_x': [-2, 2]}",<function generate_sim_data at 0x770b1a6888b0>,1,2,"[{'n_iter': 200, 'patience': 100, 'input_size': 1, 'h_sizes': [40, 40]}]",[<class 'models.NueralNet'>],300,1,False,True,True,True,0.6000000000000227,0.8533333333333334,0.4666666666666668,0.6000000000000227,0.8533333333333334,0.99,59.0,89,310,200,300,1.0,0.44499999999999995,1.0,0.6333333333333333,CS_on_y
0.6,100,500,True,False,"{'transform_func': <function transform_X at 0x770b545fb370>, 'beta': array([1, 2, 3, 4]), 'uniform_range_x': [-2, 2]}",<function generate_sim_data at 0x770b1a6888b0>,1,2,"[{'n_iter': 200, 'patience': 100, 'input_size': 1, 'h_sizes': [40, 40]}]",[<class 'models.NueralNet'>],300,1,False,False,,,0.6,,,,,,,182,200,200,300,0.967032967032967,0.88,0.95,0.95,naive_on_y
0.6,100,500,True,False,"{'transform_func': <function transform_X at 0x770b545fb370>, 'beta': array([1, 2, 3, 4]), 'uniform_range_x': [-2, 2]}",<function generate_sim_data at 0x770b1a6888b0>,1,2,"[{'n_iter': 200, 'patience': 100, 'input_size': 1, 'h_sizes': [40, 40]}]",[<class 'models.NueralNet'>],300,1,False,False,True,True,0.5999999999999659,0.87,0.41333333333333333,0.5999999999999659,0.87,0.9166666666666666,13.0,192,227,218,282,1.0,0.8807339449541285,0.9926739926739927,0.9609929078014184,CS_on_mean
0.6,100,500,True,False,"{'transform_func': <function transform_X at 0x770b545fb370>, 'beta': array([1, 2, 3, 4]), 'uniform_range_x': [-2, 2]}",<function generate_sim_data at 0x770b1a6888b0>,1,2,"[{'n_iter': 200, 'patience': 100, 'input_size': 1, 'h_sizes': [40, 40]}]",[<class 'models.NueralNet'>],300,1,False,False,,,0.6,,,,,,,212,216,218,282,0.9858490566037735,0.9587155963302753,0.9788732394366197,0.9858156028368794,naive_on_mean
0.6,100,500,True,False,"{'transform_func': <function transform_X at 0x770b545fb370>, 'beta': array([1, 2, 3, 4]), 'uniform_range_x': [-2, 2]}",<function generate_sim_data at 0x770b1a6888b0>,1,2,"[{'n_iter': 200, 'patience': 100, 'input_size': 1, 'h_sizes': [40, 40]}]",[<class 'models.NueralNet'>],300,1,False,True,True,True,0.6000000000000227,0.8533333333333334,0.20000000000000018,0.6000000000000227,0.8533333333333334,0.96,14.0,118,295,215,285,1.0,0.5488372093023256,1.0,0.7192982456140351,CS_on_y
0.6,100,500,True,False,"{'transform_func': <function transform_X at 0x770b545fb370>, 'beta': array([1, 2, 3, 4]), 'uniform_range_x': [-2, 2]}",<function generate_sim_data at 0x770b1a6888b0>,1,2,"[{'n_iter': 200, 'patience': 100, 'input_size': 1, 'h_sizes': [40, 40]}]",[<class 'models.NueralNet'>],300,1,False,False,,,0.6,,,,,,,205,223,215,285,0.9707317073170731,0.9255813953488372,0.9711191335740073,0.9438596491228071,naive_on_y
0.6,100,500,True,False,"{'transform_func': <function transform_X at 0x770b545fb370>, 'beta': array([1, 2, 3, 4]), 'uniform_range_x': [-2, 2]}",<function generate_sim_data at 0x770b1a6888b0>,1,2,"[{'n_iter': 200, 'patience': 100, 'input_size': 1, 'h_sizes': [40, 40]}]",[<class 'models.NueralNet'>],300,1,False,True,True,True,0.6000000000000796,0.8366666666666667,0.47,0.6000000000000796,0.8366666666666667,0.9033333333333333,5.0,185,213,208,292,1.0,0.8894230769230769,1.0,0.9828767123287672,CS_on_mean
0.6,100,500,True,False,"{'transform_func': <function transform_X at 0x770b545fb370>, 'beta': array([1, 2, 3, 4]), 'uniform_range_x': [-2, 2]}",<function generate_sim_data at 0x770b1a6888b0>,1,2,"[{'n_iter': 200, 'patience': 100, 'input_size': 1, 'h_sizes': [40, 40]}]",[<class 'models.NueralNet'>],300,1,False,False,,,0.6,,,,,,,194,198,208,292,1.0,0.9326923076923077,0.9635761589403974,0.9965753424657534,naive_on_mean
0.6,100,500,True,False,"{'transform_func': <function transform_X at 0x770b545fb370>, 'beta': array([1, 2, 3, 4]), 'uniform_range_x': [-2, 2]}",<function generate_sim_data at 0x770b1a6888b0>,1,2,"[{'n_iter': 200, 'patience': 100, 'input_size': 1, 'h_sizes': [40, 40]}]",[<class 'models.NueralNet'>],300,1,False,True,True,True,0.6000000000000227,0.8533333333333334,0.2633333333333334,0.6000000000000227,0.8533333333333334,0.97,32.0,128,285,211,289,1.0,0.6066350710900474,1.0,0.7439446366782008,CS_on_y
0.6,100,500,True,False,"{'transform_func': <function transform_X at 0x770b545fb370>, 'beta': array([1, 2, 3, 4]), 'uniform_range_x': [-2, 2]}",<function generate_sim_data at 0x770b1a6888b0>,1,2,"[{'n_iter': 200, 'patience': 100, 'input_size': 1, 'h_sizes': [40, 40]}]",[<class 'models.NueralNet'>],300,1,False,False,,,0.6,,,,,,,188,207,211,289,0.9627659574468085,0.8578199052132701,0.9556313993174061,0.9688581314878892,naive_on_y
0.6,100,500,True,False,"{'transform_func': <function transform_X at 0x770b545fb370>, 'beta': array([1, 2, 3, 4]), 'uniform_range_x': [-2, 2]}",<function generate_sim_data at 0x770b1a6888b0>,1,2,"[{'n_iter': 200, 'patience': 100, 'input_size': 1, 'h_sizes': [40, 40]}]",[<class 'models.NueralNet'>],300,1,False,True,True,True,0.5999999999999659,0.8766666666666667,0.6099999999999999,0.5999999999999659,0.8766666666666667,0.9166666666666666,6.0,172,212,197,303,1.0,0.8730964467005076,1.0,0.9504950495049505,CS_on_mean
0.6,100,500,True,False,"{'transform_func': <function transform_X at 0x770b545fb370>, 'beta': array([1, 2, 3, 4]), 'uniform_range_x': [-2, 2]}",<function generate_sim_data at 0x770b1a6888b0>,1,2,"[{'n_iter': 200, 'patience': 100, 'input_size': 1, 'h_sizes': [40, 40]}]",[<class 'models.NueralNet'>],300,1,False,False,,,0.6,,,,,,,190,198,197,303,1.0,0.9644670050761421,0.9966887417218543,0.9933993399339934,naive_on_mean
0.6,100,500,True,False,"{'transform_func': <function transform_X at 0x770b545fb370>, 'beta': array([1, 2, 3, 4]), 'uniform_range_x': [-2, 2]}",<function generate_sim_data at 0x770b1a6888b0>,1,2,"[{'n_iter': 200, 'patience': 100, 'input_size': 1, 'h_sizes': [40, 40]}]",[<class 'models.NueralNet'>],300,1,False,True,True,True,0.6000000000000227,0.8633333333333333,0.3766666666666665,0.6000000000000227,0.8633333333333333,0.9733333333333334,45.0,77,302,197,303,1.0,0.3908629441624365,1.0,0.6534653465346535,CS_on_y
0.6,100,500,True,False,"{'transform_func': <function transform_X at 0x770b545fb370>, 'beta': array([1, 2, 3, 4]), 'uniform_range_x': [-2, 2]}",<function generate_sim_data at 0x770b1a6888b0>,1,2,"[{'n_iter': 200, 'patience': 100, 'input_size': 1, 'h_sizes': [40, 40]}]",[<class 'models.NueralNet'>],300,1,False,False,,,0.6,,,,,,,178,202,197,303,0.9662921348314607,0.8730964467005076,0.9731543624161074,0.9570957095709571,naive_on_y
0.6,100,500,True,False,"{'transform_func': <function transform_X at 0x770b545fb370>, 'beta': array([1, 2, 3, 4]), 'uniform_range_x': [-2, 2]}",<function generate_sim_data at 0x770b1a6888b0>,1,2,"[{'n_iter': 200, 'patience': 100, 'input_size': 1, 'h_sizes': [40, 40]}]",[<class 'models.NueralNet'>],300,1,False,False,True,True,0.6000000000000227,0.9633333333333334,0.8866666666666667,0.6000000000000227,0.9633333333333334,0.97,10.0,143,207,187,313,1.0,0.7647058823529411,0.9931740614334471,0.9297124600638977,CS_on_mean
0.6,100,500,True,False,"{'transform_func': <function transform_X at 0x770b545fb370>, 'beta': array([1, 2, 3, 4]), 'uniform_range_x': [-2, 2]}",<function generate_sim_data at 0x770b1a6888b0>,1,2,"[{'n_iter': 200, 'patience': 100, 'input_size': 1, 'h_sizes': [40, 40]}]",[<class 'models.NueralNet'>],300,1,False,False,,,0.6,,,,,,,181,186,187,313,1.0,0.9679144385026738,0.9840764331210191,0.9872204472843451,naive_on_mean
0.6,100,500,True,False,"{'transform_func': <function transform_X at 0x770b545fb370>, 'beta': array([1, 2, 3, 4]), 'uniform_range_x': [-2, 2]}",<function generate_sim_data at 0x770b1a6888b0>,1,2,"[{'n_iter': 200, 'patience': 100, 'input_size': 1, 'h_sizes': [40, 40]}]",[<class 'models.NueralNet'>],300,1,False,True,True,True,0.6000000000000796,0.9333333333333333,0.6266666666666665,0.6000000000000796,0.9333333333333333,0.9833333333333333,33.0,76,286,197,303,1.0,0.3857868020304569,1.0,0.7062706270627063,CS_on_y
0.6,100,500,True,False,"{'transform_func': <function transform_X at 0x770b545fb370>, 'beta': array([1, 2, 3, 4]), 'uniform_range_x': [-2, 2]}",<function generate_sim_data at 0x770b1a6888b0>,1,2,"[{'n_iter': 200, 'patience': 100, 'input_size': 1, 'h_sizes': [40, 40]}]",[<class 'models.NueralNet'>],300,1,False,False,,,0.6,,,,,,,177,191,197,303,0.9774011299435028,0.8781725888324873,0.948220064724919,0.966996699669967,naive_on_y
0.6,100,500,True,False,"{'transform_func': <function transform_X at 0x770b545fb370>, 'beta': array([1, 2, 3, 4]), 'uniform_range_x': [-2, 2]}",<function generate_sim_data at 0x770b1a6888b0>,1,2,"[{'n_iter': 200, 'patience': 100, 'input_size': 1, 'h_sizes': [40, 40]}]",[<class 'models.NueralNet'>],300,1,False,True,True,True,0.5999999999999659,0.88,0.5366666666666666,0.5999999999999659,0.88,0.9266666666666666,7.0,178,208,198,302,1.0,0.898989898989899,1.0,0.9668874172185431,CS_on_mean
0.6,100,500,True,False,"{'transform_func': <function transform_X at 0x770b545fb370>, 'beta': array([1, 2, 3, 4]), 'uniform_range_x': [-2, 2]}",<function generate_sim_data at 0x770b1a6888b0>,1,2,"[{'n_iter': 200, 'patience': 100, 'input_size': 1, 'h_sizes': [40, 40]}]",[<class 'models.NueralNet'>],300,1,False,False,,,0.6,,,,,,,190,196,198,302,0.9894736842105263,0.9494949494949495,0.9868421052631579,0.9933774834437086,naive_on_mean
0.6,100,500,True,False,"{'transform_func': <function transform_X at 0x770b545fb370>, 'beta': array([1, 2, 3, 4]), 'uniform_range_x': [-2, 2]}",<function generate_sim_data at 0x770b1a6888b0>,1,2,"[{'n_iter': 200, 'patience': 100, 'input_size': 1, 'h_sizes': [40, 40]}]",[<class 'models.NueralNet'>],300,1,False,True,True,True,0.6000000000000227,0.86,0.3933333333333333,0.6000000000000227,0.86,0.97,41.0,94,310,187,313,1.0,0.5026737967914439,1.0,0.6070287539936102,CS_on_y
0.6,100,500,True,False,"{'transform_func': <function transform_X at 0x770b545fb370>, 'beta': array([1, 2, 3, 4]), 'uniform_range_x': [-2, 2]}",<function generate_sim_data at 0x770b1a6888b0>,1,2,"[{'n_iter': 200, 'patience': 100, 'input_size': 1, 'h_sizes': [40, 40]}]",[<class 'models.NueralNet'>],300,1,False,False,,,0.6,,,,,,,175,200,187,313,0.9428571428571428,0.8823529411764706,0.9733333333333334,0.9329073482428115,naive_on_y
0.6,100,500,True,False,"{'transform_func': <function transform_X at 0x770b545fb370>, 'beta': array([1, 2, 3, 4]), 'uniform_range_x': [-2, 2]}",<function generate_sim_data at 0x770b1a6888b0>,1,2,"[{'n_iter': 200, 'patience': 100, 'input_size': 1, 'h_sizes': [40, 40]}]",[<class 'models.NueralNet'>],300,1,False,False,True,True,0.5999999999999659,0.9033333333333333,0.4733333333333334,0.5999999999999659,0.9033333333333333,0.93,19.0,176,217,199,301,1.0,0.8844221105527639,0.9858657243816255,0.9269102990033222,CS_on_mean
0.6,100,500,True,False,"{'transform_func': <function transform_X at 0x770b545fb370>, 'beta': array([1, 2, 3, 4]), 'uniform_range_x': [-2, 2]}",<function generate_sim_data at 0x770b1a6888b0>,1,2,"[{'n_iter': 200, 'patience': 100, 'input_size': 1, 'h_sizes': [40, 40]}]",[<class 'models.NueralNet'>],300,1,False,False,,,0.6,,,,,,,186,193,199,301,0.9946236559139785,0.9296482412060302,0.9739413680781759,0.9933554817275747,naive_on_mean
0.6,100,500,True,False,"{'transform_func': <function transform_X at 0x770b545fb370>, 'beta': array([1, 2, 3, 4]), 'uniform_range_x': [-2, 2]}",<function generate_sim_data at 0x770b1a6888b0>,1,2,"[{'n_iter': 200, 'patience': 100, 'input_size': 1, 'h_sizes': [40, 40]}]",[<class 'models.NueralNet'>],300,1,False,True,True,True,0.5999999999999659,0.85,0.3799999999999999,0.5999999999999659,0.85,0.9833333333333333,23.0,114,305,205,295,1.0,0.5560975609756098,1.0,0.6610169491525424,CS_on_y
0.6,100,500,True,False,"{'transform_func': <function transform_X at 0x770b545fb370>, 'beta': array([1, 2, 3, 4]), 'uniform_range_x': [-2, 2]}",<function generate_sim_data at 0x770b1a6888b0>,1,2,"[{'n_iter': 200, 'patience': 100, 'input_size': 1, 'h_sizes': [40, 40]}]",[<class 'models.NueralNet'>],300,1,False,False,,,0.6,,,,,,,179,204,205,295,0.9720670391061452,0.848780487804878,0.9527027027027027,0.9559322033898305,naive_on_y
0.6,100,500,True,False,"{'transform_func': <function transform_X at 0x770b545fb370>, 'beta': array([1, 2, 3, 4]), 'uniform_range_x': [-2, 2]}",<function generate_sim_data at 0x770b1a6888b0>,1,2,"[{'n_iter': 200, 'patience': 100, 'input_size': 1, 'h_sizes': [40, 40]}]",[<class 'models.NueralNet'>],300,1,False,True,True,True,0.5999999999999659,0.8666666666666667,0.45999999999999996,0.5999999999999659,0.8666666666666667,0.9233333333333333,9.0,179,222,204,296,1.0,0.8774509803921569,1.0,0.9391891891891891,CS_on_mean
0.6,100,500,True,False,"{'transform_func': <function transform_X at 0x770b545fb370>, 'beta': array([1, 2, 3, 4]), 'uniform_range_x': [-2, 2]}",<function generate_sim_data at 0x770b1a6888b0>,1,2,"[{'n_iter': 200, 'patience': 100, 'input_size': 1, 'h_sizes': [40, 40]}]",[<class 'models.NueralNet'>],300,1,False,False,,,0.6,,,,,,,197,202,204,296,0.9949238578680203,0.9607843137254902,0.9832214765100671,0.9898648648648649,naive_on_mean
0.6,100,500,True,False,"{'transform_func': <function transform_X at 0x770b545fb370>, 'beta': array([1, 2, 3, 4]), 'uniform_range_x': [-2, 2]}",<function generate_sim_data at 0x770b1a6888b0>,1,2,"[{'n_iter': 200, 'patience': 100, 'input_size': 1, 'h_sizes': [40, 40]}]",[<class 'models.NueralNet'>],300,1,False,True,True,True,0.6000000000000227,0.8433333333333334,0.33666666666666667,0.6000000000000227,0.8433333333333334,0.9866666666666667,38.0,106,290,204,296,1.0,0.5196078431372548,1.0,0.7094594594594594,CS_on_y
0.6,100,500,True,False,"{'transform_func': <function transform_X at 0x770b545fb370>, 'beta': array([1, 2, 3, 4]), 'uniform_range_x': [-2, 2]}",<function generate_sim_data at 0x770b1a6888b0>,1,2,"[{'n_iter': 200, 'patience': 100, 'input_size': 1, 'h_sizes': [40, 40]}]",[<class 'models.NueralNet'>],300,1,False,False,,,0.6,,,,,,,187,210,204,296,0.9572192513368984,0.8774509803921569,0.9655172413793104,0.9459459459459459,naive_on_y
0.6,200,500,True,False,"{'transform_func': <function transform_X at 0x770b545fb370>, 'beta': array([1, 2, 3, 4]), 'uniform_range_x': [-2, 2]}",<function generate_sim_data at 0x770b1a6888b0>,1,2,"[{'n_iter': 200, 'patience': 100, 'input_size': 1, 'h_sizes': [40, 40]}]",[<class 'models.NueralNet'>],300,1,False,True,True,True,0.6000000000000227,0.86,0.3466666666666667,0.6000000000000227,0.86,0.8733333333333333,6.0,202,225,217,283,1.0,0.9308755760368663,1.0,0.9717314487632509,CS_on_mean
0.6,200,500,True,False,"{'transform_func': <function transform_X at 0x770b545fb370>, 'beta': array([1, 2, 3, 4]), 'uniform_range_x': [-2, 2]}",<function generate_sim_data at 0x770b1a6888b0>,1,2,"[{'n_iter': 200, 'patience': 100, 'input_size': 1, 'h_sizes': [40, 40]}]",[<class 'models.NueralNet'>],300,1,False,False,,,0.6,,,,,,,208,214,217,283,1.0,0.9585253456221198,0.9895104895104895,1.0,naive_on_mean
0.6,200,500,True,False,"{'transform_func': <function transform_X at 0x770b545fb370>, 'beta': array([1, 2, 3, 4]), 'uniform_range_x': [-2, 2]}",<function generate_sim_data at 0x770b1a6888b0>,1,2,"[{'n_iter': 200, 'patience': 100, 'input_size': 1, 'h_sizes': [40, 40]}]",[<class 'models.NueralNet'>],300,1,False,True,True,True,0.6000000000000227,0.86,0.32000000000000006,0.6000000000000227,0.86,0.9633333333333334,36.0,130,281,224,276,1.0,0.5803571428571428,1.0,0.7934782608695652,CS_on_y
0.6,200,500,True,False,"{'transform_func': <function transform_X at 0x770b545fb370>, 'beta': array([1, 2, 3, 4]), 'uniform_range_x': [-2, 2]}",<function generate_sim_data at 0x770b1a6888b0>,1,2,"[{'n_iter': 200, 'patience': 100, 'input_size': 1, 'h_sizes': [40, 40]}]",[<class 'models.NueralNet'>],300,1,False,False,,,0.6,,,,,,,203,221,224,276,0.9802955665024631,0.8883928571428571,0.9498207885304659,0.9601449275362319,naive_on_y
0.6,200,500,True,False,"{'transform_func': <function transform_X at 0x770b545fb370>, 'beta': array([1, 2, 3, 4]), 'uniform_range_x': [-2, 2]}",<function generate_sim_data at 0x770b1a6888b0>,1,2,"[{'n_iter': 200, 'patience': 100, 'input_size': 1, 'h_sizes': [40, 40]}]",[<class 'models.NueralNet'>],300,1,False,False,True,True,0.6000000000000227,0.8033333333333333,0.3700000000000001,0.6000000000000227,0.8033333333333333,0.95,12.0,188,219,216,284,1.0,0.8703703703703703,0.99644128113879,0.9859154929577465,CS_on_mean
0.6,200,500,True,False,"{'transform_func': <function transform_X at 0x770b545fb370>, 'beta': array([1, 2, 3, 4]), 'uniform_range_x': [-2, 2]}",<function generate_sim_data at 0x770b1a6888b0>,1,2,"[{'n_iter': 200, 'patience': 100, 'input_size': 1, 'h_sizes': [40, 40]}]",[<class 'models.NueralNet'>],300,1,False,False,,,0.6,,,,,,,208,214,216,284,1.0,0.962962962962963,0.993006993006993,1.0,naive_on_mean
0.6,200,500,True,False,"{'transform_func': <function transform_X at 0x770b545fb370>, 'beta': array([1, 2, 3, 4]), 'uniform_range_x': [-2, 2]}",<function generate_sim_data at 0x770b1a6888b0>,1,2,"[{'n_iter': 200, 'patience': 100, 'input_size': 1, 'h_sizes': [40, 40]}]",[<class 'models.NueralNet'>],300,1,False,True,True,True,0.599999999999909,0.8033333333333333,0.07333333333333325,0.599999999999909,0.8033333333333333,0.9766666666666667,21.0,105,302,213,287,1.0,0.49295774647887325,1.0,0.6898954703832753,CS_on_y
0.6,200,500,True,False,"{'transform_func': <function transform_X at 0x770b545fb370>, 'beta': array([1, 2, 3, 4]), 'uniform_range_x': [-2, 2]}",<function generate_sim_data at 0x770b1a6888b0>,1,2,"[{'n_iter': 200, 'patience': 100, 'input_size': 1, 'h_sizes': [40, 40]}]",[<class 'models.NueralNet'>],300,1,False,False,,,0.6,,,,,,,197,216,213,287,0.9593908629441624,0.8873239436619719,0.9647887323943662,0.9547038327526133,naive_on_y
0.6,200,500,True,False,"{'transform_func': <function transform_X at 0x770b545fb370>, 'beta': array([1, 2, 3, 4]), 'uniform_range_x': [-2, 2]}",<function generate_sim_data at 0x770b1a6888b0>,1,2,"[{'n_iter': 200, 'patience': 100, 'input_size': 1, 'h_sizes': [40, 40]}]",[<class 'models.NueralNet'>],300,1,False,False,True,True,0.6000000000000227,0.8433333333333334,0.32666666666666666,0.6000000000000227,0.8433333333333334,0.8633333333333333,14.0,169,196,185,315,1.0,0.9135135135135135,0.9967105263157895,0.9619047619047619,CS_on_mean
0.6,200,500,True,False,"{'transform_func': <function transform_X at 0x770b545fb370>, 'beta': array([1, 2, 3, 4]), 'uniform_range_x': [-2, 2]}",<function generate_sim_data at 0x770b1a6888b0>,1,2,"[{'n_iter': 200, 'patience': 100, 'input_size': 1, 'h_sizes': [40, 40]}]",[<class 'models.NueralNet'>],300,1,False,False,,,0.6,,,,,,,173,181,185,315,1.0,0.9351351351351351,0.9749216300940439,0.9873015873015873,naive_on_mean
0.6,200,500,True,False,"{'transform_func': <function transform_X at 0x770b545fb370>, 'beta': array([1, 2, 3, 4]), 'uniform_range_x': [-2, 2]}",<function generate_sim_data at 0x770b1a6888b0>,1,2,"[{'n_iter': 200, 'patience': 100, 'input_size': 1, 'h_sizes': [40, 40]}]",[<class 'models.NueralNet'>],300,1,False,True,True,True,0.5999999999999659,0.84,0.24333333333333318,0.5999999999999659,0.84,0.99,33.0,91,294,186,314,1.0,0.489247311827957,1.0,0.6560509554140128,CS_on_y
0.6,200,500,True,False,"{'transform_func': <function transform_X at 0x770b545fb370>, 'beta': array([1, 2, 3, 4]), 'uniform_range_x': [-2, 2]}",<function generate_sim_data at 0x770b1a6888b0>,1,2,"[{'n_iter': 200, 'patience': 100, 'input_size': 1, 'h_sizes': [40, 40]}]",[<class 'models.NueralNet'>],300,1,False,False,,,0.6,,,,,,,168,193,186,314,0.9583333333333334,0.8655913978494624,0.9641693811074918,0.9426751592356688,naive_on_y
0.6,200,500,True,False,"{'transform_func': <function transform_X at 0x770b545fb370>, 'beta': array([1, 2, 3, 4]), 'uniform_range_x': [-2, 2]}",<function generate_sim_data at 0x770b1a6888b0>,1,2,"[{'n_iter': 200, 'patience': 100, 'input_size': 1, 'h_sizes': [40, 40]}]",[<class 'models.NueralNet'>],300,1,False,True,True,True,0.6000000000000227,0.8266666666666667,0.4633333333333334,0.6000000000000227,0.8266666666666667,0.9066666666666666,7.0,202,217,212,288,1.0,0.9528301886792453,1.0,0.9826388888888888,CS_on_mean
0.6,200,500,True,False,"{'transform_func': <function transform_X at 0x770b545fb370>, 'beta': array([1, 2, 3, 4]), 'uniform_range_x': [-2, 2]}",<function generate_sim_data at 0x770b1a6888b0>,1,2,"[{'n_iter': 200, 'patience': 100, 'input_size': 1, 'h_sizes': [40, 40]}]",[<class 'models.NueralNet'>],300,1,False,False,,,0.6,,,,,,,211,214,212,288,0.995260663507109,0.9905660377358491,1.0,0.9930555555555556,naive_on_mean
0.6,200,500,True,False,"{'transform_func': <function transform_X at 0x770b545fb370>, 'beta': array([1, 2, 3, 4]), 'uniform_range_x': [-2, 2]}",<function generate_sim_data at 0x770b1a6888b0>,1,2,"[{'n_iter': 200, 'patience': 100, 'input_size': 1, 'h_sizes': [40, 40]}]",[<class 'models.NueralNet'>],300,1,False,True,True,True,0.5999999999999659,0.88,0.19666666666666677,0.5999999999999659,0.88,0.9666666666666667,22.0,122,288,201,299,1.0,0.6069651741293532,1.0,0.7090301003344481,CS_on_y
0.6,200,500,True,False,"{'transform_func': <function transform_X at 0x770b545fb370>, 'beta': array([1, 2, 3, 4]), 'uniform_range_x': [-2, 2]}",<function generate_sim_data at 0x770b1a6888b0>,1,2,"[{'n_iter': 200, 'patience': 100, 'input_size': 1, 'h_sizes': [40, 40]}]",[<class 'models.NueralNet'>],300,1,False,False,,,0.6,,,,,,,204,218,201,299,0.9313725490196079,0.945273631840796,0.9787234042553191,0.9230769230769231,naive_on_y
0.6,200,500,True,False,"{'transform_func': <function transform_X at 0x770b545fb370>, 'beta': array([1, 2, 3, 4]), 'uniform_range_x': [-2, 2]}",<function generate_sim_data at 0x770b1a6888b0>,1,2,"[{'n_iter': 200, 'patience': 100, 'input_size': 1, 'h_sizes': [40, 40]}]",[<class 'models.NueralNet'>],300,1,False,True,True,True,0.6000000000000227,0.9066666666666666,0.6766666666666667,0.6000000000000227,0.9066666666666666,0.9433333333333334,7.0,189,210,201,299,1.0,0.9402985074626866,1.0,0.9698996655518395,CS_on_mean
0.6,200,500,True,False,"{'transform_func': <function transform_X at 0x770b545fb370>, 'beta': array([1, 2, 3, 4]), 'uniform_range_x': [-2, 2]}",<function generate_sim_data at 0x770b1a6888b0>,1,2,"[{'n_iter': 200, 'patience': 100, 'input_size': 1, 'h_sizes': [40, 40]}]",[<class 'models.NueralNet'>],300,1,False,False,,,0.6,,,,,,,198,199,201,299,0.9949494949494949,0.9800995024875622,0.9900332225913622,0.9966555183946488,naive_on_mean
0.6,200,500,True,False,"{'transform_func': <function transform_X at 0x770b545fb370>, 'beta': array([1, 2, 3, 4]), 'uniform_range_x': [-2, 2]}",<function generate_sim_data at 0x770b1a6888b0>,1,2,"[{'n_iter': 200, 'patience': 100, 'input_size': 1, 'h_sizes': [40, 40]}]",[<class 'models.NueralNet'>],300,1,False,True,False,True,0.5999999999999659,0.8833333333333333,0.18999999999999995,0.5999999999999659,0.8833333333333333,0.9766666666666667,19.0,132,284,197,303,1.0,0.6700507614213198,1.0,0.7128712871287128,CS_on_y
0.6,200,500,True,False,"{'transform_func': <function transform_X at 0x770b545fb370>, 'beta': array([1, 2, 3, 4]), 'uniform_range_x': [-2, 2]}",<function generate_sim_data at 0x770b1a6888b0>,1,2,"[{'n_iter': 200, 'patience': 100, 'input_size': 1, 'h_sizes': [40, 40]}]",[<class 'models.NueralNet'>],300,1,False,False,,,0.6,,,,,,,188,203,197,303,0.9680851063829787,0.9238578680203046,0.9764309764309764,0.9570957095709571,naive_on_y
0.6,200,500,True,False,"{'transform_func': <function transform_X at 0x770b545fb370>, 'beta': array([1, 2, 3, 4]), 'uniform_range_x': [-2, 2]}",<function generate_sim_data at 0x770b1a6888b0>,1,2,"[{'n_iter': 200, 'patience': 100, 'input_size': 1, 'h_sizes': [40, 40]}]",[<class 'models.NueralNet'>],300,1,False,True,True,True,0.5999999999999659,0.83,0.33000000000000007,0.5999999999999659,0.83,0.8966666666666666,5.0,199,224,219,281,1.0,0.908675799086758,1.0,0.9822064056939501,CS_on_mean
0.6,200,500,True,False,"{'transform_func': <function transform_X at 0x770b545fb370>, 'beta': array([1, 2, 3, 4]), 'uniform_range_x': [-2, 2]}",<function generate_sim_data at 0x770b1a6888b0>,1,2,"[{'n_iter': 200, 'patience': 100, 'input_size': 1, 'h_sizes': [40, 40]}]",[<class 'models.NueralNet'>],300,1,False,False,,,0.6,,,,,,,209,213,219,281,1.0,0.954337899543379,0.9790940766550522,1.0,naive_on_mean
0.6,200,500,True,False,"{'transform_func': <function transform_X at 0x770b545fb370>, 'beta': array([1, 2, 3, 4]), 'uniform_range_x': [-2, 2]}",<function generate_sim_data at 0x770b1a6888b0>,1,2,"[{'n_iter': 200, 'patience': 100, 'input_size': 1, 'h_sizes': [40, 40]}]",[<class 'models.NueralNet'>],300,1,False,True,True,True,0.5999999999999659,0.88,0.31999999999999984,0.5999999999999659,0.88,0.98,36.0,114,292,223,277,1.0,0.5112107623318385,1.0,0.7509025270758123,CS_on_y
0.6,200,500,True,False,"{'transform_func': <function transform_X at 0x770b545fb370>, 'beta': array([1, 2, 3, 4]), 'uniform_range_x': [-2, 2]}",<function generate_sim_data at 0x770b1a6888b0>,1,2,"[{'n_iter': 200, 'patience': 100, 'input_size': 1, 'h_sizes': [40, 40]}]",[<class 'models.NueralNet'>],300,1,False,False,,,0.6,,,,,,,201,216,223,277,0.9751243781094527,0.8789237668161435,0.9507042253521126,0.9747292418772563,naive_on_y
0.6,200,500,True,False,"{'transform_func': <function transform_X at 0x770b545fb370>, 'beta': array([1, 2, 3, 4]), 'uniform_range_x': [-2, 2]}",<function generate_sim_data at 0x770b1a6888b0>,1,2,"[{'n_iter': 200, 'patience': 100, 'input_size': 1, 'h_sizes': [40, 40]}]",[<class 'models.NueralNet'>],300,1,False,True,True,True,0.6000000000000796,0.85,0.44666666666666677,0.6000000000000796,0.85,0.92,13.0,200,222,214,286,1.0,0.9345794392523364,1.0,0.972027972027972,CS_on_mean
0.6,200,500,True,False,"{'transform_func': <function transform_X at 0x770b545fb370>, 'beta': array([1, 2, 3, 4]), 'uniform_range_x': [-2, 2]}",<function generate_sim_data at 0x770b1a6888b0>,1,2,"[{'n_iter': 200, 'patience': 100, 'input_size': 1, 'h_sizes': [40, 40]}]",[<class 'models.NueralNet'>],300,1,False,False,,,0.6,,,,,,,212,216,214,286,0.9905660377358491,0.9813084112149533,1.0,0.993006993006993,naive_on_mean
0.6,200,500,True,False,"{'transform_func': <function transform_X at 0x770b545fb370>, 'beta': array([1, 2, 3, 4]), 'uniform_range_x': [-2, 2]}",<function generate_sim_data at 0x770b1a6888b0>,1,2,"[{'n_iter': 200, 'patience': 100, 'input_size': 1, 'h_sizes': [40, 40]}]",[<class 'models.NueralNet'>],300,1,False,True,True,True,0.6000000000000227,0.8666666666666667,0.3533333333333333,0.6000000000000227,0.8666666666666667,0.98,37.0,128,368,212,288,1.0,0.6037735849056604,1.0,0.45833333333333337,CS_on_y
0.6,200,500,True,False,"{'transform_func': <function transform_X at 0x770b545fb370>, 'beta': array([1, 2, 3, 4]), 'uniform_range_x': [-2, 2]}",<function generate_sim_data at 0x770b1a6888b0>,1,2,"[{'n_iter': 200, 'patience': 100, 'input_size': 1, 'h_sizes': [40, 40]}]",[<class 'models.NueralNet'>],300,1,False,False,,,0.6,,,,,,,204,224,212,288,0.9558823529411765,0.9198113207547169,0.9710144927536232,0.9305555555555556,naive_on_y
0.6,200,500,True,False,"{'transform_func': <function transform_X at 0x770b545fb370>, 'beta': array([1, 2, 3, 4]), 'uniform_range_x': [-2, 2]}",<function generate_sim_data at 0x770b1a6888b0>,1,2,"[{'n_iter': 200, 'patience': 100, 'input_size': 1, 'h_sizes': [40, 40]}]",[<class 'models.NueralNet'>],300,1,False,True,False,True,0.6000000000000227,0.84,0.29666666666666663,0.6000000000000227,0.84,0.8866666666666667,6.0,193,219,210,290,1.0,0.919047619047619,1.0,0.9689655172413794,CS_on_mean
0.6,200,500,True,False,"{'transform_func': <function transform_X at 0x770b545fb370>, 'beta': array([1, 2, 3, 4]), 'uniform_range_x': [-2, 2]}",<function generate_sim_data at 0x770b1a6888b0>,1,2,"[{'n_iter': 200, 'patience': 100, 'input_size': 1, 'h_sizes': [40, 40]}]",[<class 'models.NueralNet'>],300,1,False,False,,,0.6,,,,,,,203,209,210,290,1.0,0.9666666666666667,0.9965635738831615,1.0,naive_on_mean
0.6,200,500,True,False,"{'transform_func': <function transform_X at 0x770b545fb370>, 'beta': array([1, 2, 3, 4]), 'uniform_range_x': [-2, 2]}",<function generate_sim_data at 0x770b1a6888b0>,1,2,"[{'n_iter': 200, 'patience': 100, 'input_size': 1, 'h_sizes': [40, 40]}]",[<class 'models.NueralNet'>],300,1,False,True,True,True,0.5999999999999659,0.8633333333333333,0.17666666666666675,0.5999999999999659,0.8633333333333333,0.9766666666666667,18.0,123,288,212,288,1.0,0.5801886792452831,1.0,0.7361111111111112,CS_on_y
0.6,200,500,True,False,"{'transform_func': <function transform_X at 0x770b545fb370>, 'beta': array([1, 2, 3, 4]), 'uniform_range_x': [-2, 2]}",<function generate_sim_data at 0x770b1a6888b0>,1,2,"[{'n_iter': 200, 'patience': 100, 'input_size': 1, 'h_sizes': [40, 40]}]",[<class 'models.NueralNet'>],300,1,False,False,,,0.6,,,,,,,192,216,212,288,0.984375,0.8915094339622641,0.971830985915493,0.9583333333333334,naive_on_y
0.6,200,500,True,False,"{'transform_func': <function transform_X at 0x770b545fb370>, 'beta': array([1, 2, 3, 4]), 'uniform_range_x': [-2, 2]}",<function generate_sim_data at 0x770b1a6888b0>,1,2,"[{'n_iter': 200, 'patience': 100, 'input_size': 1, 'h_sizes': [40, 40]}]",[<class 'models.NueralNet'>],300,1,False,True,True,True,0.6000000000000227,0.82,0.44333333333333336,0.6000000000000227,0.82,0.89,10.0,208,223,217,283,1.0,0.9585253456221198,1.0,0.9787985865724381,CS_on_mean
0.6,200,500,True,False,"{'transform_func': <function transform_X at 0x770b545fb370>, 'beta': array([1, 2, 3, 4]), 'uniform_range_x': [-2, 2]}",<function generate_sim_data at 0x770b1a6888b0>,1,2,"[{'n_iter': 200, 'patience': 100, 'input_size': 1, 'h_sizes': [40, 40]}]",[<class 'models.NueralNet'>],300,1,False,False,,,0.6,,,,,,,208,209,217,283,1.0,0.9585253456221198,0.9725085910652921,1.0,naive_on_mean
0.6,200,500,True,False,"{'transform_func': <function transform_X at 0x770b545fb370>, 'beta': array([1, 2, 3, 4]), 'uniform_range_x': [-2, 2]}",<function generate_sim_data at 0x770b1a6888b0>,1,2,"[{'n_iter': 200, 'patience': 100, 'input_size': 1, 'h_sizes': [40, 40]}]",[<class 'models.NueralNet'>],300,1,False,True,True,True,0.6000000000000227,0.85,0.2633333333333334,0.6000000000000227,0.85,0.97,17.0,132,323,218,282,1.0,0.6055045871559632,1.0,0.6276595744680851,CS_on_y
0.6,200,500,True,False,"{'transform_func': <function transform_X at 0x770b545fb370>, 'beta': array([1, 2, 3, 4]), 'uniform_range_x': [-2, 2]}",<function generate_sim_data at 0x770b1a6888b0>,1,2,"[{'n_iter': 200, 'patience': 100, 'input_size': 1, 'h_sizes': [40, 40]}]",[<class 'models.NueralNet'>],300,1,False,False,,,0.6,,,,,,,206,215,218,282,0.9805825242718447,0.926605504587156,0.968421052631579,0.9787234042553191,naive_on_y
0.6,200,500,True,False,"{'transform_func': <function transform_X at 0x770b545fb370>, 'beta': array([1, 2, 3, 4]), 'uniform_range_x': [-2, 2]}",<function generate_sim_data at 0x770b1a6888b0>,1,2,"[{'n_iter': 200, 'patience': 100, 'input_size': 1, 'h_sizes': [40, 40]}]",[<class 'models.NueralNet'>],300,1,False,True,True,True,0.6000000000000796,0.8166666666666667,0.40666666666666673,0.6000000000000796,0.8166666666666667,0.9033333333333333,7.0,193,221,215,285,1.0,0.8976744186046511,1.0,0.9789473684210527,CS_on_mean
0.6,200,500,True,False,"{'transform_func': <function transform_X at 0x770b545fb370>, 'beta': array([1, 2, 3, 4]), 'uniform_range_x': [-2, 2]}",<function generate_sim_data at 0x770b1a6888b0>,1,2,"[{'n_iter': 200, 'patience': 100, 'input_size': 1, 'h_sizes': [40, 40]}]",[<class 'models.NueralNet'>],300,1,False,False,,,0.6,,,,,,,201,205,215,285,1.0,0.9348837209302325,0.9661016949152542,1.0,naive_on_mean
0.6,200,500,True,False,"{'transform_func': <function transform_X at 0x770b545fb370>, 'beta': array([1, 2, 3, 4]), 'uniform_range_x': [-2, 2]}",<function generate_sim_data at 0x770b1a6888b0>,1,2,"[{'n_iter': 200, 'patience': 100, 'input_size': 1, 'h_sizes': [40, 40]}]",[<class 'models.NueralNet'>],300,1,False,True,True,True,0.6000000000000227,0.8666666666666667,0.05333333333333323,0.6000000000000227,0.8666666666666667,0.98,22.0,126,290,207,293,1.0,0.6086956521739131,1.0,0.7167235494880546,CS_on_y
0.6,200,500,True,False,"{'transform_func': <function transform_X at 0x770b545fb370>, 'beta': array([1, 2, 3, 4]), 'uniform_range_x': [-2, 2]}",<function generate_sim_data at 0x770b1a6888b0>,1,2,"[{'n_iter': 200, 'patience': 100, 'input_size': 1, 'h_sizes': [40, 40]}]",[<class 'models.NueralNet'>],300,1,False,False,,,0.6,,,,,,,195,214,207,293,0.9794871794871794,0.9227053140096618,0.972027972027972,0.9488054607508533,naive_on_y
0.6,400,500,True,False,"{'transform_func': <function transform_X at 0x770b545fb370>, 'beta': array([1, 2, 3, 4]), 'uniform_range_x': [-2, 2]}",<function generate_sim_data at 0x770b1a6888b0>,1,2,"[{'n_iter': 200, 'patience': 100, 'input_size': 1, 'h_sizes': [40, 40]}]",[<class 'models.NueralNet'>],300,1,False,True,False,True,0.6000000000000227,0.8966666666666666,0.43333333333333335,0.6000000000000227,0.8966666666666666,0.8666666666666667,5.0,195,202,198,302,1.0,0.9848484848484849,1.0,0.9867549668874173,CS_on_mean
0.6,400,500,True,False,"{'transform_func': <function transform_X at 0x770b545fb370>, 'beta': array([1, 2, 3, 4]), 'uniform_range_x': [-2, 2]}",<function generate_sim_data at 0x770b1a6888b0>,1,2,"[{'n_iter': 200, 'patience': 100, 'input_size': 1, 'h_sizes': [40, 40]}]",[<class 'models.NueralNet'>],300,1,False,True,,,0.6,,,,,,,198,198,198,302,1.0,1.0,1.0,1.0,naive_on_mean
0.6,400,500,True,False,"{'transform_func': <function transform_X at 0x770b545fb370>, 'beta': array([1, 2, 3, 4]), 'uniform_range_x': [-2, 2]}",<function generate_sim_data at 0x770b1a6888b0>,1,2,"[{'n_iter': 200, 'patience': 100, 'input_size': 1, 'h_sizes': [40, 40]}]",[<class 'models.NueralNet'>],300,1,False,True,True,True,0.6000000000000227,0.8666666666666667,0.07000000000000006,0.6000000000000227,0.8666666666666667,0.9733333333333334,26.0,107,338,197,303,1.0,0.5431472081218274,1.0,0.5346534653465347,CS_on_y
0.6,400,500,True,False,"{'transform_func': <function transform_X at 0x770b545fb370>, 'beta': array([1, 2, 3, 4]), 'uniform_range_x': [-2, 2]}",<function generate_sim_data at 0x770b1a6888b0>,1,2,"[{'n_iter': 200, 'patience': 100, 'input_size': 1, 'h_sizes': [40, 40]}]",[<class 'models.NueralNet'>],300,1,False,False,,,0.6,,,,,,,179,203,197,303,0.9888268156424581,0.8984771573604061,0.9865319865319865,0.966996699669967,naive_on_y
0.6,400,500,True,False,"{'transform_func': <function transform_X at 0x770b545fb370>, 'beta': array([1, 2, 3, 4]), 'uniform_range_x': [-2, 2]}",<function generate_sim_data at 0x770b1a6888b0>,1,2,"[{'n_iter': 200, 'patience': 100, 'input_size': 1, 'h_sizes': [40, 40]}]",[<class 'models.NueralNet'>],300,1,False,True,True,True,0.6000000000000227,0.8866666666666667,0.2833333333333332,0.6000000000000227,0.8866666666666667,0.8733333333333333,4.0,198,214,206,294,1.0,0.9611650485436893,1.0,0.9727891156462585,CS_on_mean
0.6,400,500,True,False,"{'transform_func': <function transform_X at 0x770b545fb370>, 'beta': array([1, 2, 3, 4]), 'uniform_range_x': [-2, 2]}",<function generate_sim_data at 0x770b1a6888b0>,1,2,"[{'n_iter': 200, 'patience': 100, 'input_size': 1, 'h_sizes': [40, 40]}]",[<class 'models.NueralNet'>],300,1,False,False,,,0.6,,,,,,,198,204,206,294,1.0,0.9611650485436893,0.9932432432432432,1.0,naive_on_mean
0.6,400,500,True,False,"{'transform_func': <function transform_X at 0x770b545fb370>, 'beta': array([1, 2, 3, 4]), 'uniform_range_x': [-2, 2]}",<function generate_sim_data at 0x770b1a6888b0>,1,2,"[{'n_iter': 200, 'patience': 100, 'input_size': 1, 'h_sizes': [40, 40]}]",[<class 'models.NueralNet'>],300,1,False,True,True,True,0.6000000000000227,0.88,0.32000000000000006,0.6000000000000227,0.88,0.9933333333333333,33.0,105,300,209,291,1.0,0.5023923444976077,1.0,0.6872852233676976,CS_on_y
0.6,400,500,True,False,"{'transform_func': <function transform_X at 0x770b545fb370>, 'beta': array([1, 2, 3, 4]), 'uniform_range_x': [-2, 2]}",<function generate_sim_data at 0x770b1a6888b0>,1,2,"[{'n_iter': 200, 'patience': 100, 'input_size': 1, 'h_sizes': [40, 40]}]",[<class 'models.NueralNet'>],300,1,False,False,,,0.6,,,,,,,189,209,209,291,0.9735449735449735,0.8803827751196173,0.9518900343642611,0.9518900343642611,naive_on_y
0.6,400,500,True,False,"{'transform_func': <function transform_X at 0x770b545fb370>, 'beta': array([1, 2, 3, 4]), 'uniform_range_x': [-2, 2]}",<function generate_sim_data at 0x770b1a6888b0>,1,2,"[{'n_iter': 200, 'patience': 100, 'input_size': 1, 'h_sizes': [40, 40]}]",[<class 'models.NueralNet'>],300,1,False,False,True,True,0.6000000000000227,0.8633333333333333,0.3799999999999999,0.6000000000000227,0.8633333333333333,0.9,4.0,181,193,198,302,1.0,0.9141414141414141,0.9739413680781759,0.9900662251655629,CS_on_mean
0.6,400,500,True,False,"{'transform_func': <function transform_X at 0x770b545fb370>, 'beta': array([1, 2, 3, 4]), 'uniform_range_x': [-2, 2]}",<function generate_sim_data at 0x770b1a6888b0>,1,2,"[{'n_iter': 200, 'patience': 100, 'input_size': 1, 'h_sizes': [40, 40]}]",[<class 'models.NueralNet'>],300,1,False,False,,,0.6,,,,,,,190,194,198,302,1.0,0.9595959595959596,0.9869281045751634,1.0,naive_on_mean
0.6,400,500,True,False,"{'transform_func': <function transform_X at 0x770b545fb370>, 'beta': array([1, 2, 3, 4]), 'uniform_range_x': [-2, 2]}",<function generate_sim_data at 0x770b1a6888b0>,1,2,"[{'n_iter': 200, 'patience': 100, 'input_size': 1, 'h_sizes': [40, 40]}]",[<class 'models.NueralNet'>],300,1,False,True,True,True,0.6000000000000227,0.8466666666666667,0.016666666666666607,0.6000000000000227,0.8466666666666667,0.97,17.0,133,251,197,303,1.0,0.6751269035532995,1.0,0.8217821782178218,CS_on_y
0.6,400,500,True,False,"{'transform_func': <function transform_X at 0x770b545fb370>, 'beta': array([1, 2, 3, 4]), 'uniform_range_x': [-2, 2]}",<function generate_sim_data at 0x770b1a6888b0>,1,2,"[{'n_iter': 200, 'patience': 100, 'input_size': 1, 'h_sizes': [40, 40]}]",[<class 'models.NueralNet'>],300,1,False,False,,,0.6,,,,,,,181,200,197,303,0.994475138121547,0.9137055837563451,0.9733333333333334,0.9636963696369637,naive_on_y
0.6,400,500,True,False,"{'transform_func': <function transform_X at 0x770b545fb370>, 'beta': array([1, 2, 3, 4]), 'uniform_range_x': [-2, 2]}",<function generate_sim_data at 0x770b1a6888b0>,1,2,"[{'n_iter': 200, 'patience': 100, 'input_size': 1, 'h_sizes': [40, 40]}]",[<class 'models.NueralNet'>],300,1,False,False,False,True,0.6000000000000227,0.9033333333333333,0.3966666666666665,0.6000000000000227,0.9033333333333333,0.9233333333333333,4.0,195,211,206,294,1.0,0.9466019417475728,0.9965397923875432,0.9795918367346939,CS_on_mean
0.6,400,500,True,False,"{'transform_func': <function transform_X at 0x770b545fb370>, 'beta': array([1, 2, 3, 4]), 'uniform_range_x': [-2, 2]}",<function generate_sim_data at 0x770b1a6888b0>,1,2,"[{'n_iter': 200, 'patience': 100, 'input_size': 1, 'h_sizes': [40, 40]}]",[<class 'models.NueralNet'>],300,1,False,False,,,0.6,,,,,,,198,202,206,294,1.0,0.9611650485436893,0.9832214765100671,0.9965986394557823,naive_on_mean
0.6,400,500,True,False,"{'transform_func': <function transform_X at 0x770b545fb370>, 'beta': array([1, 2, 3, 4]), 'uniform_range_x': [-2, 2]}",<function generate_sim_data at 0x770b1a6888b0>,1,2,"[{'n_iter': 200, 'patience': 100, 'input_size': 1, 'h_sizes': [40, 40]}]",[<class 'models.NueralNet'>],300,1,False,True,True,True,0.5999999999999659,0.84,0.10666666666666669,0.5999999999999659,0.84,0.9766666666666667,21.0,121,295,201,299,1.0,0.6019900497512438,1.0,0.68561872909699,CS_on_y
0.6,400,500,True,False,"{'transform_func': <function transform_X at 0x770b545fb370>, 'beta': array([1, 2, 3, 4]), 'uniform_range_x': [-2, 2]}",<function generate_sim_data at 0x770b1a6888b0>,1,2,"[{'n_iter': 200, 'patience': 100, 'input_size': 1, 'h_sizes': [40, 40]}]",[<class 'models.NueralNet'>],300,1,False,False,,,0.6,,,,,,,192,206,201,299,0.96875,0.9253731343283582,0.9727891156462585,0.9565217391304348,naive_on_y
0.6,400,500,True,False,"{'transform_func': <function transform_X at 0x770b545fb370>, 'beta': array([1, 2, 3, 4]), 'uniform_range_x': [-2, 2]}",<function generate_sim_data at 0x770b1a6888b0>,1,2,"[{'n_iter': 200, 'patience': 100, 'input_size': 1, 'h_sizes': [40, 40]}]",[<class 'models.NueralNet'>],300,1,False,True,True,True,0.5999999999999659,0.8766666666666667,0.21666666666666679,0.5999999999999659,0.8766666666666667,0.89,2.0,206,219,216,284,1.0,0.9537037037037037,1.0,0.9894366197183099,CS_on_mean
0.6,400,500,True,False,"{'transform_func': <function transform_X at 0x770b545fb370>, 'beta': array([1, 2, 3, 4]), 'uniform_range_x': [-2, 2]}",<function generate_sim_data at 0x770b1a6888b0>,1,2,"[{'n_iter': 200, 'patience': 100, 'input_size': 1, 'h_sizes': [40, 40]}]",[<class 'models.NueralNet'>],300,1,False,False,,,0.6,,,,,,,213,214,216,284,1.0,0.9861111111111112,0.9895104895104895,0.9964788732394366,naive_on_mean
0.6,400,500,True,False,"{'transform_func': <function transform_X at 0x770b545fb370>, 'beta': array([1, 2, 3, 4]), 'uniform_range_x': [-2, 2]}",<function generate_sim_data at 0x770b1a6888b0>,1,2,"[{'n_iter': 200, 'patience': 100, 'input_size': 1, 'h_sizes': [40, 40]}]",[<class 'models.NueralNet'>],300,1,False,True,True,True,0.6000000000000227,0.88,0.2833333333333332,0.6000000000000227,0.88,0.9666666666666667,29.0,135,308,214,286,1.0,0.6308411214953271,1.0,0.6713286713286714,CS_on_y
0.6,400,500,True,False,"{'transform_func': <function transform_X at 0x770b545fb370>, 'beta': array([1, 2, 3, 4]), 'uniform_range_x': [-2, 2]}",<function generate_sim_data at 0x770b1a6888b0>,1,2,"[{'n_iter': 200, 'patience': 100, 'input_size': 1, 'h_sizes': [40, 40]}]",[<class 'models.NueralNet'>],300,1,False,False,,,0.6,,,,,,,203,221,214,286,0.9753694581280788,0.9252336448598131,0.978494623655914,0.9545454545454546,naive_on_y
0.6,400,500,True,False,"{'transform_func': <function transform_X at 0x770b545fb370>, 'beta': array([1, 2, 3, 4]), 'uniform_range_x': [-2, 2]}",<function generate_sim_data at 0x770b1a6888b0>,1,2,"[{'n_iter': 200, 'patience': 100, 'input_size': 1, 'h_sizes': [40, 40]}]",[<class 'models.NueralNet'>],300,1,False,True,True,True,0.6000000000000227,0.85,0.3466666666666667,0.6000000000000227,0.85,0.88,4.0,204,212,207,293,1.0,0.9855072463768116,1.0,0.9829351535836177,CS_on_mean
0.6,400,500,True,False,"{'transform_func': <function transform_X at 0x770b545fb370>, 'beta': array([1, 2, 3, 4]), 'uniform_range_x': [-2, 2]}",<function generate_sim_data at 0x770b1a6888b0>,1,2,"[{'n_iter': 200, 'patience': 100, 'input_size': 1, 'h_sizes': [40, 40]}]",[<class 'models.NueralNet'>],300,1,False,False,,,0.6,,,,,,,205,205,207,293,1.0,0.9903381642512077,0.9932203389830508,1.0,naive_on_mean
0.6,400,500,True,False,"{'transform_func': <function transform_X at 0x770b545fb370>, 'beta': array([1, 2, 3, 4]), 'uniform_range_x': [-2, 2]}",<function generate_sim_data at 0x770b1a6888b0>,1,2,"[{'n_iter': 200, 'patience': 100, 'input_size': 1, 'h_sizes': [40, 40]}]",[<class 'models.NueralNet'>],300,1,False,True,True,True,0.5999999999999659,0.8633333333333333,0.0033333333333334103,0.5999999999999659,0.8633333333333333,0.9766666666666667,17.0,133,283,216,284,1.0,0.6157407407407407,1.0,0.7640845070422535,CS_on_y
0.6,400,500,True,False,"{'transform_func': <function transform_X at 0x770b545fb370>, 'beta': array([1, 2, 3, 4]), 'uniform_range_x': [-2, 2]}",<function generate_sim_data at 0x770b1a6888b0>,1,2,"[{'n_iter': 200, 'patience': 100, 'input_size': 1, 'h_sizes': [40, 40]}]",[<class 'models.NueralNet'>],300,1,False,False,,,0.6,,,,,,,202,210,216,284,0.9900990099009901,0.9259259259259259,0.9586206896551724,0.9788732394366197,naive_on_y
0.6,400,500,True,False,"{'transform_func': <function transform_X at 0x770b545fb370>, 'beta': array([1, 2, 3, 4]), 'uniform_range_x': [-2, 2]}",<function generate_sim_data at 0x770b1a6888b0>,1,2,"[{'n_iter': 200, 'patience': 100, 'input_size': 1, 'h_sizes': [40, 40]}]",[<class 'models.NueralNet'>],300,1,False,True,True,True,0.6000000000000796,0.8033333333333333,0.30666666666666664,0.6000000000000796,0.8033333333333333,0.87,10.0,171,191,189,311,1.0,0.9047619047619048,1.0,0.9935691318327974,CS_on_mean
0.6,400,500,True,False,"{'transform_func': <function transform_X at 0x770b545fb370>, 'beta': array([1, 2, 3, 4]), 'uniform_range_x': [-2, 2]}",<function generate_sim_data at 0x770b1a6888b0>,1,2,"[{'n_iter': 200, 'patience': 100, 'input_size': 1, 'h_sizes': [40, 40]}]",[<class 'models.NueralNet'>],300,1,False,True,,,0.6,,,,,,,184,189,189,311,1.0,0.9735449735449735,1.0,1.0,naive_on_mean
0.6,400,500,True,False,"{'transform_func': <function transform_X at 0x770b545fb370>, 'beta': array([1, 2, 3, 4]), 'uniform_range_x': [-2, 2]}",<function generate_sim_data at 0x770b1a6888b0>,1,2,"[{'n_iter': 200, 'patience': 100, 'input_size': 1, 'h_sizes': [40, 40]}]",[<class 'models.NueralNet'>],300,1,False,True,True,True,0.5999999999999659,0.8666666666666667,0.010000000000000009,0.5999999999999659,0.8666666666666667,0.9666666666666667,13.0,131,258,199,301,1.0,0.6582914572864322,1.0,0.8039867109634551,CS_on_y
0.6,400,500,True,False,"{'transform_func': <function transform_X at 0x770b545fb370>, 'beta': array([1, 2, 3, 4]), 'uniform_range_x': [-2, 2]}",<function generate_sim_data at 0x770b1a6888b0>,1,2,"[{'n_iter': 200, 'patience': 100, 'input_size': 1, 'h_sizes': [40, 40]}]",[<class 'models.NueralNet'>],300,1,False,False,,,0.6,,,,,,,175,194,199,301,0.9771428571428571,0.8592964824120604,0.954248366013072,0.9700996677740864,naive_on_y
0.6,400,500,True,False,"{'transform_func': <function transform_X at 0x770b545fb370>, 'beta': array([1, 2, 3, 4]), 'uniform_range_x': [-2, 2]}",<function generate_sim_data at 0x770b1a6888b0>,1,2,"[{'n_iter': 200, 'patience': 100, 'input_size': 1, 'h_sizes': [40, 40]}]",[<class 'models.NueralNet'>],300,1,False,True,False,True,0.6000000000000227,0.8666666666666667,0.3599999999999999,0.6000000000000227,0.8666666666666667,0.88,8.0,207,233,220,280,1.0,0.9409090909090909,1.0,0.9535714285714285,CS_on_mean
0.6,400,500,True,False,"{'transform_func': <function transform_X at 0x770b545fb370>, 'beta': array([1, 2, 3, 4]), 'uniform_range_x': [-2, 2]}",<function generate_sim_data at 0x770b1a6888b0>,1,2,"[{'n_iter': 200, 'patience': 100, 'input_size': 1, 'h_sizes': [40, 40]}]",[<class 'models.NueralNet'>],300,1,False,False,,,0.6,,,,,,,210,216,220,280,1.0,0.9545454545454546,0.9753521126760564,0.9892857142857143,naive_on_mean
0.6,400,500,True,False,"{'transform_func': <function transform_X at 0x770b545fb370>, 'beta': array([1, 2, 3, 4]), 'uniform_range_x': [-2, 2]}",<function generate_sim_data at 0x770b1a6888b0>,1,2,"[{'n_iter': 200, 'patience': 100, 'input_size': 1, 'h_sizes': [40, 40]}]",[<class 'models.NueralNet'>],300,1,False,True,True,True,0.6000000000000227,0.84,-0.11333333333333329,0.6000000000000227,0.84,0.97,17.0,138,300,219,281,1.0,0.6301369863013699,1.0,0.7117437722419928,CS_on_y
0.6,400,500,True,False,"{'transform_func': <function transform_X at 0x770b545fb370>, 'beta': array([1, 2, 3, 4]), 'uniform_range_x': [-2, 2]}",<function generate_sim_data at 0x770b1a6888b0>,1,2,"[{'n_iter': 200, 'patience': 100, 'input_size': 1, 'h_sizes': [40, 40]}]",[<class 'models.NueralNet'>],300,1,False,False,,,0.6,,,,,,,203,230,219,281,0.9704433497536946,0.8995433789954338,0.9814814814814815,0.9430604982206405,naive_on_y
0.6,400,500,True,False,"{'transform_func': <function transform_X at 0x770b545fb370>, 'beta': array([1, 2, 3, 4]), 'uniform_range_x': [-2, 2]}",<function generate_sim_data at 0x770b1a6888b0>,1,2,"[{'n_iter': 200, 'patience': 100, 'input_size': 1, 'h_sizes': [40, 40]}]",[<class 'models.NueralNet'>],300,1,False,True,True,True,0.6000000000000227,0.8566666666666667,0.25,0.6000000000000227,0.8566666666666667,0.8366666666666667,4.0,209,220,213,287,1.0,0.9812206572769953,1.0,0.975609756097561,CS_on_mean
0.6,400,500,True,False,"{'transform_func': <function transform_X at 0x770b545fb370>, 'beta': array([1, 2, 3, 4]), 'uniform_range_x': [-2, 2]}",<function generate_sim_data at 0x770b1a6888b0>,1,2,"[{'n_iter': 200, 'patience': 100, 'input_size': 1, 'h_sizes': [40, 40]}]",[<class 'models.NueralNet'>],300,1,False,False,,,0.6,,,,,,,210,212,213,287,1.0,0.9859154929577465,0.9930555555555556,0.9965156794425087,naive_on_mean
0.6,400,500,True,False,"{'transform_func': <function transform_X at 0x770b545fb370>, 'beta': array([1, 2, 3, 4]), 'uniform_range_x': [-2, 2]}",<function generate_sim_data at 0x770b1a6888b0>,1,2,"[{'n_iter': 200, 'patience': 100, 'input_size': 1, 'h_sizes': [40, 40]}]",[<class 'models.NueralNet'>],300,1,False,True,True,True,0.6000000000000227,0.9,0.10666666666666669,0.6000000000000227,0.9,0.9566666666666667,11.0,134,278,209,291,1.0,0.6411483253588517,1.0,0.7628865979381443,CS_on_y
0.6,400,500,True,False,"{'transform_func': <function transform_X at 0x770b545fb370>, 'beta': array([1, 2, 3, 4]), 'uniform_range_x': [-2, 2]}",<function generate_sim_data at 0x770b1a6888b0>,1,2,"[{'n_iter': 200, 'patience': 100, 'input_size': 1, 'h_sizes': [40, 40]}]",[<class 'models.NueralNet'>],300,1,False,False,,,0.6,,,,,,,205,216,209,291,0.9463414634146341,0.9282296650717703,0.9683098591549296,0.9450171821305842,naive_on_y
0.6,400,500,True,False,"{'transform_func': <function transform_X at 0x770b545fb370>, 'beta': array([1, 2, 3, 4]), 'uniform_range_x': [-2, 2]}",<function generate_sim_data at 0x770b1a6888b0>,1,2,"[{'n_iter': 200, 'patience': 100, 'input_size': 1, 'h_sizes': [40, 40]}]",[<class 'models.NueralNet'>],300,1,False,False,True,True,0.5999999999999659,0.8466666666666667,0.3700000000000001,0.5999999999999659,0.8466666666666667,0.9033333333333333,8.0,221,238,236,264,1.0,0.9364406779661016,0.9961832061068703,0.9886363636363636,CS_on_mean
0.6,400,500,True,False,"{'transform_func': <function transform_X at 0x770b545fb370>, 'beta': array([1, 2, 3, 4]), 'uniform_range_x': [-2, 2]}",<function generate_sim_data at 0x770b1a6888b0>,1,2,"[{'n_iter': 200, 'patience': 100, 'input_size': 1, 'h_sizes': [40, 40]}]",[<class 'models.NueralNet'>],300,1,False,False,,,0.6,,,,,,,230,233,236,264,1.0,0.9745762711864406,0.9887640449438202,1.0,naive_on_mean
0.6,400,500,True,False,"{'transform_func': <function transform_X at 0x770b545fb370>, 'beta': array([1, 2, 3, 4]), 'uniform_range_x': [-2, 2]}",<function generate_sim_data at 0x770b1a6888b0>,1,2,"[{'n_iter': 200, 'patience': 100, 'input_size': 1, 'h_sizes': [40, 40]}]",[<class 'models.NueralNet'>],300,1,False,False,True,True,0.5999999999999659,0.88,-0.030000000000000027,0.5999999999999659,0.88,0.9766666666666667,14.0,148,308,230,270,0.9932432432432432,0.6391304347826087,1.0,0.7111111111111111,CS_on_y
0.6,400,500,True,False,"{'transform_func': <function transform_X at 0x770b545fb370>, 'beta': array([1, 2, 3, 4]), 'uniform_range_x': [-2, 2]}",<function generate_sim_data at 0x770b1a6888b0>,1,2,"[{'n_iter': 200, 'patience': 100, 'input_size': 1, 'h_sizes': [40, 40]}]",[<class 'models.NueralNet'>],300,1,False,False,,,0.6,,,,,,,221,242,230,270,0.9773755656108597,0.9391304347826087,0.9806201550387597,0.937037037037037,naive_on_y
0.6,800,500,True,False,"{'transform_func': <function transform_X at 0x770b545fb370>, 'beta': array([1, 2, 3, 4]), 'uniform_range_x': [-2, 2]}",<function generate_sim_data at 0x770b1a6888b0>,1,2,"[{'n_iter': 200, 'patience': 100, 'input_size': 1, 'h_sizes': [40, 40]}]",[<class 'models.NueralNet'>],300,1,False,False,False,True,0.6000000000000227,0.83,0.3966666666666665,0.6000000000000227,0.83,0.91,7.0,194,210,210,290,1.0,0.9238095238095239,0.993103448275862,0.993103448275862,CS_on_mean
0.6,800,500,True,False,"{'transform_func': <function transform_X at 0x770b545fb370>, 'beta': array([1, 2, 3, 4]), 'uniform_range_x': [-2, 2]}",<function generate_sim_data at 0x770b1a6888b0>,1,2,"[{'n_iter': 200, 'patience': 100, 'input_size': 1, 'h_sizes': [40, 40]}]",[<class 'models.NueralNet'>],300,1,False,False,,,0.6,,,,,,,200,204,210,290,1.0,0.9523809523809523,0.9797297297297297,1.0,naive_on_mean
0.6,800,500,True,False,"{'transform_func': <function transform_X at 0x770b545fb370>, 'beta': array([1, 2, 3, 4]), 'uniform_range_x': [-2, 2]}",<function generate_sim_data at 0x770b1a6888b0>,1,2,"[{'n_iter': 200, 'patience': 100, 'input_size': 1, 'h_sizes': [40, 40]}]",[<class 'models.NueralNet'>],300,1,False,True,True,True,0.6000000000000227,0.8533333333333334,0.046666666666666634,0.6000000000000227,0.8533333333333334,0.97,27.0,122,274,204,296,1.0,0.5980392156862745,1.0,0.7635135135135135,CS_on_y
0.6,800,500,True,False,"{'transform_func': <function transform_X at 0x770b545fb370>, 'beta': array([1, 2, 3, 4]), 'uniform_range_x': [-2, 2]}",<function generate_sim_data at 0x770b1a6888b0>,1,2,"[{'n_iter': 200, 'patience': 100, 'input_size': 1, 'h_sizes': [40, 40]}]",[<class 'models.NueralNet'>],300,1,False,False,,,0.6,,,,,,,190,214,204,296,0.9631578947368421,0.8970588235294118,0.972027972027972,0.9391891891891891,naive_on_y
0.6,800,500,True,False,"{'transform_func': <function transform_X at 0x770b545fb370>, 'beta': array([1, 2, 3, 4]), 'uniform_range_x': [-2, 2]}",<function generate_sim_data at 0x770b1a6888b0>,1,2,"[{'n_iter': 200, 'patience': 100, 'input_size': 1, 'h_sizes': [40, 40]}]",[<class 'models.NueralNet'>],300,1,False,False,True,True,0.6000000000000796,0.83,0.3533333333333333,0.6000000000000796,0.83,0.9066666666666666,6.0,200,216,215,285,1.0,0.9302325581395349,0.9929577464788732,0.9894736842105263,CS_on_mean
0.6,800,500,True,False,"{'transform_func': <function transform_X at 0x770b545fb370>, 'beta': array([1, 2, 3, 4]), 'uniform_range_x': [-2, 2]}",<function generate_sim_data at 0x770b1a6888b0>,1,2,"[{'n_iter': 200, 'patience': 100, 'input_size': 1, 'h_sizes': [40, 40]}]",[<class 'models.NueralNet'>],300,1,False,False,,,0.6,,,,,,,207,209,215,285,1.0,0.9627906976744186,0.979381443298969,1.0,naive_on_mean
0.6,800,500,True,False,"{'transform_func': <function transform_X at 0x770b545fb370>, 'beta': array([1, 2, 3, 4]), 'uniform_range_x': [-2, 2]}",<function generate_sim_data at 0x770b1a6888b0>,1,2,"[{'n_iter': 200, 'patience': 100, 'input_size': 1, 'h_sizes': [40, 40]}]",[<class 'models.NueralNet'>],300,1,False,True,True,True,0.6000000000000227,0.86,0.10000000000000009,0.6000000000000227,0.86,0.9833333333333333,32.0,141,280,210,290,1.0,0.6714285714285715,1.0,0.7586206896551724,CS_on_y
0.6,800,500,True,False,"{'transform_func': <function transform_X at 0x770b545fb370>, 'beta': array([1, 2, 3, 4]), 'uniform_range_x': [-2, 2]}",<function generate_sim_data at 0x770b1a6888b0>,1,2,"[{'n_iter': 200, 'patience': 100, 'input_size': 1, 'h_sizes': [40, 40]}]",[<class 'models.NueralNet'>],300,1,False,False,,,0.6,,,,,,,199,221,210,290,0.9597989949748744,0.9095238095238095,0.9605734767025089,0.9241379310344827,naive_on_y
0.6,800,500,True,False,"{'transform_func': <function transform_X at 0x770b545fb370>, 'beta': array([1, 2, 3, 4]), 'uniform_range_x': [-2, 2]}",<function generate_sim_data at 0x770b1a6888b0>,1,2,"[{'n_iter': 200, 'patience': 100, 'input_size': 1, 'h_sizes': [40, 40]}]",[<class 'models.NueralNet'>],300,1,False,False,True,True,0.6000000000000227,0.8166666666666667,0.29666666666666663,0.6000000000000227,0.8166666666666667,0.9066666666666666,5.0,223,238,236,264,1.0,0.9449152542372882,0.9961832061068703,0.9886363636363636,CS_on_mean
0.6,800,500,True,False,"{'transform_func': <function transform_X at 0x770b545fb370>, 'beta': array([1, 2, 3, 4]), 'uniform_range_x': [-2, 2]}",<function generate_sim_data at 0x770b1a6888b0>,1,2,"[{'n_iter': 200, 'patience': 100, 'input_size': 1, 'h_sizes': [40, 40]}]",[<class 'models.NueralNet'>],300,1,False,False,,,0.6,,,,,,,228,232,236,264,1.0,0.9661016949152542,0.9850746268656716,1.0,naive_on_mean
0.6,800,500,True,False,"{'transform_func': <function transform_X at 0x770b545fb370>, 'beta': array([1, 2, 3, 4]), 'uniform_range_x': [-2, 2]}",<function generate_sim_data at 0x770b1a6888b0>,1,2,"[{'n_iter': 200, 'patience': 100, 'input_size': 1, 'h_sizes': [40, 40]}]",[<class 'models.NueralNet'>],300,1,False,True,True,True,0.6000000000000227,0.89,-0.010000000000000009,0.6000000000000227,0.89,0.97,7.0,149,302,237,263,1.0,0.6286919831223629,1.0,0.752851711026616,CS_on_y
0.6,800,500,True,False,"{'transform_func': <function transform_X at 0x770b545fb370>, 'beta': array([1, 2, 3, 4]), 'uniform_range_x': [-2, 2]}",<function generate_sim_data at 0x770b1a6888b0>,1,2,"[{'n_iter': 200, 'patience': 100, 'input_size': 1, 'h_sizes': [40, 40]}]",[<class 'models.NueralNet'>],300,1,False,False,,,0.6,,,,,,,217,239,237,263,0.9723502304147466,0.890295358649789,0.9655172413793104,0.9581749049429658,naive_on_y
0.6,800,500,True,False,"{'transform_func': <function transform_X at 0x770b545fb370>, 'beta': array([1, 2, 3, 4]), 'uniform_range_x': [-2, 2]}",<function generate_sim_data at 0x770b1a6888b0>,1,2,"[{'n_iter': 200, 'patience': 100, 'input_size': 1, 'h_sizes': [40, 40]}]",[<class 'models.NueralNet'>],300,1,False,False,False,True,0.6000000000000227,0.84,0.3533333333333333,0.6000000000000227,0.84,0.89,6.0,204,216,217,283,1.0,0.9400921658986175,0.9859154929577465,0.9893992932862191,CS_on_mean
0.6,800,500,True,False,"{'transform_func': <function transform_X at 0x770b545fb370>, 'beta': array([1, 2, 3, 4]), 'uniform_range_x': [-2, 2]}",<function generate_sim_data at 0x770b1a6888b0>,1,2,"[{'n_iter': 200, 'patience': 100, 'input_size': 1, 'h_sizes': [40, 40]}]",[<class 'models.NueralNet'>],300,1,False,False,,,0.6,,,,,,,210,212,217,283,1.0,0.967741935483871,0.9791666666666666,0.9964664310954063,naive_on_mean
0.6,800,500,True,False,"{'transform_func': <function transform_X at 0x770b545fb370>, 'beta': array([1, 2, 3, 4]), 'uniform_range_x': [-2, 2]}",<function generate_sim_data at 0x770b1a6888b0>,1,2,"[{'n_iter': 200, 'patience': 100, 'input_size': 1, 'h_sizes': [40, 40]}]",[<class 'models.NueralNet'>],300,1,False,True,True,True,0.5999999999999659,0.8466666666666667,-0.1266666666666667,0.5999999999999659,0.8466666666666667,0.9733333333333334,10.0,129,277,212,288,1.0,0.6084905660377358,1.0,0.7743055555555556,CS_on_y
0.6,800,500,True,False,"{'transform_func': <function transform_X at 0x770b545fb370>, 'beta': array([1, 2, 3, 4]), 'uniform_range_x': [-2, 2]}",<function generate_sim_data at 0x770b1a6888b0>,1,2,"[{'n_iter': 200, 'patience': 100, 'input_size': 1, 'h_sizes': [40, 40]}]",[<class 'models.NueralNet'>],300,1,False,False,,,0.6,,,,,,,205,224,212,288,0.9512195121951219,0.9198113207547169,0.9746376811594203,0.9340277777777778,naive_on_y
0.6,800,500,True,False,"{'transform_func': <function transform_X at 0x770b545fb370>, 'beta': array([1, 2, 3, 4]), 'uniform_range_x': [-2, 2]}",<function generate_sim_data at 0x770b1a6888b0>,1,2,"[{'n_iter': 200, 'patience': 100, 'input_size': 1, 'h_sizes': [40, 40]}]",[<class 'models.NueralNet'>],300,1,False,False,True,True,0.6000000000000796,0.7666666666666667,0.3466666666666667,0.6000000000000796,0.7666666666666667,0.8866666666666667,8.0,190,204,204,296,1.0,0.9313725490196079,0.9932432432432432,0.9932432432432432,CS_on_mean
0.6,800,500,True,False,"{'transform_func': <function transform_X at 0x770b545fb370>, 'beta': array([1, 2, 3, 4]), 'uniform_range_x': [-2, 2]}",<function generate_sim_data at 0x770b1a6888b0>,1,2,"[{'n_iter': 200, 'patience': 100, 'input_size': 1, 'h_sizes': [40, 40]}]",[<class 'models.NueralNet'>],300,1,False,False,,,0.6,,,,,,,195,198,204,296,1.0,0.9558823529411765,0.9801324503311258,1.0,naive_on_mean
0.6,800,500,True,False,"{'transform_func': <function transform_X at 0x770b545fb370>, 'beta': array([1, 2, 3, 4]), 'uniform_range_x': [-2, 2]}",<function generate_sim_data at 0x770b1a6888b0>,1,2,"[{'n_iter': 200, 'patience': 100, 'input_size': 1, 'h_sizes': [40, 40]}]",[<class 'models.NueralNet'>],300,1,False,True,True,True,0.5999999999999659,0.84,-0.043333333333333446,0.5999999999999659,0.84,0.9666666666666667,25.0,115,277,192,308,1.0,0.5989583333333333,1.0,0.724025974025974,CS_on_y
0.6,800,500,True,False,"{'transform_func': <function transform_X at 0x770b545fb370>, 'beta': array([1, 2, 3, 4]), 'uniform_range_x': [-2, 2]}",<function generate_sim_data at 0x770b1a6888b0>,1,2,"[{'n_iter': 200, 'patience': 100, 'input_size': 1, 'h_sizes': [40, 40]}]",[<class 'models.NueralNet'>],300,1,False,False,,,0.6,,,,,,,185,207,192,308,0.9513513513513514,0.9166666666666666,0.9795221843003413,0.9318181818181819,naive_on_y
0.6,800,500,True,False,"{'transform_func': <function transform_X at 0x770b545fb370>, 'beta': array([1, 2, 3, 4]), 'uniform_range_x': [-2, 2]}",<function generate_sim_data at 0x770b1a6888b0>,1,2,"[{'n_iter': 200, 'patience': 100, 'input_size': 1, 'h_sizes': [40, 40]}]",[<class 'models.NueralNet'>],300,1,False,False,False,True,0.6000000000000227,0.8,0.18999999999999995,0.6000000000000227,0.8,0.8366666666666667,3.0,185,191,192,308,1.0,0.9635416666666666,0.9967637540453075,1.0,CS_on_mean
0.6,800,500,True,False,"{'transform_func': <function transform_X at 0x770b545fb370>, 'beta': array([1, 2, 3, 4]), 'uniform_range_x': [-2, 2]}",<function generate_sim_data at 0x770b1a6888b0>,1,2,"[{'n_iter': 200, 'patience': 100, 'input_size': 1, 'h_sizes': [40, 40]}]",[<class 'models.NueralNet'>],300,1,False,False,,,0.6,,,,,,,189,190,192,308,1.0,0.984375,0.9935483870967742,1.0,naive_on_mean
0.6,800,500,True,False,"{'transform_func': <function transform_X at 0x770b545fb370>, 'beta': array([1, 2, 3, 4]), 'uniform_range_x': [-2, 2]}",<function generate_sim_data at 0x770b1a6888b0>,1,2,"[{'n_iter': 200, 'patience': 100, 'input_size': 1, 'h_sizes': [40, 40]}]",[<class 'models.NueralNet'>],300,1,False,True,True,True,0.5999999999999659,0.8466666666666667,-0.01333333333333342,0.5999999999999659,0.8466666666666667,0.9866666666666667,27.0,127,256,191,309,1.0,0.6649214659685864,1.0,0.7896440129449838,CS_on_y
0.6,800,500,True,False,"{'transform_func': <function transform_X at 0x770b545fb370>, 'beta': array([1, 2, 3, 4]), 'uniform_range_x': [-2, 2]}",<function generate_sim_data at 0x770b1a6888b0>,1,2,"[{'n_iter': 200, 'patience': 100, 'input_size': 1, 'h_sizes': [40, 40]}]",[<class 'models.NueralNet'>],300,1,False,False,,,0.6,,,,,,,184,195,191,309,0.9619565217391304,0.9267015706806283,0.9704918032786886,0.9579288025889967,naive_on_y
0.6,800,500,True,False,"{'transform_func': <function transform_X at 0x770b545fb370>, 'beta': array([1, 2, 3, 4]), 'uniform_range_x': [-2, 2]}",<function generate_sim_data at 0x770b1a6888b0>,1,2,"[{'n_iter': 200, 'patience': 100, 'input_size': 1, 'h_sizes': [40, 40]}]",[<class 'models.NueralNet'>],300,1,False,False,True,True,0.6000000000000227,0.7833333333333333,0.22333333333333316,0.6000000000000227,0.7833333333333333,0.85,4.0,209,216,214,286,1.0,0.9766355140186916,0.9964788732394366,0.9895104895104895,CS_on_mean
0.6,800,500,True,False,"{'transform_func': <function transform_X at 0x770b545fb370>, 'beta': array([1, 2, 3, 4]), 'uniform_range_x': [-2, 2]}",<function generate_sim_data at 0x770b1a6888b0>,1,2,"[{'n_iter': 200, 'patience': 100, 'input_size': 1, 'h_sizes': [40, 40]}]",[<class 'models.NueralNet'>],300,1,False,False,,,0.6,,,,,,,210,212,214,286,0.9952380952380953,0.9766355140186916,0.9895833333333334,0.9965034965034965,naive_on_mean
0.6,800,500,True,False,"{'transform_func': <function transform_X at 0x770b545fb370>, 'beta': array([1, 2, 3, 4]), 'uniform_range_x': [-2, 2]}",<function generate_sim_data at 0x770b1a6888b0>,1,2,"[{'n_iter': 200, 'patience': 100, 'input_size': 1, 'h_sizes': [40, 40]}]",[<class 'models.NueralNet'>],300,1,False,False,True,True,0.5999999999999659,0.8566666666666667,-0.1266666666666667,0.5999999999999659,0.8566666666666667,0.9666666666666667,19.0,129,285,206,294,1.0,0.6262135922330097,0.9953488372093023,0.727891156462585,CS_on_y
0.6,800,500,True,False,"{'transform_func': <function transform_X at 0x770b545fb370>, 'beta': array([1, 2, 3, 4]), 'uniform_range_x': [-2, 2]}",<function generate_sim_data at 0x770b1a6888b0>,1,2,"[{'n_iter': 200, 'patience': 100, 'input_size': 1, 'h_sizes': [40, 40]}]",[<class 'models.NueralNet'>],300,1,False,False,,,0.6,,,,,,,198,216,206,294,0.9393939393939394,0.9029126213592233,0.9577464788732395,0.9251700680272109,naive_on_y
0.6,800,500,True,False,"{'transform_func': <function transform_X at 0x770b545fb370>, 'beta': array([1, 2, 3, 4]), 'uniform_range_x': [-2, 2]}",<function generate_sim_data at 0x770b1a6888b0>,1,2,"[{'n_iter': 200, 'patience': 100, 'input_size': 1, 'h_sizes': [40, 40]}]",[<class 'models.NueralNet'>],300,1,False,True,False,True,0.6000000000000796,0.7933333333333333,0.2599999999999998,0.6000000000000796,0.7933333333333333,0.8833333333333333,6.0,203,215,210,290,1.0,0.9666666666666667,1.0,0.9827586206896551,CS_on_mean
0.6,800,500,True,False,"{'transform_func': <function transform_X at 0x770b545fb370>, 'beta': array([1, 2, 3, 4]), 'uniform_range_x': [-2, 2]}",<function generate_sim_data at 0x770b1a6888b0>,1,2,"[{'n_iter': 200, 'patience': 100, 'input_size': 1, 'h_sizes': [40, 40]}]",[<class 'models.NueralNet'>],300,1,False,False,,,0.6,,,,,,,204,206,210,290,1.0,0.9714285714285714,0.9863945578231292,1.0,naive_on_mean
0.6,800,500,True,False,"{'transform_func': <function transform_X at 0x770b545fb370>, 'beta': array([1, 2, 3, 4]), 'uniform_range_x': [-2, 2]}",<function generate_sim_data at 0x770b1a6888b0>,1,2,"[{'n_iter': 200, 'patience': 100, 'input_size': 1, 'h_sizes': [40, 40]}]",[<class 'models.NueralNet'>],300,1,False,True,True,True,0.5999999999999659,0.8666666666666667,0.17333333333333334,0.5999999999999659,0.8666666666666667,0.98,16.0,146,287,208,292,1.0,0.7019230769230769,1.0,0.7294520547945205,CS_on_y
0.6,800,500,True,False,"{'transform_func': <function transform_X at 0x770b545fb370>, 'beta': array([1, 2, 3, 4]), 'uniform_range_x': [-2, 2]}",<function generate_sim_data at 0x770b1a6888b0>,1,2,"[{'n_iter': 200, 'patience': 100, 'input_size': 1, 'h_sizes': [40, 40]}]",[<class 'models.NueralNet'>],300,1,False,False,,,0.6,,,,,,,199,214,208,292,0.9748743718592965,0.9326923076923077,0.9685314685314685,0.9486301369863014,naive_on_y
0.6,800,500,True,False,"{'transform_func': <function transform_X at 0x770b545fb370>, 'beta': array([1, 2, 3, 4]), 'uniform_range_x': [-2, 2]}",<function generate_sim_data at 0x770b1a6888b0>,1,2,"[{'n_iter': 200, 'patience': 100, 'input_size': 1, 'h_sizes': [40, 40]}]",[<class 'models.NueralNet'>],300,1,False,False,False,True,0.5999999999999659,0.81,0.26,0.5999999999999659,0.81,0.83,3.0,205,211,211,289,1.0,0.9715639810426541,0.9965397923875432,0.9965397923875432,CS_on_mean
0.6,800,500,True,False,"{'transform_func': <function transform_X at 0x770b545fb370>, 'beta': array([1, 2, 3, 4]), 'uniform_range_x': [-2, 2]}",<function generate_sim_data at 0x770b1a6888b0>,1,2,"[{'n_iter': 200, 'patience': 100, 'input_size': 1, 'h_sizes': [40, 40]}]",[<class 'models.NueralNet'>],300,1,False,False,,,0.6,,,,,,,206,209,211,289,1.0,0.976303317535545,0.993127147766323,1.0,naive_on_mean
0.6,800,500,True,False,"{'transform_func': <function transform_X at 0x770b545fb370>, 'beta': array([1, 2, 3, 4]), 'uniform_range_x': [-2, 2]}",<function generate_sim_data at 0x770b1a6888b0>,1,2,"[{'n_iter': 200, 'patience': 100, 'input_size': 1, 'h_sizes': [40, 40]}]",[<class 'models.NueralNet'>],300,1,False,True,True,True,0.5999999999999659,0.87,-0.020000000000000018,0.5999999999999659,0.87,0.9766666666666667,25.0,126,277,215,285,1.0,0.586046511627907,1.0,0.7824561403508772,CS_on_y
0.6,800,500,True,False,"{'transform_func': <function transform_X at 0x770b545fb370>, 'beta': array([1, 2, 3, 4]), 'uniform_range_x': [-2, 2]}",<function generate_sim_data at 0x770b1a6888b0>,1,2,"[{'n_iter': 200, 'patience': 100, 'input_size': 1, 'h_sizes': [40, 40]}]",[<class 'models.NueralNet'>],300,1,False,False,,,0.6,,,,,,,196,214,215,285,0.9846938775510204,0.8976744186046511,0.9615384615384616,0.9649122807017544,naive_on_y
0.6,800,500,True,False,"{'transform_func': <function transform_X at 0x770b545fb370>, 'beta': array([1, 2, 3, 4]), 'uniform_range_x': [-2, 2]}",<function generate_sim_data at 0x770b1a6888b0>,1,2,"[{'n_iter': 200, 'patience': 100, 'input_size': 1, 'h_sizes': [40, 40]}]",[<class 'models.NueralNet'>],300,1,False,False,False,True,0.6000000000000227,0.8066666666666666,0.23666666666666658,0.6000000000000227,0.8066666666666666,0.87,7.0,190,201,202,298,1.0,0.9405940594059405,0.9966555183946488,1.0,CS_on_mean
0.6,800,500,True,False,"{'transform_func': <function transform_X at 0x770b545fb370>, 'beta': array([1, 2, 3, 4]), 'uniform_range_x': [-2, 2]}",<function generate_sim_data at 0x770b1a6888b0>,1,2,"[{'n_iter': 200, 'patience': 100, 'input_size': 1, 'h_sizes': [40, 40]}]",[<class 'models.NueralNet'>],300,1,False,False,,,0.6,,,,,,,196,199,202,298,1.0,0.9702970297029703,0.9900332225913622,1.0,naive_on_mean
0.6,800,500,True,False,"{'transform_func': <function transform_X at 0x770b545fb370>, 'beta': array([1, 2, 3, 4]), 'uniform_range_x': [-2, 2]}",<function generate_sim_data at 0x770b1a6888b0>,1,2,"[{'n_iter': 200, 'patience': 100, 'input_size': 1, 'h_sizes': [40, 40]}]",[<class 'models.NueralNet'>],300,1,False,True,True,True,0.6000000000000227,0.85,-0.14666666666666672,0.6000000000000227,0.85,0.9533333333333334,11.0,140,269,207,293,1.0,0.6763285024154589,1.0,0.78839590443686,CS_on_y
0.6,800,500,True,False,"{'transform_func': <function transform_X at 0x770b545fb370>, 'beta': array([1, 2, 3, 4]), 'uniform_range_x': [-2, 2]}",<function generate_sim_data at 0x770b1a6888b0>,1,2,"[{'n_iter': 200, 'patience': 100, 'input_size': 1, 'h_sizes': [40, 40]}]",[<class 'models.NueralNet'>],300,1,False,False,,,0.6,,,,,,,190,204,207,293,0.968421052631579,0.8888888888888888,0.956081081081081,0.9658703071672355,naive_on_y
